time_hours,I2_center_nM,S2_free_center_nM,S2_total_center_nM,I2_edge_nM,S2_free_edge_nM,S2_total_edge_nM
0.0,100.0,0.0,0.0,100.0,0.0,0.0
0.016666666666666666,99.98575379334112,0.04777908667384921,1.1986452467226723,99.87552234166674,0.41793531818475427,10.270547906532387
0.03333333333333333,99.95582750651509,0.10068221733959452,3.6555754272421312,99.63746876056958,0.803676153125239,28.69020297184025
0.05,99.91255519847635,0.1461177062472493,7.148987401747458,99.31686598652881,1.0897833081560215,51.8750693290045
0.06666666666666667,99.85797884605533,0.18502438932399418,11.492116317903704,98.93545316780015,1.30657616372795,77.4913617250279
0.08333333333333333,99.79331991040415,0.22011835198686505,16.564745923532342,98.50634736977615,1.482367190088884,104.07456842637193
0.1,99.71917343463029,0.2534833292155308,22.29434795014769,98.03749940043095,1.6341467872226683,130.69073000955038
0.11666666666666667,99.63571400701515,0.2865276289155066,28.638434615928766,97.53392964125811,1.771575651978223,156.725940346788
0.13333333333333333,99.54282803436531,0.32022738274912604,35.57314893578409,96.99895944632587,1.9002831493859687,181.76925576932123
0.15,99.44019127632386,0.3553077991219589,43.08620266278549,96.43488812922423,2.023686753431342,205.54637607345686
0.16666666666666666,99.32731357806104,0.39235208609959193,51.172347082290734,95.84337944687383,2.1439437287518435,227.88007310318787
0.18333333333333332,99.20356457669193,0.4318649817826098,59.83026693319823,95.22569245734776,2.262459678501221,248.6650786277972
0.2,99.06818823364765,0.47431048353619876,69.0602694033527,94.5828253611383,2.3801720095405594,267.85110243917455
0.21666666666666667,98.92031063392974,0.5201349654221624,78.86241648591582,93.91560828445604,2.4977155598151444,285.43061577136007
0.23333333333333334,98.75894383979917,0.5697817530987079,89.23488996437818,93.22476486121415,2.6155240212039494,301.429544007097
0.25,98.58298714619627,0.6237004907118746,100.17249591933638,92.51095344809603,2.7338949814834326,315.89983332583284
0.26666666666666666,98.39122712083244,0.6823530596866068,111.66523184494515,91.77479499591935,2.8530334646804714,328.91328216424495
0.2833333333333333,98.18233711222113,0.7462170038762335,123.69690425951734,91.01689152944344,2.973082269415158,340.55629890305977
0.3,97.95487693912727,0.815786893461284,136.24380138505296,90.23783795789906,3.0941438199906997,350.92538926639156
0.31666666666666665,97.70729341413248,0.891573729107299,149.2734500987608,89.43822906189858,3.2162962564979254,360.12326395795634
0.3333333333333333,97.43792238834175,0.974102240119025,162.74350643545995,88.61866300767427,3.3396053328444086,368.2555050190445
0.35,97.1449930929553,1.0639057200738566,176.60084681725007,87.77974245098312,3.464132988862922,375.42775365799014
0.36666666666666664,96.82663568782188,1.1615178477261958,190.78094249021072,86.92207413083977,3.589943013908573,381.74339179413215
0.38333333333333336,96.48089309873407,1.2674607550258954,205.20761115674483,86.04626777073042,3.7171039161929578,387.30169019099344
0.4,96.10573842032086,1.3822284418128676,219.79324565655435,85.15293507269996,3.8456888978015966,392.1963919111459
0.4166666666666667,95.69909935413219,1.5062645357516662,234.43961739417733,84.24268958606721,3.975772686338949,396.5146937852476
0.43333333333333335,95.25889129610945,1.6399334249197997,249.03933930582488,83.31614823695267,4.10742489247369,400.3365826457837
0.45,94.78306070985026,1.783484054578325,263.47804668575566,82.37393529257969,4.240699573332608,403.73447854915713
0.4666666666666667,94.26964021331194,1.937006318786294,277.6373116907123,81.41668947280316,4.375620830341124,406.77313488102425
0.48333333333333334,93.71681622665501,2.1003811432705315,291.3982474142421,80.4450747688144,4.512164615715556,409.5097454723387
0.5,93.12300892689142,2.2732271547379055,304.6456808215427,79.45979523848553,4.650237518405732,411.9942116748186
0.5166666666666667,92.48696251882322,2.4548492233282446,317.27268492648517,78.46161357876431,4.789654162385802,414.26952749062957
0.5333333333333333,91.80784147108871,2.644196827661546,329.1851689865347,77.45137261518344,4.930115902861168,416.3722477685288
0.55,91.08532561469045,2.8398424112003573,340.30614712123565,76.43001804079445,5.071194534518075,418.3330123049405
0.5666666666666667,90.31969439408526,3.039990586630818,350.57926212768206,75.39861990786447,5.212325360611895,420.1771062707439
0.5833333333333334,89.51188891158431,3.242527020864793,359.9711553852464,74.35838973737093,5.352813754977602,421.92504342514405
0.6,88.66354061488619,3.445110401065035,368.4723622162878,73.31068992145705,5.491857914389903,423.59316196525424
0.6166666666666667,87.77695816999045,3.645302516115127,376.0965751732981,72.25703256692591,5.628587820115418,425.1942231337527
0.6333333333333333,86.85506925579993,3.8407221735350316,382.87833177756954,71.19906614458436,5.762117002987694,426.73800037632117
0.65,85.90132018731623,4.02920155750544,388.8694079238792,70.13854990480363,5.891600548298674,428.2318440560216
0.6666666666666666,84.91954392618472,4.208921308452244,394.1343624998019,69.07731828469431,6.016290890915311,429.6812035864089
0.6833333333333333,83.91381002637299,4.378504818041788,398.7457765735301,68.01723856931761,6.135583265645774,431.0900912383839
0.7,82.8882729495159,4.537061017670022,402.7796972901798,66.96016632018264,6.249044896931888,432.46147472298566
0.7166666666666667,81.84703309281369,4.684175777647271,406.3116916218012,65.90790287737305,6.35642553033126,433.79759279235697
0.7333333333333333,80.79402106850632,4.819861215642581,409.4137549345091,64.86215848060519,6.4576504908770405,435.1001952883399
0.75,79.73291085061413,4.944477530068863,412.15215574851857,63.82452330873492,6.55280013046031,436.370715273648
0.7666666666666667,78.66706273404583,5.05864293826931,414.5861646701113,62.79644739051986,6.642080814584557,437.6103848573006
0.7833333333333333,77.59949348763888,5.163144905393722,416.7675292109929,61.77922917662974,6.725792560150496,438.82030780116486
0.8,76.53286894690623,5.258861731198742,418.740517469475,60.774011741265134,6.804297480522576,440.00150139176293
0.8166666666666667,75.4695134772533,5.346699318324896,420.54235238693394,59.78178513364651,6.877991872491422,441.15491818556524
0.8333333333333334,74.41143098411864,5.427544205795944,422.2038800637401,58.80339330086655,6.947283353363123,442.28145562572485
0.85,73.36033238263673,5.502231883941655,423.7503504102237,57.83954390365336,7.012573520353666,443.3819597462837
0.8666666666666667,72.31766676371412,5.571527836497005,425.20221868094745,56.89082007967016,7.074245758185327,444.4572257093705
0.8833333333333333,71.28465266764788,5.636118430015403,426.5759128088159,55.95769278113788,7.1326574518173755,445.50799826602173
0.9,70.26230818863922,5.69660893349316,427.88453133669094,55.04053313235806,7.18813573316513,446.5349726789269
0.9166666666666666,69.25147874992075,5.753526280508572,429.13845646206465,54.13962426482333,7.240975871392048,447.5387965825819
0.9333333333333333,68.25286201938678,5.807324712793977,430.3458784235424,53.25517232104014,7.291441528987297,448.52007276169314
0.95,67.26702980092169,5.858392927176236,431.51323492355954,52.38731646510153,7.339766245543458,449.4793626418622
0.9666666666666667,66.29444697243143,5.9070617660795115,432.64557340116806,51.53613784299829,7.386155655925983,450.417190225311
0.9833333333333333,65.33548768038273,5.953611824175077,433.7468457984892,50.701667506119286,7.430790080383722,451.3340462134596
1.0,64.39044907095946,5.998280592265451,434.820145831532,49.883893355259374,7.473827233125034,452.23039210095266
1.0166666666666666,63.45956286254929,6.041268935974861,435.867898282078,49.08276618685984,7.5154048815041445,453.1066640797633
1.0333333333333334,62.54300506024912,6.082746826159707,436.8920088845649,48.29820493404503,7.555643352197889,453.96327664475297
1.05,61.64090409256715,6.122858314427351,437.8939822575681,47.53010119687478,7.594647827018565,454.80062583743313
1.0666666666666667,60.753347621736324,6.161725792892028,438.8750141862047,46.77832315249547,7.632510403023662,455.61909210054307
1.0833333333333333,59.880388247367854,6.199453601880296,439.8360634907565,46.04271892895969,7.669311912784366,456.41904274248424
1.1,59.02204829181283,6.236131059894472,440.77790776249395,45.32311951804083,7.7051235139528975,457.2008340287822
1.1166666666666667,58.17832382639919,6.271834991922071,441.7011864256552,44.6193412934733,7.740008064934184,457.96481292913273
1.1333333333333333,57.34918807156634,6.306631828728819,442.60643389340623,43.931188192370094,7.774021307280347,458.71131855478205
1.15,56.534594281138325,6.340579343515506,443.4941050150143,43.25845360948958,7.807212876693133,459.4406833234171
1.1666666666666667,55.734478201514584,6.373728084821836,444.3645945469672,42.60092204673455,7.839627164175142,460.1532338885521
1.1833333333333333,54.94876018017434,6.40612255680644,445.21825200682906,41.95837055383716,7.871304047575845,460.84929186851474
1.2,54.177346984255834,6.437802190595198,446.05539297031504,41.33056999060332,7.902279511977714,461.52917440725525
1.2166666666666666,53.42013337872277,6.468802143580663,446.87630763584366,40.71728613630693,7.932586175358543,462.1931945958199
1.2333333333333334,52.677003504412774,6.499153957510026,447.68126729494526,40.11828066776257,7.962253733937334,462.8416617797937
1.25,51.94783208875042,6.528886100951,448.47052920140186,39.533312024179665,7.99130933967486,463.4748817745636
1.2666666666666666,51.232485515808584,6.558024417242796,449.2443402186133,38.9621361740282,8.0197779206211,464.09315700700824
1.2833333333333334,50.53082277746654,6.586592495257731,450.0029395366808,38.404507296744995,8.04768245320491,464.6967865992785
1.3,49.8426963234262,6.6146119771441,450.74656068262505,37.86017839010959,8.075044194159211,465.286066407716
1.3166666666666667,49.16795282463313,6.642102814604287,451.4754329946469,37.328901812453815,8.101882878558158,465.86128902767587
1.3333333333333333,48.50643386205589,6.669083483109648,452.18978269095714,36.810429767485594,8.128216889398413,466.42274377305785
1.35,47.85797655068743,6.695571161690444,452.8898336326991,36.30451473835705,8.15406340326918,466.9707166376828
1.3666666666666667,47.22241410694543,6.721581884499804,453.57580785675043,35.810909876649816,8.179438515905725,467.50549024425237
1.3833333333333333,46.599576366285596,6.74713066918262,454.2479259360351,35.32936935115249,8.204357350792614,468.0273437854619
1.4,45.989290256738016,6.772231626130299,454.9064072111226,34.85964866063956,8.228834153453455,468.53655296086947
1.4166666666666667,45.3913802331813,6.796898051935643,455.5514699263271,34.40150491430314,8.252882373626573,469.03338991233255
1.4333333333333333,44.80566867643964,6.821142509741755,456.18333129547375,33.954697083021195,8.276514737160314,469.51812316017674
1.45,44.231976260691525,6.844976898677611,456.80220751638336,33.51898622425091,8.299743309158023,469.991017541738
1.4666666666666666,43.67012229219033,6.868412514168106,457.4083137484725,33.09413568300275,8.322579549651365,470.4523341534924
1.4833333333333334,43.11992502189326,6.891460100581451,458.00186406433755,32.679911271066736,8.345034362872587,470.9023302976552
1.5,42.581201934261415,6.914129897411538,458.58307138350494,32.276081426421136,8.367118141023752,471.341259433855
1.5166666666666666,42.05377001421543,6.936431679980635,459.15214739449874,31.882417354546007,8.38884080329716,471.7693711362789
1.5333333333333334,41.53744599399851,6.958374795475767,459.70930246983085,31.49869315318579,8.410211830784457,472.18691105651516
1.55,41.03204658150203,6.979968194990907,460.25474557734844,31.12468592195045,8.431240297810886,472.59412089218887
1.5666666666666667,40.53738867144284,7.001220462135757,460.7886841904877,30.7601758580102,8.451934900152255,472.99123836138557
1.5833333333333333,40.05328954063955,7.022139838677001,461.3113241993056,30.40494633902125,8.472303980521277,473.3784971827806
1.6,39.57956702851343,7.042734247604534,461.822869823657,30.05878399431715,8.492355551655535,473.75612706133336
1.6166666666666667,39.1160397038345,7.063011313951965,462.32352352949187,29.721478765308767,8.512097317289898,474.12435367936297
1.6333333333333333,38.66252701864221,7.082978383650754,462.8134859489603,29.39282395595546,8.531536691257738,474.483398692793
1.65,38.218849450190525,7.102642540655063,463.29295580478714,29.072616274098106,8.550680814930628,474.8334797323287
1.6666666666666667,37.78482863169704,7.122010622539819,463.7621298392125,28.760655864380215,8.569536573179345,475.17481040931966
1.6833333333333333,37.36028747261416,7.141089234745554,464.2212027476689,28.456746333425844,8.588110609013285,475.5076003260512
1.7,36.94505026908518,7.159884763620223,464.67036711726877,28.16069476789078,8.606409337036997,475.83205509020576
1.7166666666666666,36.53894280519928,7.178403388386932,465.10981337010736,27.872311745956733,8.62443895584367,476.14837633323566
1.7333333333333334,36.14179244561541,7.19665109215063,465.5397297113301,27.591411342795283,8.642205459452054,476.45676173239195
1.75,35.753428220085475,7.2146336720417645,465.96030208187784,27.317811130489773,8.659714647879294,476.75740503615873
1.7666666666666666,35.37368090037106,7.2323567485828955,466.3717141157923,27.051332172867703,8.67697213693225,477.0504960928493
1.7833333333333334,35.002383070015995,7.249825774354524,466.7741471019446,26.79179901566378,8.693983367290409,477.33622088212945
1.8,34.63936918740669,7.26704604202608,467.1677799500354,26.53903967240402,8.71075361294442,477.6147615492385
1.8166666666666667,34.28447564252557,7.284022691811815,467.55278916070733,26.292885606373954,8.72728798904855,477.886296441691
1.8333333333333333,33.93754080777756,7.3007607184040495,467.9293487995998,26.053171709008662,8.743591459238344,478.1510001482508
1.85,33.598405083246995,7.31726497743027,468.29763047518105,25.819736275019075,8.759668842459387,478.4090435399762
1.8666666666666667,33.266910936720805,7.33354019147616,468.6578033201832,25.592420974547526,8.775524819348906,478.66059381314705
1.8833333333333333,32.942902938794425,7.349590955711754,469.01003397647224,25.37107082262535,8.791163938206914,478.9058145338928
1.9,32.62622779335872,7.3654217431546485,469.3544865831853,25.155534146187026,8.806590620591088,479.14486568434967
1.9166666666666667,32.31673436374897,7.3810369096000885,469.6913227679699,24.945662548877944,8.821809166564998,479.3779037101854
1.9333333333333333,32.01427369482153,7.396440698245567,470.02070164116355,24.741310873876813,8.836823759627684,479.6050815693359
1.95,31.718699031208978,7.411637244034094,470.34277979275674,24.542337164939045,8.851638471348792,479.8265487818105
1.9666666666666666,31.42986583199046,7.42663057773898,470.6577112919867,24.34860262585314,8.866257265732399,480.0424514804282
1.9833333333333334,31.147631782001614,7.44142462981025,470.9656476894138,24.159971578489387,8.880684003330117,480.2529324623552
2.0,30.8718567999958,7.4560232340002175,471.2667380213361,23.976311419607878,8.894922445121022,480.45813124132195
2.0166666666666666,30.602403043857144,7.470430130786436,471.56112881640615,23.797492576581483,8.908976256177285,480.65818410040856
2.033333333333333,30.339134913055435,7.484648970605796,471.84896410431355,23.62338846217887,8.92284900912949,480.85322414528616
2.05,30.081919048522398,7.4986833169145015,472.1303854264081,23.45387542854256,8.936544187446719,481.04338135781904
2.066666666666667,29.830624330119644,7.512536649086322,472.40553184813774,23.288832720487754,8.950065188544244,481.2287826499302
2.0833333333333335,29.585121871859524,7.526212365160704,472.67453997318387,23.128142428238977,8.963415326730614,481.4095519176427
2.1,29.345285015031486,7.5397137844513855,472.937543959181,22.971689439713103,8.976597836005572,481.5858100952168
2.1166666666666667,29.11098931937873,7.55304415002552,473.1946755349102,22.819361392450073,8.989615872718536,481.7576752093026
2.1333333333333333,28.88211255246214,7.566206631061567,473.4460640188629,22.671048625284858,9.002472518096914,481.9252624330411
2.15,28.658534677341276,7.579204325095088,473.69183633907676,22.526644129847945,9.015170780653133,482.0886841400435
2.1666666666666665,28.44013783869558,7.592040260158902,473.9321170541449,22.38604350197477,9.027713598477836,482.2480499581886
2.183333333333333,28.226806347502105,7.604717396825647,474.1670283753115,22.249144893099,9.040103841427042,482.4034668231832
2.2,28.01842666438025,7.617238630158396,474.3966901895631,22.11584896169853,9.05234431320934,482.55503903182785
2.216666666666667,27.814887381707972,7.629606791575329,474.6212200836349,21.98605882485809,9.064437753380139,482.70286829494495
2.2333333333333334,27.616079204608365,7.6418246506343985,474.840733368853,21.859680010007175,9.07638683924803,482.8470537899198
2.25,27.42189493090028,7.653894916742219,475.0553431067367,21.73662040688752,9.088194187698925,482.9876922128149
2.2666666666666666,27.232229430101707,7.665820240792582,475.26516013528874,21.616790219799825,9.09986235694275,483.1248778300204
2.283333333333333,27.046979621569633,7.6776032167382375,475.4702930959073,21.500101920175442,9.111393848187362,483.25870252940405
2.3,26.866044451855817,7.689246383100612,475.67084846085316,21.38647019951479,9.122791107244264,483.3892558709325
2.316666666666667,26.68932487135341,7.700752224420368,475.866930561211,21.27581192273063,9.134056526069159,483.5166251367311
2.3333333333333335,26.51672381030533,7.7121231726531025,476.0586416152882,21.16804608193104,9.14519244424212,483.6408953805589
2.35,26.348146154241295,7.723361608512239,476.24608175739303,21.06309375067355,9.156201150389807,483.76214947667626
2.3666666666666667,26.183498718906886,7.734469862763253,476.42934906694234,20.96087803871913,9.167084883553725,483.8804681680813
2.3833333333333333,26.0226902247441,7.745450217471141,476.6085395978478,20.86132404731168,9.17784583450699,483.9959301140991
2.4,25.865631270979968,7.756304879795123,476.78374738072563,20.764358825006177,9.188486132724641,484.1086119230087
2.4166666666666665,25.71223430986083,7.767036086659117,476.95506455438243,20.66991132437364,9.19900789984941,484.21858824937357
2.433333333333333,25.56241361885868,7.77764596335515,477.12258125836644,20.57791235821396,9.209413182341182,484.32593177424985
2.45,25.416085274855643,7.788136606300894,477.28638574032067,20.488294557704943,9.21970398864787,484.4307132834506
2.466666666666667,25.273167127015093,7.7985100707385655,477.44656437359265,20.400992330543378,9.229882285882217,484.5330017076829
2.4833333333333334,25.133578769617962,7.80876837021394,477.60320168603334,20.315941819764905,9.239950000119325,484.6328641653218
2.5,24.997241514802727,7.818913477302316,477.75638038995464,20.23308086321558,9.24990901724697,484.73036600497306
2.5166666666666666,24.86407836523064,7.828947324497516,477.9061814122198,20.1523489536763,9.259761183904073,484.8255708474046
2.533333333333333,24.734013986707307,7.838871805114032,478.0526839243049,20.073687199645224,9.269508308419917,484.9185406267681
2.55,24.60697468079197,7.848688774174455,478.1959653722831,19.99703828678331,9.279152161733407,485.0093356310927
2.566666666666667,24.48288835742428,7.858400049275207,478.33610150670074,19.922346440027095,9.288694478287866,485.0980145420472
2.5833333333333335,24.3616845075967,7.868007411429054,478.47316641231816,19.849557386371906,9.298136956899363,485.18463447396545
2.6,24.243294176098946,7.877512605884544,478.6072325376964,19.77861831832744,9.307481261599865,485.26925101213976
2.6166666666666667,24.127649934358963,7.886917342923301,478.7383707246041,19.709477858046643,9.31672902245538,485.35191825038055
2.6333333333333333,24.014685853403428,7.89622329863477,478.86665023723,19.64208602212796,9.325881836359482,485.4326888278467
2.65,23.904337476959128,7.905432115670654,478.99213879117906,19.576394187089814,9.334941267804313,485.51161396514897
2.6666666666666665,23.79654179471499,7.914545403978743,479.1149025822385,19.512355055515723,9.343908849628837,485.58874349973195
2.683333333333333,23.691237215763163,7.9235647415175094,479.2350063148975,19.449922622867245,9.35278608374609,485.6641259205374
2.7,23.58836354223615,7.932491674952105,479.35251323060544,19.389052144961592,9.361574441849625,485.7378084019566
2.716666666666667,23.48786194315569,7.941327720331794,479.46748513575824,19.329700106109783,9.370275366100167,485.8098368370758
2.7333333333333334,23.389674928507844,7.950074363750996,479.5799824293981,19.2718241879108,9.378890269793791,485.88025587022287
2.75,23.293746323557592,7.958733061992705,479.6900641306184,19.21538323869654,9.387420538011032,485.949108928821
2.7666666666666666,23.200021243415094,7.967305243156406,479.7977879056617,19.16033724362186,9.395867528249166,486.01643825455665
2.783333333333333,23.108446067864758,7.97579230727044,479.9032100947039,19.1066472953935,9.404232571037547,486.08228493387213
2.8,23.018968416467196,7.984195626888964,480.00638573831486,19.054275565631393,9.41251697053602,486.1466889277864
2.816666666666667,22.93153712394331,7.992516547675013,480.1073686035896,19.00318527685522,9.42072200511845,486.2096891010569
2.8333333333333335,22.846102215848756,8.000756388968906,480.20621120994275,18.953340675089073,9.428848927940445,486.2713232506887
2.85,22.762614884546156,8.00891644434383,480.30296485456154,18.90470700307635,9.436898967492992,486.3316281338
2.8666666666666667,22.68102746548184,8.016997982147823,480.39767963751143,18.85725047409711,9.44487332814163,486.39063949485507
2.8833333333333333,22.601293413772858,8.025002246033173,480.4904044864907,18.81093824637966,9.452773190652202,486.4483920922712
2.9,22.523367281109465,8.032930455473782,480.58118718123023,18.765738398097923,9.460599712703598,486.5049197244117
2.9166666666666665,22.44720469297762,8.040783806270193,480.6700743775356,18.72161990294611,9.468354029387056,486.5602552549726
2.933333333333333,22.372762326205297,8.04856347104337,480.7571116309686,18.67855260628179,9.476037253694017,486.6144306377744
2.95,22.299997886835868,8.056270599717207,480.8423434201674,18.636507201828582,9.483650476991569,486.6674769409679
2.966666666666667,22.228870088331288,8.06390631999006,480.9258131698014,18.595455208929373,9.49119476948648,486.71942437066394
2.9833333333333334,22.15933863010718,8.071471737795772,481.0075632731636,18.55536895034098,9.498671180677887,486.77030229399827
3.0,22.09136417640157,8.07896793775423,481.0876351143957,18.516221530561047,9.506080739799291,486.82013926163916
3.0166666666666666,22.02490833547837,8.086395983612368,481.1660690903501,18.4779868146779,9.513424456250144,486.868963029751
3.033333333333333,21.959933639166437,8.093756918674897,481.242904632085,18.44063940773415,9.520703320016912,486.91680058142117
3.05,21.8964035227345,8.101051766225913,481.3181802259971,18.404154634594548,9.527918302084442,486.9636781475618
3.066666666666667,21.83428230510196,8.108281529941078,481.39193343458913,18.36850852030896,9.535070354837535,487.00962122729516
3.0833333333333335,21.773535169385088,8.115447194291177,481.4642009168775,18.333677770960957,9.542160412453681,487.05465460783563
3.1,21.714128143777984,8.122549724936457,481.5350184484377,18.2996397549928,9.549189391286003,487.09880238387365
3.1166666666666667,21.65602808276712,8.12959006911271,481.60442094109266,18.266372484997486,9.556158190237799,487.14208797647564
3.1333333333333333,21.599202648678176,8.136569156009047,481.6724424622439,18.233854599968595,9.56306769112849,487.1845341515071
3.15,21.54362029355362,8.143487897137433,481.7391162538492,18.202065347998747,9.569918759050971,487.22616303759065
3.1666666666666665,21.489250241358953,8.150347186694681,481.80447475104955,18.17098456941751,9.576712242721534,487.2669961436077
3.183333333333333,21.43606247051573,8.157147901916057,481.8685496004465,18.140592680359656,9.58344897482066,487.307054375752
3.2,21.384027696758892,8.163890903421967,481.93137167803474,18.110870656754784,9.59012977232739,487.34635805414774
3.216666666666667,21.333117356315917,8.170577035557214,481.9929711067924,18.08180001872933,9.59675543684554,487.3849269290389
3.2333333333333334,21.28330358940503,8.17720712672272,482.05337727393214,18.053362815412132,9.60332675492272,487.42278019656044
3.25,21.23455922404971,8.183781989700464,482.11261884781743,18.025541610134866,9.609844498362184,487.45993651410026
3.2666666666666666,21.186857760206305,8.19030242197182,482.17072379454606,17.998319466018533,9.616309424528085,487.49641401526054
3.283333333333333,21.140173354201618,8.1967692060286,482.2277193942063,17.971679931937622,9.622722276643394,487.5322303244285
3.3,21.094480803477207,8.203183109678298,482.2836322568087,17.94560702885338,9.629083784082042,487.5674025709642
3.316666666666667,21.049755531636873,8.209544886342245,482.3384883378975,17.920085236507887,9.635394662653734,487.6019474030149
3.3333333333333335,21.005973573793884,8.215855275348066,482.3923129538457,17.895099480470734,9.641655614883348,487.63588100096484
3.35,20.9631115622142,8.222115002215565,482.44513079683855,17.870635119530153,9.647867330283535,487.6692190905275
3.3666666666666667,20.92114671225207,8.228324778937205,482.49696594954844,17.84667793342067,9.654030485621922,487.7019769554906
3.3833333333333333,20.880056808574174,8.234485304251953,482.547841899506,17.82321411087935,9.660145745182144,487.7341694501195
3.4,20.839820191668377,8.240597263914337,482.597781553173,17.800230238022948,9.666213761019227,487.7658110112308
3.4166666666666665,20.800415744633277,8.246661330957147,482.6468072497186,17.77771328703833,9.67223517320976,487.7969156699397
3.433333333333333,20.761822880244527,8.252678165949062,482.6949407745064,17.75565060517866,9.678210610096183,487.82749706309227
3.45,20.72402152829386,8.258648417246878,482.7422033722933,17.734029904058023,9.68414068852626,487.8575684443886
3.466666666666667,20.686992123196887,8.264572721242455,482.7886157601496,17.71283924923724,9.690026014087064,487.8871426952055
3.4833333333333334,20.650715591865463,8.270451702604426,482.83419814009744,17.692067050093794,9.695867181333933,487.9162323351236
3.5,20.6151733418406,8.276285974515144,482.87897021148046,17.671702049968776,9.70166477401483,487.9448495321703
3.5166666666666666,20.580347249681754,8.282076138902605,482.9229511830621,17.65173331658426,9.707419365289619,487.97300611278155
3.533333333333333,20.546219649608407,8.287822786667446,482.9661597848611,17.632150232724094,9.713131517944658,488.0007135714919
3.55,20.51277332238976,8.293526497905507,483.00861427972734,17.612942487171754,9.718801784603025,488.02798308035835
3.566666666666667,20.47999148447844,8.2991878421255,483.05033247466224,17.59410006589871,9.72443070792988,488.0548254981255
3.5833333333333335,20.44785777738403,8.304807378462428,483.0913317318882,17.575613243496964,9.730018820833882,488.0812513791386
3.6,20.416356257282388,8.310385655886323,483.1316289796724,17.557472574849594,9.735566646663928,488.1072709820097
3.6166666666666667,20.38547138485653,8.315923213407013,483.1712407229082,17.539668887033287,9.741074699402134,488.1328942780446
3.6333333333333333,20.355188015365094,8.321420580274475,483.21018305345933,17.522193271446746,9.746543483852438,488.1581309594364
3.65,20.325491388934207,8.326878276174838,483.24847166027035,17.50503707615937,9.751973495825046,488.1829904472306
3.6666666666666665,20.296367121068755,8.332296811422683,483.2861218392488,17.488191898474366,9.757365222317379,488.2074818990693
3.683333333333333,20.26780119337904,8.337676687149305,483.32314850292215,17.471649577700752,9.762719141691063,488.23161421671927
3.7,20.239779944518755,8.343018395486823,483.35956618987467,17.455402188128815,9.768035723844882,488.255396053389
3.716666666666667,20.212290061330354,8.348322419748945,483.39538907396866,17.439442032203697,9.773315430384597,488.2788358208421
3.7333333333333334,20.18531857019391,8.353589234607531,483.4306309733525,17.423761633891857,9.77855871478883,488.3019416963101
3.75,20.158852828575455,8.3588193062658,483.46530535926127,17.4083537322354,9.78376602257137,488.3247216292117
3.7666666666666666,20.132880516771074,8.364013092627848,483.4994253646144,17.393211275089183,9.788937791440462,488.34718334768286
3.783333333333333,20.10738962984278,8.369171043464837,483.5330037924123,17.378327413035894,9.794074451454447,488.3693343649231
3.8,20.082368469742523,8.374293600577374,483.5660531239375,17.363695493474385,9.799176425174034,488.3911819853616
3.816666666666667,20.057805637620458,8.379381197955075,483.5985855267647,17.349309054876525,9.804244127811913,488.41273331065037
3.8333333333333335,20.033690026313906,8.384434261932324,483.6306128625818,17.335161821208125,9.809277967378513,488.4339952454871
3.85,20.010010813013213,8.389453211341168,483.6621466948276,17.321247696509445,9.814278344825336,488.45497450327264
3.8666666666666667,19.986757452101042,8.394438457660849,483.6931982961483,17.307560759631023,9.819245654184746,488.47567761160803
3.8833333333333333,19.963919668161385,8.399390405164569,483.72377865567853,17.29409525912055,9.824180282707518,488.49611091763586
3.9,19.941487449154927,8.40430945106251,483.75389848614793,17.280845608256712,9.829082610996602,488.51628059322815
3.9166666666666665,19.91945103975717,8.409195985642945,483.7835682308205,17.267806380225984,9.833953013138974,488.53619264002776
3.933333333333333,19.897800934856004,8.414050392409436,483.81279807026567,17.254972303438443,9.838791856834213,488.5558528943454
3.95,19.87652787320525,8.418873048216012,483.8415979289701,17.242338256978776,9.843599503520688,488.5752670319161
3.966666666666667,19.855622831230956,8.42366432339886,483.8699774817873,17.22989926618879,9.848376308498626,488.59444057252006
3.9833333333333334,19.835077016987118,8.428424581905936,483.89794616023573,17.217650498377754,9.853122621051474,488.613378884472
4.0,19.81488186425765,8.433154181423292,483.9255131586416,17.205587258657058,9.857838784563693,488.63208718897977
4.016666666666667,19.79502902680139,8.437853473499354,483.9526874401349,17.193704985895728,9.862525136637109,488.6505705643798
4.033333333333333,19.775510372737052,8.442522803666307,483.97947774249997,17.181999248793414,9.867182009204049,488.6688339502494
4.05,19.756317979065066,8.447162511559062,484.0058925838829,17.170465742067606,9.871809728638667,488.68688215140185
4.066666666666666,19.737444126323304,8.451772931031702,484.03194026836064,17.15910028275188,9.876408615865575,488.7047198417657
4.083333333333333,19.718881293373663,8.456354390271665,484.05762889137424,17.147898806601997,9.88097898646651,488.72235156815236
4.1,19.700622152316722,8.460907211911493,484.08296634502807,17.13685736460695,9.88552115078468,488.7397817539156
4.116666666666666,19.682659563531463,8.465431713138267,484.1079603232609,17.125972119601837,9.890035414026903,488.7570147025045
4.133333333333334,19.66498657083735,8.46992820580085,484.13261832688806,17.11523934297987,9.8945220763637,488.7740546009143
4.15,19.647596396775977,8.474396996514702,484.1569476685202,17.10465541150055,9.898981433027263,488.7909055230376
4.166666666666667,19.630482438009587,8.478838386764952,484.18095547736147,17.094216804191387,9.903413774407571,488.80757143291777
4.183333333333334,19.613638260833756,8.483252673006971,484.2046487038877,17.083920099340492,9.907819386146118,488.824056187909
4.2,19.59705759680171,8.487640146764937,484.22803412440965,17.07376197157742,9.91219854922818,488.8403635417439
4.216666666666667,19.580734338457653,8.492001094728543,484.2511183455226,17.063739189039755,9.916551540072954,488.85649714751315
4.233333333333333,19.56466253517661,8.49633579884764,484.2739078084464,17.053848610623042,9.920878630621912,488.87246056055835
4.25,19.548836389108352,8.500644536424781,484.29640879325524,17.044087183311618,9.925180088425058,488.8882572412793
4.266666666666667,19.533250251222942,8.504927580205946,484.31862742300433,17.03445193958805,9.929456176725695,488.90389055786187
4.283333333333333,19.51789861745555,8.509185198469694,484.340569667752,17.024939994918924,9.933707154543697,488.91936378892626
4.3,19.50277612494826,8.51341765511385,484.36224134848146,17.015548545314793,9.937933276756388,488.9346801260963
4.316666666666666,19.487877548386493,8.517625209741002,484.38364814092455,17.00627486496213,9.942134794178179,488.94984267649585
4.333333333333333,19.47319779642794,8.521808117742086,484.4047955792896,16.997116303925218,9.946311953638865,488.9648544651723
4.35,19.458731908221708,8.52596663037788,484.4256890598949,16.988070285915985,9.950464998059335,488.97971843744835
4.366666666666666,19.444475050015647,8.53010099485939,484.4463338447111,16.97913430612977,9.954594166527148,488.9944374612065
4.383333333333334,19.430422511849645,8.534211454426233,484.46673506481454,16.970305929145113,9.958699694369084,489.0090143291057
4.4,19.416569704332954,8.538298248423489,484.486897723753,16.961582786885792,9.962781813223414,489.0234517607348
4.416666666666667,19.40291215550345,8.54236161237691,484.5068267008259,16.952962576643152,9.966840751109835,489.0377524047016
4.433333333333334,19.389445507766926,8.546401778066755,484.52652675428305,16.944443059157123,9.970876732498596,489.0519188406617
4.45,19.376165514914426,8.550418973600028,484.54600252444027,16.936022056754105,9.974889978377698,489.06595358128857
4.466666666666667,19.363068039215804,8.55441342348105,484.5652585367173,16.92769745154012,9.978880706319213,489.0798590741849
4.483333333333333,19.35014904858761,8.55838534868092,484.5842992045977,16.919467183647615,9.982849130543777,489.093637703739
4.5,19.337404613833545,8.562334966705322,484.60312883251464,16.9113292495343,9.986795461984169,489.10729179292645
4.516666666666667,19.324830905955682,8.566262491660883,484.62175161866116,16.90328170033256,9.99071990834734,489.12082360505934
4.533333333333333,19.312424193534742,8.57016813432047,484.6401716577306,16.89532264024789,9.994622674175202,489.1342353454844
4.55,19.300180840177738,8.574052102186947,484.6583929435859,16.88745022500499,9.998503960904497,489.14752916323147
4.566666666666666,19.288097302031325,8.577914599555479,484.6764193718617,16.87966266034005,10.00236396692485,489.16070715261293
4.583333333333333,19.276170125359286,8.581755827574854,484.69425474249823,16.87195820053792,10.00620288763622,489.1737713547777
4.6,19.2643959441825,8.585575984307505,484.71190276221205,16.864335147012802,10.010020915504843,489.1867237592189
4.616666666666666,19.252771477979888,8.589375264788059,484.7293670469019,16.856791846931184,10.013818240118283,489.1995663052375
4.633333333333334,19.24129352944887,8.593153861081001,484.7466511239945,16.849326691875834,10.017595048239123,489.2123008833636
4.65,19.229958982323765,8.59691196233686,484.7637584347277,16.841938116549546,10.021351523857582,489.2249293367351
4.666666666666667,19.218764799250817,8.600649754847527,484.78069233637734,16.834624597517504,10.025087848243462,489.23745346243726
4.683333333333334,19.207708019718268,8.604367422100342,484.79745610442484,16.827384651987167,10.028804199996419,489.24987501280214
4.7,19.196785758040303,8.608065144831013,484.81405293467054,16.820216836624486,10.032500755095908,489.26219569667074
4.716666666666667,19.185995201393343,8.611743101075483,484.83048594529106,16.81311974640541,10.036177686949358,489.27441718061704
4.733333333333333,19.17533360790351,8.61540146622078,484.84675817884425,16.806092013501647,10.03983516644022,489.2865410901382
4.75,19.16479830478388,8.61904041305483,484.8628726042228,16.79913230619966,10.043473361974153,489.2985690108076
4.766666666666667,19.15438668652033,8.62266011181517,484.878832118556,16.79223932785188,10.04709243952507,489.310502489396
4.783333333333333,19.144096213104756,8.626260730236876,484.89463954906415,16.785411815859202,10.050692562679826,489.3223430349586
4.8,19.133924408314414,8.629842433599253,484.9102976548629,16.778648540683847,10.054273892682051,489.334092119892
4.816666666666666,19.123868858036275,8.633405384771795,484.92580912872256,16.77194830489163,10.057836588475285,489.34575118095796
4.833333333333333,19.11392720863524,8.636949744259086,484.9411765987804,16.765309942222853,10.06138080674502,489.35732162027915
4.85,19.10409716536507,8.640475670244694,484.95640263020914,16.758732316690878,10.064906701959805,489.3688048063051
4.866666666666666,19.09437649082098,8.643983318634685,484.97148972684283,16.752214321707537,10.068414426412334,489.38020207474943
4.883333333333334,19.08476300343286,8.647472843099402,484.9864403327592,16.745754879234756,10.071904130258297,489.39151472950095
4.9,19.075254575997995,8.650944395115237,485.00125683382123,16.739352938961353,10.07537596155594,489.40274404350697
4.916666666666667,19.06584913425237,8.654398124005056,485.01594155917917,16.733007477504454,10.078830066303762,489.41389125963127
4.933333333333334,19.056544655479545,8.657834176977945,485.03049678273265,16.726717497634706,10.082266588478058,489.4249575914872
4.95,19.0473391671561,8.661252699168259,485.0449247245553,16.72048202752459,10.085685670069333,489.4359442242464
4.966666666666667,19.03823074563278,8.66465383367348,485.0592275522822,16.714300120019153,10.089087451118177,489.44685231542337
4.983333333333333,19.02921751485037,8.668037721592114,485.0734073824606,16.70817085192845,10.092472069750704,489.4576829956385
5.0,19.020297645089393,8.671404502059818,485.0874662818657,16.702093323341117,10.095839662212564,489.46843736935733
5.016666666666667,19.011469351752865,8.674754312285643,485.10140626878274,16.696066656958347,10.099190362903032,489.47911651560946
5.033333333333333,19.002730894181088,8.678087287587065,485.11522931425407,16.69008999744774,10.102524304408027,489.4897214886857
5.05,18.994080574497815,8.681403561424483,485.12893734329555,16.6841625108164,10.105841617532406,489.5002533188156
5.066666666666666,18.985516736486883,8.684703265435022,485.14253223607943,16.67828338380265,10.109142431331932,489.51071301282514
5.083333333333333,18.977037764498526,8.687986529465553,485.1560158290873,16.672451823285932,10.112426873144367,489.5211015547744
5.1,18.968642082384676,8.691253481605196,485.16938991623226,16.66666705571419,10.115695068620036,489.5314199065786
5.116666666666666,18.960328152462374,8.694504248217218,485.1826562499528,16.660928326548326,10.118947141751878,489.5416690086093
5.133333333333334,18.952094474504698,8.6977389539699,485.19581654227636,16.65523489972318,10.122183214904485,489.5518497802788
5.15,18.943939584758375,8.700957721867322,485.20887246585636,16.64958605712452,10.125403408843304,489.5619631206083
5.166666666666667,18.93586205498747,8.704160673279109,485.221825654982,16.64398109808157,10.128607842762458,489.57200990877806
5.183333333333334,18.92786049154241,8.707347927969915,485.2346777065606,16.63841933887464,10.131796634312755,489.5819910046633
5.2,18.919933534453715,8.710519604127994,485.2474301810752,16.632900112257335,10.134969899628487,489.59190724935354
5.216666666666667,18.912079856549784,8.713675818393503,485.26008460351653,16.627422766992964,10.138127753354212,489.6017594656571
5.233333333333333,18.904298162598106,8.71681668588587,485.2726424642908,16.621986667404723,10.14127030867074,489.61154845859147
5.25,18.896587188469276,8.719942320231288,485.2851052201035,16.61659119293917,10.144397677320777,489.62127501585906
5.266666666666667,18.888945700323212,8.723052833588703,485.2974742948199,16.61123573774267,10.147509969633758,489.63093990830924
5.283333333333333,18.88137249381706,8.726148336676104,485.3097510803034,16.6059197102504,10.15060729455063,489.64054389038733
5.3,18.873866393334072,8.729228938796094,485.32193693723144,16.60064253278746,10.153689759647813,489.65008770057085
5.316666666666666,18.86642625123306,8.73229474786046,485.3340331958901,16.595403641181864,10.156757471160883,489.65957206179223
5.333333333333333,18.8590509471178,8.735345870415086,485.3460411569479,16.59020248438889,10.159810534007635,489.66899768185056
5.35,18.851739387125868,8.73838241166353,485.357962092209,16.585038524126638,10.162849051810728,489.67836525381074
5.366666666666666,18.844490503236436,8.74140447549101,485.3697972453477,16.579911234522243,10.165873126920356,489.6876754563921
5.383333333333334,18.837303252596453,8.74441216448703,485.38154783262166,16.574820101768605,10.168882860435415,489.6969289543442
5.4,18.83017661686482,8.74740557996809,485.3932150435682,16.569764623791222,10.171878352225429,489.7061263988135
5.416666666666667,18.823109601574018,8.750384821999942,485.40480004168165,16.564744309924823,10.174859700951265,489.7152684276991
5.433333333333334,18.81610123550871,8.75334998941926,485.4163039650726,16.559758680599572,10.177827004085849,489.7243556659977
5.45,18.80915057010097,8.756301179854935,485.42772792711054,16.55480726703645,10.180780357934434,489.73338872613954
5.466666666666667,18.80225667884158,8.75923848974887,485.4390730170486,16.549889610951652,10.18371985765401,489.7423682083142
5.483333333333333,18.79541865670703,8.762162014376491,485.4503403006328,16.545005264269633,10.186645597273213,489.75129470078724
5.5,18.788635619601827,8.765071847866702,485.4615308206949,16.54015378884461,10.189557669710863,489.76016878020846
5.516666666666667,18.781906703815622,8.767968083221792,485.47264559773004,16.53533475619021,10.192456166795154,489.76899101190986
5.533333333333333,18.775231065494857,8.770850812336453,485.48368563045824,16.530547747217067,10.195341179281446,489.777761950197
5.55,18.768607880128474,8.773720126016947,485.4946518963723,16.52579235197808,10.198212796870761,489.7864821386306
5.566666666666666,18.76203634204739,8.776576113999292,485.50554535227053,16.52106816942117,10.201071108226758,489.7951521103015
5.583333333333333,18.755515663937253,8.779418864967807,485.5163669347765,16.51637480714921,10.203916200993755,489.8037723880966
5.6,18.749045076364265,8.782248466572625,485.5271175608429,16.511711881187015,10.206748161813003,489.8123434849578
5.616666666666666,18.74262382731359,8.785065005447418,485.5377981282452,16.507079015755103,10.20956707633977,489.820865904134
5.633333333333334,18.73625118174014,8.787868567226289,485.54840951605985,16.5024758430501,10.21237302925927,489.8293401394253
5.65,18.729926421131292,8.790659236560712,485.55895258513186,16.497902003031474,10.215166104302979,489.83776667542094
5.666666666666667,18.723648843081307,8.793437097136039,485.56942817852786,16.493357143214524,10.217946384264213,489.8461459877303
5.683333333333334,18.71741776087708,8.796202231687566,485.57983712197955,16.48884091846938,10.220713951013527,489.85447854320716
5.7,18.711232503094948,8.798954722016413,485.5901802243143,16.48435299082583,10.223468885513624,489.86276480016824
5.716666666666667,18.705092413208256,8.801694649005087,485.6004582778744,16.479893029283815,10.226211267834577,489.87100520860525
5.733333333333333,18.698996849205386,8.804422092632649,485.6106720589262,16.475460709629424,10.228941177167906,489.8792002103908
5.75,18.692945183217986,8.80713713198965,485.6208223280569,16.471055714256178,10.231658691841144,489.88735023947936
5.766666666666667,18.686936801159064,8.809839845292988,485.6309098305635,16.466677731991556,10.234363889331714,489.8954557221019
5.783333333333333,18.680971102370815,8.81253030989996,485.6409352968286,16.462326457928462,10.237056846280574,489.9035170769548
5.8,18.675047499281767,8.81520860232261,485.65089944268846,16.458001593261557,10.239737638505957,489.9115347153851
5.816666666666666,18.6691654170731,8.817874798241476,485.66080296979067,16.453702845128372,10.242406341016146,489.9195090415686
5.833333333333333,18.66332429335384,8.820528972519076,485.6706465659424,16.449429926454922,10.245063028022813,489.92744045268427
5.85,18.65752357784472,8.823171199213359,485.6804309054498,16.44518255580577,10.247707772953598,489.93532933908426
5.866666666666666,18.651762732070477,8.82580155159068,485.69015664944885,16.440960457238454,10.250340648464526,489.9431760844571
5.883333333333334,18.6460412290603,8.828420102138507,485.69982444622616,16.436763360162,10.25296172645232,489.9509810659893
5.9,18.64035855305631,8.831026922578184,485.7094349315331,16.432590999199544,10.255571078066497,489.95874465452005
5.916666666666667,18.634714199229773,8.833622083877035,485.71898872889074,16.42844311405487,10.258168773720925,489.96646721469284
5.933333333333334,18.629107673404864,8.836205656260583,485.728486449887,16.424319449382747,10.260754883105642,489.9741491051032
5.95,18.623538491789784,8.838777709224336,485.73792869446606,16.420219754662988,10.263329475197999,489.9817906784413
5.966666666666667,18.618006180715064,8.84133831154543,485.7473160512108,16.416143784078052,10.265892618273938,489.98939228163175
5.983333333333333,18.612510276378746,8.84388753129411,485.7566490976166,16.41209129639416,10.268444379919016,489.99695425596866
6.0,18.607050324598443,8.8464254358448,485.76592840035937,16.40806205484579,10.270984827038886,490.0044769372483
6.016666666666667,18.60162588056991,8.84895209188719,485.7751545155555,16.404055827023413,10.273514025869956,490.0119606558966
6.033333333333333,18.596236508632067,8.851467565436907,485.7843279890158,16.40007238476445,10.27603204198982,490.0194057370938
6.05,18.590881782038256,8.853971921846105,485.79344935649254,16.396111504047276,10.278538940327183,490.0268125008968
6.066666666666666,18.58556128273356,8.85646522581403,485.80251914392034,16.392172964888232,10.281034785172032,490.0341812623564
6.083333333333333,18.580274601138047,8.85894754139683,485.81153786765,16.38825655124152,10.283519640185375,490.04151233163304
6.1,18.57502133593574,8.861418932017935,485.8205060346774,16.384362050901938,10.285993568408692,490.0488060141077
6.116666666666666,18.56980109386923,8.863879460477493,485.8294241428653,16.380489255410343,10.28845663227345,490.0560626104915
6.133333333333334,18.56461348953966,8.866329188962395,485.83829268116085,16.376637959961744,10.290908893610489,490.06328241693166
6.15,18.559458145212098,8.868768179055236,485.84711212980534,16.37280796331599,10.293350413658734,490.0704657251138
6.166666666666667,18.554334690625968,8.871196491743982,485.8558829605412,16.368999067710927,10.295781253074548,490.0776128223634
6.183333333333334,18.549242762810582,8.873614187430828,485.864605636811,16.36521107877801,10.29820147194016,490.08472399174286
6.2,18.544182005905494,8.87602132594126,485.8732806139532,16.36144380546024,10.300611129772395,490.09179951214657
6.216666666666667,18.539152070985626,8.878417966532572,485.88190833939206,16.3576970599324,10.303010285530892,490.0988396583937
6.233333333333333,18.534152615891035,8.880804167902749,485.89048925282265,16.353970657523483,10.305398997626716,490.10584470131823
6.25,18.52918330506112,8.883179988198695,485.899023786391,16.350264416641277,10.307777323930337,490.11281490785666
6.266666666666667,18.524243809373264,8.885545485024704,485.9075123648705,16.346578158699042,10.310145321779443,490.1197505411338
6.283333333333333,18.5193338059857,8.887900715450304,485.9159554058321,16.342911708044213,10.312503047987066,490.1266518605453
6.3,18.51445300177592,8.890245736018509,485.9243532201216,16.339264902865775,10.314850558849079,490.13351907791923
6.316666666666666,18.509601061747706,8.892580599243242,485.9327063346812,16.335637561839302,10.317187908341644,490.14035250047414
6.333333333333333,18.50477768100218,8.894905364506519,485.9410151411319,16.332029517720436,10.319515153530705,490.1471523738272
6.35,18.49998256031568,8.897220087141376,485.94928002428173,16.32844060591791,10.32183234951079,490.15391894061923
6.366666666666666,18.495215406025494,8.8995248215631,485.9575013641567,16.324870664445623,10.32413955060063,490.1606524409902
6.383333333333334,18.49047592989782,8.901819621659914,485.96567953580376,16.321319533865214,10.326436810577182,490.16735311243076
6.4,18.48576384899603,8.904104540859125,485.9738149090309,16.317787057227612,10.328724182736494,490.1740211896403
6.416666666666667,18.48107888555207,8.906379632140288,485.981907848256,16.31427308001551,10.331001719913864,490.1806569044468
6.433333333333334,18.476420766841432,8.908644948038352,485.9899587124444,16.310777450087308,10.333269474493402,490.18726048577656
6.45,18.47178922506169,8.910900540645025,485.9979678551086,16.307300017622563,10.335527498413567,490.19383215965667
6.466666666666667,18.467183997214505,8.913146461610538,486.00593562434966,16.303840635069076,10.337775843172025,490.20037214923866
6.483333333333333,18.462604824990894,8.915382762146669,486.0138623629245,16.300399157091377,10.3400145598305,490.2068806748344
6.5,18.45805145465965,8.917609493030463,486.0217484083289,16.296975440520715,10.342243699019775,490.21335795395925
6.516666666666667,18.45352363695879,8.919826704608385,486.0295940928919,16.29356934430643,10.34446331094459,490.21980420138055
6.533333333333333,18.4490211269899,8.922034446801279,486.037399743874,16.290180729468645,10.346673445389097,490.2262196291667
6.55,18.44454368411532,8.92423276910932,486.04516568356985,16.286809459052275,10.348874151721981,490.2326044467383
6.566666666666666,18.44009107185798,8.926421720617181,486.0528922294106,16.283455398082236,10.351065478901713,490.23895886091884
6.583333333333333,18.435663057803964,8.928601349999608,486.0605796940666,16.280118413519922,10.353247475482299,490.2452830759851
6.6,18.43125941350751,8.930771705526562,486.0682283855486,16.276798374220782,10.355420189618092,490.25157729371676
6.616666666666666,18.42687991439861,8.932932835068698,486.07583860730807,16.273495150893048,10.357583669069605,490.25784171344543
6.633333333333334,18.422524339692938,8.935084786102722,486.0834106583347,16.270208616057587,10.35973796120833,490.2640765321023
6.65,18.41819247230414,8.937227605716703,486.0909448332532,16.266938644008775,10.361883113022266,490.2702819442649
6.666666666666667,18.413884098758388,8.939361340615367,486.09844142241707,16.26368511077639,10.36401917112087,490.27645814220284
6.683333333333334,18.40959900911121,8.941486037125069,486.1059007119996,16.26044789408855,10.366146181740014,490.2826053159226
6.7,18.405336996866374,8.943601741199213,486.11332298408485,16.2572268733356,10.368264190747242,490.2887236532111
6.716666666666667,18.401097858896943,8.945708498422993,486.120708516754,16.2540219295349,10.370373243646362,490.29481333967783
6.733333333333333,18.39688139536833,8.947806354018368,486.12805758417124,16.250832945296608,10.372473385582296,490.30087455879703
6.75,18.392687409663356,8.94989535284916,486.135370456667,16.247659804790267,10.374564661346113,490.3069074919479
6.766666666666667,18.388515708309228,8.951975539425487,486.14264740081916,16.244502393712317,10.376647115379189,490.31291231845427
6.783333333333333,18.384366100906387,8.954046957908766,486.1498886795323,16.241360599254406,10.378720791778228,490.3188892156228
6.8,18.38023840005918,8.956109652116155,486.15709455211487,16.238234310072524,10.380785734299508,490.3248383587813
6.816666666666666,18.376132421308345,8.958163665525163,486.1642652743547,16.23512341625695,10.382841986363443,490.33075992131495
6.833333333333333,18.372047983065176,8.96020904127806,486.1714010985922,16.23202780930293,10.384889591058734,490.3366540747028
6.85,18.36798490654741,8.962245822186265,486.1785022737926,16.228947382082136,10.386928591146834,490.3425209885521
6.866666666666666,18.363943015716725,8.96427405073477,486.18556904561547,16.225882028814826,10.388959029066136,490.3483608306331
6.883333333333334,18.359922137217826,8.966293769086224,486.19260165648285,16.222831645042707,10.390980946936018,490.35417376691186
6.9,18.35592210031914,8.968305019085157,486.1996003456464,16.219796127602507,10.392994386560789,490.3599599615835
6.916666666666667,18.351942736854966,8.970307842262066,486.2065653492514,16.216775374600207,10.394999389433996,490.3657195771035
6.933333333333334,18.34798388116908,8.972302279837475,486.21349690040074,16.21376928538588,10.396995996742131,490.37145277421916
6.95,18.344045370059828,8.974288372725828,486.22039522921636,16.210777760529226,10.398984249368512,490.3771597119998
6.966666666666667,18.34012704272658,8.9762661615394,486.2272605628998,16.20780070179565,10.400964187897006,490.3828405478659
6.983333333333333,18.336228740717534,8.978235686592107,486.23409312579076,16.204838012123005,10.402935852616075,490.38849543761916
7.0,18.332350307878848,8.980196987903199,486.2408931394245,16.201889595598843,10.404899283521887,490.3941245354698
7.016666666666667,18.328491590305028,8.982150105201201,486.2476608225876,16.198955357438255,10.406854520322543,490.39972799406473
7.033333333333333,18.32465243629063,8.984095077927117,486.25439639137295,16.196035203962285,10.408801602441049,490.4053059645141
7.05,18.32083269628311,8.986031945238343,486.26110005923294,16.19312904257686,10.410740569019305,490.4108585964182
7.066666666666666,18.317032222836893,8.987960746012002,486.2677720370311,16.190236781752187,10.412671458921139,490.4163860378926
7.083333333333333,18.313250870568574,8.98988151884848,486.2744125330932,16.18735833100272,10.414594310735845,490.4218884355941
7.1,18.309488496113275,8.991794302074762,486.281021753257,16.1844936008676,10.416509162781548,490.42736593474433
7.116666666666666,18.305744958082037,8.993699133747715,486.2875999009199,16.18164250289151,10.418416053108302,490.4328186791549
7.133333333333334,18.302020117020337,8.995596051657493,486.2941471770865,16.17880494960609,10.420315019501432,490.43824681125
7.15,18.29831383536759,8.997485093330514,486.3006637804147,16.175980854511725,10.422206099484626,490.4436504720897
7.166666666666667,18.294625977417684,8.999366296033012,486.30714990726085,16.173170132059806,10.424089330323104,490.4490298013927
7.183333333333334,18.29095640928049,9.001239696773723,486.3136057517229,16.17037269763538,10.425964749026475,490.4543849375578
7.2,18.287304998844316,9.003105332307143,486.32003150568386,16.167588467540273,10.427832392351911,490.45971601768565
7.216666666666667,18.28367161573931,9.00496323913674,486.32642735885355,16.164817358976567,10.429692296807108,490.4650231775996
7.233333333333333,18.280056131301734,9.006813453517426,486.33279349880894,16.162059290030463,10.431544498653057,490.4703065518664
7.25,18.27645841853916,9.008656011458934,486.33913011103505,16.15931417965658,10.433389033907039,490.47556627381607
7.266666666666667,18.272878352096498,9.010490948728462,486.34543737896246,16.15658194766254,10.4352259383453,490.4808024755617
7.283333333333333,18.26931580822285,9.012318300853359,486.35171548400666,16.153862514694016,10.437055247505752,490.4860152880185
7.3,18.265770664739208,9.01413810312421,486.3579646056042,16.151155802220025,10.438876996690984,490.4912048409226
7.316666666666666,18.262242801006906,9.015950390597352,486.3641849212495,16.148461732518644,10.440691220970663,490.4963712628495
7.333333333333333,18.258732097896864,9.01775519809756,486.37037660652993,16.145780228663025,10.44249795518432,490.5015146812325
7.35,18.25523843775958,9.019552560220763,486.37653983516066,16.143111214507716,10.444297233943834,490.50663522237915
7.366666666666666,18.251761704395854,9.02134251133653,486.3826747790182,16.14045461467533,10.446089091635988,490.5117330114895
7.383333333333334,18.24830178302821,9.023125085590761,486.3887816081734,16.137810354543515,10.447873562425002,490.5168081726726
7.4,18.244858560273027,9.024900316907958,486.39486049092403,16.135178360232192,10.449650680254978,490.5218608289629
7.416666666666667,18.241431924113336,9.026668238993947,486.40091159382547,16.132558558591118,10.451420478852388,490.5268911023364
7.433333333333334,18.23802176387225,9.0284288853382,486.4069350817226,16.129950877187724,10.453182991728378,490.5318991137268
7.45,18.23462797018709,9.030182289216196,486.41293111777884,16.127355244295213,10.45493825218118,490.53688498304035
7.466666666666667,18.231250434984076,9.031928483691809,486.41889986350606,16.124771588880915,10.456686293298333,490.5418488291715
7.483333333333333,18.227889051453673,9.03366750161954,486.424841478793,16.122199840594977,10.458427147958965,490.54679077001765
7.5,18.224543714026463,9.035399375646922,486.4307561219334,16.1196399297592,10.460160848836207,490.55171092249344
7.516666666666667,18.221214318349666,9.03712413821671,486.43664394965367,16.117091787356202,10.461887428399239,490.55660940254506
7.533333333333333,18.217900761264172,9.038841821569015,486.4425051171391,16.114555345018793,10.463606918915444,490.5614863251642
7.55,18.214602940782136,9.040552457743544,486.44833977806064,16.112030535019603,10.46531935245261,490.5663418044018
7.566666666666666,18.211320756065106,9.042256078581788,486.45414808460004,16.109517290260893,10.46702476088104,490.57117595338156
7.583333333333333,18.20805410740265,9.043952715728846,486.459930187475,16.107015544264637,10.468723175875484,490.5759888843121
7.6,18.204802896191506,9.045642400635941,486.46568623596374,16.104525231162818,10.470414628917462,490.58078070850115
7.616666666666666,18.201567024915224,9.04732516456205,486.47141637792885,16.102046285687887,10.472099151296884,490.58555153636695
7.633333333333334,18.198346397124272,9.049001038576142,486.47712075984066,16.099578643163497,10.473776774114407,490.59030147745136
7.65,18.19514091741662,9.050670053559019,486.4827995267996,16.097122239495388,10.475447528283084,490.59503064043145
7.666666666666667,18.191950491418766,9.052332240205294,486.4884528225595,16.094677011162467,10.477111444530417,490.5997391331315
7.683333333333334,18.188775025767224,9.053987629025395,486.49408078954883,16.092242895208145,10.478768553400263,490.60442706253446
7.7,18.185614428090418,9.055636250347323,486.4996835688921,16.08981982923173,10.480418885254624,490.6090945347934
7.716666666666667,18.182468606991,9.0572781343186,486.5052613004307,16.087407751380162,10.482062470275487,490.613741655243
7.733333333333333,18.179337472028617,9.058913310907913,486.5108141227437,16.08500660033979,10.483699338466574,490.6183685284096
7.75,18.176220933703004,9.060541809907242,486.51634217316746,16.082616315328387,10.485329519655387,490.6229752580228
7.766666666666667,18.17311890343753,9.062163660933262,486.5218455878154,16.080236836087337,10.486953043494509,490.6275619470256
7.783333333333333,18.170031293563085,9.063778893429232,486.52732450159704,16.07786810287393,10.488569939463526,490.6321286975841
7.8,18.16695801730235,9.065387536666824,486.5327790482369,16.075510056453897,10.490180236871002,490.6366756110989
7.816666666666666,18.16389898875443,9.066989619747728,486.5382093602925,16.073162638094033,10.491783964855665,490.64120278821383
7.833333333333333,18.16085412287983,9.06858517160521,486.5436155691726,16.070825789555013,10.493381152388418,490.64571032882634
7.85,18.157823335485745,9.070174221005894,486.5489978051546,16.068499453084307,10.494971828273753,490.6501983320964
7.866666666666666,18.15480654321175,9.071756796551348,486.55435619740155,16.066183571409315,10.496556021151472,490.6546668964566
7.883333333333334,18.151803663515746,9.073332926679573,486.5596908739793,16.063878087730565,10.498133759498096,490.6591161196209
7.9,18.14881461466026,9.07490263966672,486.56500196187267,16.061582945715102,10.499705071628558,490.66354609859326
7.916666666666667,18.145839315699025,9.076465963628443,486.57028958700164,16.059298089489985,10.501269985697707,490.6679569296774
7.933333333333334,18.142877686463912,9.078022926521648,486.575553874237,16.05702346363592,10.502828529701873,490.67234870848466
7.95,18.13992964755207,9.079573556145863,486.5807949474161,16.054759013181034,10.504380731480074,490.6767215299429
7.966666666666667,18.136995120313436,9.081117880144696,486.5860129293577,16.052504683594734,10.505926618715883,490.68107548830477
7.983333333333333,18.134074026838466,9.082655926007241,486.5912079418765,16.050260420781733,10.507466218938406,490.6854106771555
8.0,18.131166289946176,9.084187721069684,486.5963801057982,16.04802617107617,10.508999559524097,490.6897271894216
