value_one,value_two,replicate_id,I2_center_final_nM,S2_free_center_final_nM,S2_total_center_final_nM,I2_edge_final_nM,S2_free_edge_final_nM,S2_total_edge_final_nM,half_time_center_hr,half_time_edge_hr,n_samples,wall_time_s,n_cells
0.049999999999999996,200.0,0,58.80014133331415,4.2042402244158685,418.7624873456242,50.223907918365136,5.946620548960503,436.5123075895123,1.0535979325619553,0.7349052629943521,481,128.9943463280797,10728
0.049999999999999996,300.0,0,69.39628578546242,2.646340087362829,392.5213772181239,60.538915471388975,3.9111798675697096,414.87662782422217,1.3588204078281296,0.9476809370433165,481,144.05459128692746,11012
0.049999999999999996,400.0,0,78.05061246901899,1.6878901083941518,363.2711433375604,0.0,2.8675128342919978,2.8675128342919978,1.64380453242011,,481,133.3966506011784,11212
0.049999999999999996,500.0,0,85.36353141466813,1.0295717257856518,325.4091591911187,76.4533444783198,1.8484082994042736,369.539282047373,1.9039599457077476,1.2684085028857564,481,125.63263970986009,11396
0.049999999999999996,600.0,0,90.15542341163538,0.6561027820780707,284.9843279564921,81.66240679812185,1.347934439757762,346.86599732118503,2.054955370923853,1.353505949577057,481,138.3390198200941,11402
0.049999999999999996,700.0,0,93.74146963270933,0.4014918900790475,235.57418561429964,86.21586791552461,0.959965363361006,319.5007287907664,2.13128862857717,1.4308306976419858,481,123.57634354569018,11474
0.049999999999999996,800.0,0,95.80799523155812,0.2632913715047796,191.3722539025977,89.31111780789598,0.7187624319036843,293.61251322119847,2.1307490762601216,1.4836611203328336,481,117.44415798410773,11436
0.049999999999999996,900.0,0,97.14880504885788,0.1766782041050252,151.2024747187635,91.68632435134428,0.5446625628603704,266.78104408744207,2.1012509866074915,1.5326433285236258,481,111.89314509555697,11524
0.049999999999999996,1000.0,0,97.99021960087076,0.1234910967458912,118.666435234398,0.0,0.4942240414760148,0.4942240414760148,2.06542724631088,,481,108.58923948742449,11544
0.09999999999999999,200.0,0,42.21061625919637,4.107300349368421,434.6690804928568,33.80907211567105,5.873415986995012,452.6261408894421,0.9263545024993407,0.5710055703911882,481,128.94200075045228,10728
0.09999999999999999,300.0,0,53.98374987085055,2.557371253630773,406.57678160336366,43.83917591836354,3.843284477929719,431.0415166669333,1.237382747499037,0.7725466110930862,481,131.0975004285574,11012
0.09999999999999999,400.0,0,65.0118529381198,1.6148073283046196,373.9327588867227,0.0,2.814536698014652,2.814536698014652,1.5321836068993413,,481,132.93413922190666,11212
0.09999999999999999,500.0,0,75.43812767944479,0.9772426657687556,331.58406608894376,62.4252341908397,1.8059700948317197,382.39935044066857,1.8037686543108837,1.108533138515949,481,126.73203075304627,11396
0.09999999999999999,600.0,0,82.85476500445492,0.6214406672548493,287.5277588362192,69.47775776715132,1.3182426089441737,357.6847715051569,1.966037513656283,1.2134286970536372,481,124.29913088865578,11402
0.09999999999999999,700.0,0,88.74636478400005,0.3811321752947867,235.43312200166,76.13308159699453,0.9408744459623524,328.0990027999148,2.0568725821218745,1.315233692438711,481,123.6121229827404,11474
0.09999999999999999,800.0,0,92.2944773309518,0.2511027324319259,190.1593404384288,80.95596291887652,0.7061588350721193,300.4794829720113,2.07049013615293,1.388898834728378,481,116.25472923927009,11436
0.09999999999999999,900.0,0,94.67190609050508,0.1693459702242221,149.73815924128886,84.84521012758444,0.5362858593347674,272.19075048731423,2.0541585278083785,1.4559374176373223,481,111.63361560180783,11524
0.09999999999999999,1000.0,0,96.1999704238671,0.1188876656735545,117.33889982295888,0.0,0.4889560207973578,0.4889560207973578,2.0290450778894185,,481,107.52916898950934,11544
0.15,200.0,0,33.03374169504587,4.054471543334997,443.4627974537202,25.53008986044937,5.833932123034536,460.74051614823287,0.8492516640849579,0.47549303383223246,481,129.14578256942332,10728
0.15,300.0,0,44.41106747574968,2.503474142630835,415.28816569637297,34.46761760496773,3.802607637559389,440.08523660475066,1.156186069289487,0.6622376166311796,481,129.35702243074775,11012
0.15,400.0,0,56.0810712866025,1.5664281441402663,381.1906690608552,0.0,2.7798335575744333,2.7798335575744333,1.4519944003671708,,481,135.33293083310127,11212
0.15,500.0,0,68.03800215220821,0.9398516601725696,336.11311210323873,52.96876901120107,1.7759499366625957,391.0017721289749,1.7282099932471005,0.995204034518086,481,123.28955833986402,11396
0.15,600.0,0,77.07792733911378,0.5952644359958787,289.4695392413461,60.68327904246932,1.296002519222322,365.42359986037496,1.8970331503688262,1.1091623817793268,481,123.9228830281645,11402
0.15,700.0,0,84.58944330404849,0.3649462291639727,235.2827786231214,68.36411171669849,0.9257847673925717,334.6622742501465,1.9975514730367365,1.224592284116303,481,123.21940947324038,11474
0.15,800.0,0,89.26714675241762,0.2410136762963137,189.11295676310203,74.19877102288073,0.6957747258875944,305.9824389847512,2.0213128967384035,1.3114543623453374,481,116.76835440844297,11436
0.15,900.0,0,92.48057979766656,0.1630653122437741,148.45363064537287,79.08844256990771,0.5291400617039556,276.7036373420749,2.0148659212432274,1.3910389425762284,481,111.35586292669177,11524
0.15,1000.0,0,94.5854780496536,0.1148362497663636,116.15158286087038,0.0,0.48433489102096,0.48433489102096,1.9981116392171367,,481,107.9262847546488,11544
0.19999999999999998,200.0,0,27.16913624848321,4.021012783079302,449.0805548195485,20.522510296624866,5.809076599078096,465.64364425064576,0.7947728122430489,0.4117450032713021,481,129.88910083286464,10728
0.19999999999999998,300.0,0,37.81297772620618,2.4669612589988392,421.2848912491596,28.4348946083062,3.775253575129302,445.89427347332094,1.0953303510277368,0.5850757748057985,481,129.3268639408052,11012
0.19999999999999998,400.0,0,49.4807816398928,1.531597549406228,386.5334401023615,0.0,2.755043355038925,2.755043355038925,1.3892208231983458,,481,133.74777066335082,11212
0.19999999999999998,500.0,0,62.20992759457909,0.9114244422768206,339.64134756334,46.10829823482932,1.7533138897773308,397.2023377733181,1.6674100572490393,0.9094931336487431,481,123.7578658387065,11396
0.19999999999999998,600.0,0,72.3183000960063,0.5745511210332856,291.0328281933268,53.98825271943327,1.2785307009544011,371.2688845678292,1.8407524150851888,1.0275702896185237,481,123.71391548402607,11402
0.19999999999999998,700.0,0,81.0308806848241,0.3516423805006451,235.14116751644625,62.15689688348302,0.9134505446933592,339.86195793493107,1.9485573987549376,1.1509224544874894,481,123.08727493882179,11474
0.19999999999999998,800.0,0,86.60609772699846,0.2324610736277877,188.1996444791832,68.59412239748583,0.6870127961756751,310.5084065692159,1.9801507099381586,1.2465521528999428,481,116.32343531399965,11436
0.19999999999999998,900.0,0,90.51464118730232,0.1575945935097752,147.3138499653081,74.15877161491896,0.5229415259710338,280.53688390108726,1.9815158184785957,1.3351383421958962,481,109.68354381807148,11524
0.19999999999999998,1000.0,0,93.11501562185262,0.1112282229795897,115.07999321392688,0.0,0.4802331307168864,0.4802331307168864,1.9715124602472691,,481,107.48930871114135,11544
0.25,200.0,0,23.08656964257281,3.99786122169488,452.9903717068604,17.162658607161845,5.79194718056478,468.9311341795179,0.7528686410225977,0.3656823219567778,481,129.5664334576577,10728
0.25,300.0,0,32.96333572772118,2.440464034326649,425.68870098830575,24.21565449492374,3.7555082266855626,449.9504012953312,1.0467168035716983,0.5275586588751404,481,145.0815055835992,11012
0.25,400.0,0,44.36151061430926,1.5051407029063435,390.6659829054549,0.0,2.736327783571272,2.736327783571272,1.3375489192568737,,481,133.0872778147459,11212
0.25,500.0,0,57.45154950152956,0.8888997395555902,342.5002819369016,40.8800105602278,1.7355023340527755,401.9014042202544,1.6164704939173338,0.8417991090267782,481,124.77185264974833,11396
0.25,600.0,0,68.28660861600048,0.5576182443262019,292.33756341759914,48.69691085284261,1.264340228415701,375.8563926330239,1.7932821458393677,0.9614739354321786,481,137.55132831819355,11402
0.25,700.0,0,77.92175674912987,0.3404370552365257,235.01477950211512,57.06253199860311,0.9031169375509636,344.0965036281126,1.9070400513160757,1.0895251743113774,481,122.8012032918632,11474
0.25,800.0,0,84.23137752075046,0.2250773570240169,187.39481522290325,63.85374814533333,0.6794831132823558,314.3065011131454,1.9450325334568146,1.191110750769683,481,116.72548311203718,11436
0.25,900.0,0,88.73132897307502,0.1527653662209148,146.29304665972072,69.87768215486457,0.5174924488489872,283.8404417242009,1.9528170334625805,1.286321811833384,481,109.3919040504843,11524
0.25,1000.0,0,91.7648292852504,0.1079835910731248,114.10550520638849,0.0,0.4765567745958974,0.4765567745958974,1.9484040280622337,,481,93.83568481728435,11544
