time_hours,I2_center_nM,S2_free_center_nM,S2_total_center_nM,I2_avg_nM,S2_free_avg_nM,S2_total_avg_nM,Th2_avg_nM
0.0,100.0,0.0,0.0,100.0,0.0,0.0,4999.999999999999
0.016666666666666666,100.0,1.8501864282848482e-10,1.8501864282848482e-10,100.0,1.244242319204228e-07,1.244242319204228e-07,4999.999999999999
0.03333333333333333,99.999999999889,1.6229326612013224e-09,5.6256138981675315e-08,99.99999992534548,1.0926178502290105e-06,3.7833211283705526e-05,4999.999962672731
0.05,99.99999999891719,7.587975064349022e-09,5.404826354495999e-07,99.9999992710948,5.114923635606225e-06,0.0003638393924245228,4999.999635547485
0.06666666666666667,99.99999999438356,2.518832747077832e-08,2.7892747365886836e-06,99.99999621502938,1.7002408224153517e-05,0.0018797431396555663,4999.998107516859
0.08333333333333333,99.99999997936989,6.670715879674473e-08,1.0219651797882157e-05,99.99998608051484,4.509415979793759e-05,0.006895444859167432,4999.993040284664
0.1,99.99999993971038,1.5014607265135923e-07,2.9821183923430615e-05,99.99995927018223,0.000101654200865696,0.02014643002811674,4999.97963531005
0.11666666666666667,99.999999763085,2.9878434948895155e-07,0.00011766914750347347,99.99983949774786,0.00020260257449345557,0.07971491973134363,4999.9197523882085
0.13333333333333333,99.999999446489,5.398770411719861e-07,0.00027524353996694794,99.99962447078865,0.00036665744066941865,0.18672589501091072,4999.812252624496
0.15,99.99999892025511,9.028504145241342e-07,0.000537320903155847,99.99926650213182,0.0006141199357814865,0.3649664666376858,4999.63331250215
0.16666666666666666,99.99999809848042,1.4173725731744419e-06,0.000946810966901272,99.99870663909175,0.000965555388194352,0.643843414669896,4999.353501843596
0.18333333333333332,99.99999688023607,2.1116113323159232e-06,0.0015541583469260319,99.99787544767497,0.0014405833573234625,1.0579742032945052,4998.938198448853
0.2,99.99999515155953,3.0108751478660522e-06,0.002416350458629847,99.99669435519026,0.002056912949624201,1.6464857075058976,4998.348293400404
0.21666666666666667,99.99999278794333,4.136713732010037e-06,0.0035956748116701153,99.99507736223447,0.0028296811902942796,2.4521130417971433,4997.5410944240775
0.23333333333333334,99.99998965704573,5.506466612743661e-06,0.005158363219487985,99.99293293951276,0.003771092446947822,3.5201898683671944,4996.471335989805
0.25,99.99998562139241,7.1331938211460404e-06,0.007173238831104302,99.99016595135727,0.0048903193967895844,4.897609667004008,4995.092216917205
0.26666666666666666,99.99998054089556,9.025898861870909e-06,0.009710453380668187,99.98667948414997,0.006193608370377525,6.631820481906759,4993.356403314075
0.2833333333333333,99.99997427507455,1.1189951426518395e-05,0.012840373082147626,99.98237649558058,0.007684528590507629,8.769897766559842,4991.216952596477
0.3,99.99996668491332,1.3627627282298004e-05,0.016632645964175234,99.97716123463837,0.009364310244102997,11.357723623172227,4988.628130642284
0.31666666666666665,99.9999576343305,1.633869860714737e-05,0.02115546287334353,99.97094040999497,0.011232225999779813,14.43928718486404,4985.546107629151
0.3333333333333333,99.99994699126908,1.93210251743912e-05,0.02647500921881218,99.96362410536307,0.013285981451787119,18.056110454290305,4981.929528480618
0.35,99.99993462843119,2.2571112562143235e-05,0.0326550943299333,99.95512645497078,0.015522090212443131,22.246796418886706,4977.739961274229
0.36666666666666664,99.99992042369749,2.6084616722224768e-05,0.0397569392167666,99.94536610144998,0.017936218089421415,27.04669128714635,4972.94223188311
0.38333333333333336,99.99990426027473,2.9856784440860674e-05,0.047839100622854784,99.93426646335368,0.020523487673164108,32.487649726277525,4967.504656037035
0.4,99.99988602661732,3.3882826623996004e-05,0.05695750865693144,99.92175584129394,0.023278739776598018,38.59789053696779,4961.399181394155
0.4166666666666667,99.9998656161659,3.815822635501229e-05,0.06716559623207809,99.90776739129116,0.02619675174306581,45.40192984496347,4954.60145254115
0.43333333333333335,99.99984292694309,4.267898679100783e-05,0.07851450042849409,99.89223899212175,0.029272414961641877,52.92057926968009,4947.090811438142
0.45,99.99981786104073,4.7441825657903974e-05,0.09105331828018212,99.87511303083932,0.03250087529396906,61.17099737375087,4938.850244967817
0.4666666666666667,99.99979032402906,5.24443237841337e-05,0.10482940204713799,99.85633612765761,0.03587764078271482,70.16678380111841,4929.866290137035
0.48333333333333334,99.99976022431191,5.768503510900567e-05,0.11988868155911642,99.8358588183179,0.03939866119256811,79.91810673006033,4920.128906257345
0.5,99.99972747244828,6.316356516927414e-05,0.13627600357180575,99.81363520911957,0.04306038379761242,90.43185550252309,4909.631322196063
0.5166666666666667,99.99969167602107,6.892483763563053e-05,0.15421206735666662,99.78948761229076,0.04688122877347223,101.78494189507404,4898.305447993757
0.5333333333333333,99.9996529963383,7.489239057776063e-05,0.1735922006009641,99.76348572255063,0.05082029576344716,113.91570336631275,4886.203815458725
0.55,99.99961134060428,8.110401852388451e-05,0.19446285813885159,99.73558980424683,0.054893010354173995,126.82297205892276,4873.327657263646
0.5666666666666667,99.99956661428648,8.756511833922074e-05,0.21687132605846832,99.70576191744543,0.05909844321054237,140.5031186928119,4859.680651545689
0.5833333333333334,99.99951872110253,9.428146239071486e-05,0.24086576242338506,99.67396581176874,0.06343597632271214,154.9501482249096,4845.268843367782
0.6,99.9994675623708,0.00010125998286922342,0.2664955231963918,99.6401666268001,0.06790551047384209,170.15587743551603,4830.100467639374
0.6166666666666667,99.99941303635035,0.00010850880541580275,0.29381149264940326,99.60433059835191,0.0725074652892238,186.1101152456807,4814.185769055185
0.6333333333333333,99.99935503759212,0.00011603724981871049,0.3228664081741227,99.56642478320458,0.07724275941686998,202.8008393435569,4797.536825654884
0.65,99.99929345630387,0.0001238558255089213,0.35371517801865415,99.52641680556684,0.08211278499386897,220.21436707044413,4780.167378066439
0.6666666666666666,99.99922817772962,0.00013197622626177552,0.3864151918340624,99.48427462664566,0.08711937934242332,238.3355194982639,4762.09266550524
0.6833333333333333,99.99915908154271,0.00014041132550595965,0.4210266243342797,99.43996633802924,0.09226479495595549,257.147778058505,4743.329269171595
0.7,99.99908604125145,0.00014917517281290765,0.45761273253607426,99.39345997923667,0.09755166829350163,276.6334333494362,4723.894963422169
0.7166666666666667,99.9990089236165,0.00015828299177869887,0.49624014709901537,99.34472337957949,0.10298298766492035,296.7737259410225,4703.808574898187
0.7333333333333333,99.99892758807917,0.00016775117929784328,0.5369791582748413,99.29372402435249,0.10856206035531851,317.5489791434037,4683.0898496468
0.75,99.99884188619909,0.00017759730608202443,0.5799039969222481,99.24042894529182,0.11429247905076817,338.9387238174239,4661.7593281593045
0.7666666666666667,99.99875166110112,0.00018784011816985844,0.6250931109592163,99.18480463519218,0.12017808757091368,360.92181539180837,4639.838228163788
0.7833333333333333,99.99865674693073,0.00019849953909491653,0.6726294375194406,99.12681698654436,0.1262229458798911,383.476543316209,4617.348334945228
0.8,99.99855696831742,0.00020959667232307776,0.7226006709592644,99.06643125403251,0.13243129433105166,406.58073322637995,4594.311898919048
0.8166666666666667,99.99845213984635,0.00022115380353366233,0.7750995267327536,99.00361204070482,0.1388075171007643,430.21184213026567,4570.751540151798
0.8333333333333334,99.99834206553831,0.0002331944023000369,0.830224001020587,98.93832330759632,0.1453561047801835,454.3470469443359,4546.6901595022255
0.85,99.99822653833859,0.00024574312272333956,0.8880776258682604,98.87052840653215,0.15208161611967305,478.96332672016143,4522.150856045617
0.8666666666666667,99.99810533961517,0.00025882580258722434,0.9487697194654765,98.80019013576626,0.15898863895714538,504.03753890373815,4497.156850442017
0.8833333333333333,99.99797823866763,0.0002724694606315185,1.0124156310860242,98.72727081801298,0.16608175040729212,529.5464899659016,4471.731413913458
0.9,99.99784499224765,0.0002867022915880895,1.0791369801103068,98.65173240030394,0.17336547644187097,555.4670007325828,4445.89780250522
0.9166666666666666,99.99770534409235,0.00030155365868224273,1.1490618884749673,98.57353657494752,0.1808442510498344,581.7759667297219,4419.679196320449
0.9333333333333333,99.99755902447203,0.00031705408337657137,1.2223252058394556,98.49264492068608,0.18852237522788615,608.4504138403288,4393.098643435047
0.95,99.99740574975363,0.00033323523221951204,1.2990687267309085,98.40901906293661,0.19640397611429353,635.4675495513521,4366.179008219933
0.9666666666666667,99.99724522198164,0.0003501299007554612,1.3794413989286531,98.32262085176957,0.20449296663849353,662.8048100464525,4338.942923819451
0.9833333333333333,99.99707712847727,0.00036777199455384556,1.463599522379212,98.23341255603214,0.21279300611289792,690.4399033782828,4311.4127485573845
1.0,99.99690114145794,0.0003861965075168158,1.5517069379918693,98.14135707176693,0.22130746223785594,718.3508489311231,4283.610526064793
1.0166666666666666,99.99671691767747,0.0004054394977242996,1.6439352057521563,98.0464181428197,0.23003937502248153,746.5160133624674,4255.557948945985
1.0333333333333334,99.99652409808834,0.00042553806116555455,1.740463771702976,97.94856059128513,0.23899142313976465,774.9141431910045,4227.276325819945
1.05,99.99632230752638,0.00044653030378215996,1.841480123475716,97.84775055521794,0.24816589323118737,803.5243941790612,4198.786551593392
1.0666666666666667,99.99611115441822,0.00046845531230301835,1.9471799342002822,97.74395573084729,0.2575646526519479,832.3263576405036,4170.1090808383915
1.0833333333333333,99.99589023051159,0.0004913531243820823,2.0577671947757707,97.637145616392,0.26718912610171897,861.3000837908183,4141.263904160904
1.1,99.99565911062815,0.0005152646985500785,2.1734543346335737,97.52729175448847,0.2770402765177723,890.4261022449782,4112.270527457172
1.1166666666666667,99.99541735243832,0.0005402318844600734,2.294462331262775,97.4143679702232,0.2871185905189099,919.6854397609992,4083.147953961694
1.1333333333333333,99.99516449625703,0.0005662973938424621,2.4210208088841916,97.29835060181424,0.29742406858281745,949.0596353228752,4053.9146689939384
1.15,99.99490006486,0.0005935047724899736,2.5533681267457555,97.17921872111086,0.3079562200207465,978.5307526557862,4024.588627310872
1.1666666666666667,99.99462356331867,0.0006218983734716014,2.6917514575607435,97.0569543412811,0.3187140626873823,1008.0813902688417,3995.1872429692676
1.1833333333333333,99.99433447885359,0.0006515233316328554,2.83642685661653,96.93154260932253,0.32969612723695596,1037.6946891257357,3965.7273815958893
1.2,99.99403228070437,0.0006824255392869771,2.987659322042509,96.80297198136029,0.340900465616047,1067.3543380510002,3936.2253549557163
1.2166666666666666,99.99371642001623,0.0007146516228484027,3.145722846642356,96.67123437906919,0.3523246633761363,1097.0445769883204,3906.6969176991356
1.2333333333333334,99.99338632974168,0.0007482489200165446,3.3109004615715447,96.53632532596306,0.36396585530100223,1126.750198236934,3877.1572661591326
1.25,99.99304142455772,0.0007832654569962993,3.483484271983351,96.39824406271481,0.3758207437808093,1156.4565458015732,3847.621039059876
1.2666666666666666,99.9926811007985,0.0008197499251511504,3.6637754845850456,96.25699364108888,0.3878856193296645,1186.149513000073,3818.102319989429
1.2833333333333334,99.99230473640343,0.0008577516564335692,3.8520844268528824,96.11258099646426,0.40015638263821235,1215.8155384798329,3788.61464148234
1.3,99.99191169088225,0.0008973205969306896,4.0487305574629815,95.96501699928673,0.4126285675770618,1245.4416007993113,3759.170990553145
1.3166666666666667,99.99150130529792,0.0009385072779028626,4.254042467319071,95.81431648610122,0.4252973646178878,1275.0152117331222,3729.7838155197096
1.3333333333333333,99.99107290226888,0.000981362783777166,4.468357870410203,95.66049827106536,0.4381576442126965,1304.524408458901,3700.4650339561554
1.35,99.99062578599226,0.0010259387166821172,4.692023583623087,95.50358513903453,0.45120397976210386,1333.95774478081,3671.226041618842
1.3666666666666667,99.9901592422901,0.0010722871572655852,4.925395494573378,95.34360382142806,0.46443066990384124,1363.3042815384804,3642.0777221953585
1.3833333333333333,99.98967253868018,0.001120460621714674,5.1688385165131505,95.180584956146,0.47783175995591975,1392.553576341621,3613.0304577354505
1.4,99.98916492447347,0.0011705120150820813,5.4227265294198235,95.0145630328052,0.49140106244803666,1421.6956727598422,3584.094139633834
1.4166666666666667,99.98863563089951,0.0012224945812054269,5.68744230647259,94.84557632451825,0.505132176763652,1450.7210890850215,3555.2781800473667
1.4333333333333333,99.98808387126101,0.0012764618496720762,5.963377425270407,94.67366680735603,0.5190185079886827,1479.620806770237,3526.591523642539
1.45,99.98750884111872,0.0013324675804211247,6.2509321633319965,94.49888006852859,0.533053285117303,1508.386258635596,3498.0426595830504
1.4666666666666666,99.98690971850667,0.0013905657066780295,6.550515377631862,94.32126520420104,0.547229578799103,1537.0093169176732,3469.639633680927
1.4833333333333334,99.98628566417823,0.001450810276979343,6.862544368154396,94.14087470774597,0.5615403188242986,1565.4822812262646,3441.3900606475645
1.5,99.98563582188203,0.0015132553970628928,7.187444725677239,93.95776434912614,0.5759783115363455,1593.7978664601958,3413.301136392941
1.5166666666666666,99.98495931866734,0.0015779551723720954,7.525650164212195,93.7719930460149,0.590536257336438,1621.9491907232614,3385.3796503317876
1.5333333333333334,99.98425526521724,0.0016449636518555927,7.877602338725359,93.58362272719727,0.6052067684057502,1649.9297632722928,3357.6319976643354
1.55,99.98352275620813,0.0017143347736401184,8.2437506489175,93.3927181887583,0.6199823867228129,1677.7334725218877,3330.0641916065374
1.5666666666666667,99.9827608706938,0.0017861223130239358,8.624552029963855,93.199346943556,0.6348556023998667,1705.3545741245573,3302.6818755502127
1.5833333333333333,99.98196867251214,0.0018603798330882495,9.02047073118441,93.0035790644905,0.6498188723073454,1732.7876791408073,3275.4903351375815
1.6,99.98114521071217,0.0019371606380655536,9.431978083639704,92.80548702211952,0.6648646389042461,1760.0277423108723,3248.4945102373017
1.6166666666666667,99.98028951999993,0.0020165177294450246,9.85955225762418,92.60514551722272,0.6799853491469013,1787.070050438237,3221.6990068105065
1.6333333333333333,99.97940062120078,0.0020985037646458755,10.303678010962674,92.40263130898137,0.6951734733125418,1813.9102108944555,3195.1081086559075
1.65,99.97847752173705,0.0021831710179565957,10.764846428911373,92.1980230395077,0.7104215235484673,1840.5441402549209,3168.7257890227834
1.6666666666666667,99.97751921611956,0.0022705713433274076,11.243554656330138,91.99140105552493,0.7257220719434199,1866.968053075849,3142.555722080072
1.6833333333333333,99.97652468645163,0.002360756138519612,11.740305622636228,91.78284722805661,0.7410677679150954,1893.1784508236167,3116.6012942289253
1.7,99.97549290294529,0.0024537763100596715,12.255607759879862,91.57244477103158,0.7564513547154592,1919.1721109685568,3090.865615245208
1.7166666666666666,99.97442282444926,0.0025496822384197195,12.78997471410751,91.36027805974204,0.7718656848727696,1944.9460762561455,3065.351529237668
1.7333333333333334,99.97331339898872,0.002648523742847027,13.343925050008457,91.14643245010541,0.7873037344138825,1970.4976441691592,3040.061625407035
1.75,99.97216356431687,0.0027503500452911132,13.917981948680621,90.93099409967623,0.8027586157406638,1995.8243565946877,3014.998248591137
1.7666666666666666,99.9709722484796,0.002855209732924447,14.512672898209258,90.71404979132974,0.8182235890681822,2020.9239897098428,2990.1635095813285
1.7833333333333334,99.96973837039339,0.0029631507188172626,15.12852937663166,90.49568676049759,0.8336920723675831,2045.7945440995861,2965.5592951961617
1.8,99.96846084043803,0.00307422020040408,15.76608652676572,90.2759925267779,0.8491576497915742,2070.4342351192927,2941.187278099163
1.8166666666666667,99.96713856106518,0.0031884646154649067,16.425882822311976,90.05505473067154,0.8646140785935225,2094.841483513563,2917.0489263489067
1.8333333333333333,99.96577042742392,0.0033059295954337656,17.108459724598518,89.8329609761138,0.8800552945811743,2119.0149063013855,2893.145512671133
1.85,99.96435532800494,0.003426659915937274,17.814361329325447,89.60979867938154,0.8954754161719618,2142.9533079360945,2869.478123444441
1.8666666666666667,99.96289214530437,0.0035506994445539206,18.54413400267912,89.38565492486191,0.9108687471382262,2166.6556717468343,2846.0476673930048
1.8833333333333333,99.96137975650856,0.003678091085867961,19.29832600622469,89.16061632807205,0.9262297781472287,2190.1211516663006,2822.8548839817613
1.9,99.95981703420125,0.00380887672396877,20.077487110045745,88.93476890622455,0.9415531872125052,2213.3490642476904,2799.9003515115064
1.9166666666666667,99.95820284709353,0.003943097162616288,20.88216819367987,88.70819795654145,0.956833839180249,2236.3388809718494,2777.184494913308
1.9333333333333333,99.95653606077786,0.004080792063354846,21.71292083449599,88.48098794243172,0.9720667843773052,2259.0902208438674,2754.707593243473
1.95,99.95481553850658,0.004221999881911215,22.570296883270505,88.25322238756736,0.9872472565466415,2281.6028432766525,2732.469786882067
1.9666666666666666,99.95304014199499,0.0043667578032583415,23.454848026841955,88.02498377781953,1.0023706701924093,2303.876641257498,2710.471084439498
1.9833333333333334,99.95120873224971,0.004515101675763101,24.367125337855413,87.79635347095099,1.017432617450333,2325.911634792296,2688.711369377099
2.0,99.94932017042139,0.0046670659448662995,25.307678811746037,87.56741161390529,1.032428864591173,2347.707964620878,2667.1904063487696
2.0166666666666666,99.94737331868181,0.004822683586764049,26.277056891252883,87.3382370674847,1.047355348255435,2369.265886195964,2645.907847271769
2.033333333333333,99.94536704112447,0.004981986042574008,27.27580597889743,87.108907338169,1.0622081715072849,2390.5857639174105,2624.8632371355
2.05,99.9433002046878,0.005145003153475492,28.304469938004008,86.87949851679754,1.076983599784937,2411.668065612824,2604.056019557734
2.066666666666667,99.94117168009944,0.005311763097311265,29.36358958297843,86.65008522381005,1.091678056814057,2432.513357255176,2583.4855420981444
2.0833333333333335,99.93898034284025,0.0054822923271285835,30.453702159695553,86.42074056072805,1.1062881205401678,2453.122297907748,2563.1510613392797
2.1,99.93672507412627,0.005656615512120928,31.57534081697213,86.1915360675448,1.1208105191261062,2473.4956348866067,2543.0517477451954
2.1166666666666667,99.93440476190653,0.005834755481405996,32.72903407021854,85.96254168568875,1.1352421270509818,2493.634199130793,2523.1866903079735
2.1333333333333333,99.93201830187456,0.006016733171044448,33.915305258467406,85.73382572622359,1.1495799613384998,2513.538900770504,2503.554900992208
2.15,99.92956459849117,0.006202567574664016,35.134671996068185,85.50545484295257,1.1638211779343788,2533.2107248837374,2484.1553189873207
2.1666666666666665,99.92704256601588,0.00639227569800952,36.387645620412854,85.27749401010158,1.1779630682456392,2552.6507274321334,2464.9868147772627
2.183333333333333,99.92445112954476,0.00658587251768789,37.67473063711725,85.05000650426578,1.1920030558480519,2571.860031367102,2446.0481940367954
2.2,99.9217892260512,0.006783370944323362,38.99642416412401,84.8230538903171,1.2059386933626908,2590.839822897672,2427.3382013631435
2.216666666666667,99.91905580542762,0.00698478179027904,40.35321537621708,84.59669601098392,1.2197676594976885,2609.591347911959,2408.8555238513477
2.2333333333333334,99.91624983152478,0.007190113742042211,41.745584951442716,84.37099097983,1.2334877562475315,2628.1159085445383,2390.598794521186
2.25,99.9133702831863,0.007399373337310025,43.174004520919055,84.14599517737601,1.2470969062389698,2646.414859882536,2372.5665956030707
2.2666666666666666,99.91041615527541,0.007612564946752449,44.63893612348548,83.92176325012353,1.260593150210086,2664.489606803637,2354.757461689801
2.283333333333333,99.90738645969155,0.007829690760373584,46.140831666596455,83.6983481122592,1.2739746446073739,2682.3416009397283,2337.169882760631
2.3,99.9042802263741,0.008050750778338124,47.680132394801674,83.47580094983212,1.2872396592842978,2699.972337760317,2319.8023070836075
2.316666666666667,99.9010965042913,0.008275742806081865,49.25726836707923,83.25417122721547,1.3003865752841781,2717.383353770286,2302.6531440016893
2.3333333333333335,99.89783436241187,0.008504662453483115,50.87265794420107,83.0335066956775,1.3134138826901045,2734.5762238169946,2285.720766607768
2.35,99.89449289065742,0.00873750313783568,52.526707287214556,82.81385340390298,1.3263201785247067,2751.552558502099,2269.0035143132613
2.3666666666666667,99.89107120083406,0.008974256090336708,54.219809868020064,82.59525571031958,1.3391041646834119,2768.314001693828,2252.4996953146283
2.3833333333333333,99.88756842754141,0.009214910365781849,55.95234599291839,82.37775629709648,1.3517646458856338,2784.8622281358034,2236.2075889617736
2.4,99.88398372905809,0.009459452855148843,57.7246823398919,82.16139618569451,1.3643005276297262,2801.198941148797,2220.125448032031
2.4166666666666665,99.880316288202,0.009707868300745433,59.53717151027536,81.946214753857,1.3767108141388598,2817.3258704220675,2204.251500913106
2.433333333333333,99.87656531316499,0.009960139313602089,61.39015159536638,81.73224975394093,1.3889946062867793,2833.244769891221,2188.5839536981375
2.45,99.87273003832107,0.01021624639280025,63.28394575842462,81.51953733249483,1.401151099494024,2848.9574156997087,2173.1209921957898
2.466666666666667,99.86880972500737,0.010476167946443665,65.21886183241504,81.30811205099857,1.413179581587068,2864.4656042412953,2157.8607838581233
2.4833333333333334,99.86480366227784,0.010739880314004115,67.19519193376406,81.0980069076843,1.4250794306146781,2879.7711502809952,2142.8014796287935
2.5,99.8607111676293,0.011007357789800333,69.2132120923216,80.88925336036498,1.436850112617673,2894.87588515212,2127.9412157140227
2.5166666666666666,99.85653158770002,0.011278572647399784,71.27318189765546,80.68188135019918,1.4484911793499269,2909.7816550271887,2113.278115278642
2.533333333333333,99.85226429894001,0.011553495164767918,73.37534416174972,80.47591932632544,1.4600022659502603,2924.4903192605643,2098.810290069415
2.55,99.84790870825445,0.011832093650025001,75.51992459813488,80.27139427130152,1.4713830885663886,2939.0037488007697,2084.5358419677777
2.566666666666667,99.84346425361942,0.012114334467706257,77.70713151744454,80.06833172728594,1.4826334419334923,2953.323824670483,2070.452864474056
2.5833333333333335,99.83893040467028,0.012400182065458202,79.93715553937164,79.866755822901,1.4937531969113655,2967.452436512291,2056.559444125172
2.6,99.83430666326329,0.01268959900113706,82.2101693209852,79.66668930071735,1.5047422979850626,2981.3914811983,2042.853661847821
2.6166666666666667,99.82959256401031,0.012982545970308259,84.5263273013663,79.46815354530072,1.5156007607350135,2995.142861501752,2029.3335942490542
2.6333333333333333,99.82478767478692,0.0132789818341753,86.88576546252678,79.27116861176272,1.5263286692832851,3008.708484828815,2015.9973148461847
2.65,99.81989159721424,0.01357886364799115,89.28860110658803,79.07575325475715,1.536926173723191,3022.090262008725,2002.84289523792
2.6666666666666665,99.81490396711413,0.013882146690028591,91.7349326492143,78.8819249578646,1.5473934875399427,3035.2901061405037,1989.8684062185994
2.683333333333333,99.80982445493865,0.014188784491202715,94.22483942931845,78.68969996330742,1.5577308850302083,3048.3099314944498,1977.0719188374053
2.7,99.80465276617251,0.014498728865451456,96.75838153508354,78.49909330193853,1.5679386987284518,3061.1516524666417,1964.4515054044075
2.716666666666667,99.79938864170984,0.014811929940990438,99.33559964637058,78.31011882344778,1.5780173168480047,3073.817182584698,1952.0052404452776
2.7333333333333334,99.79403185820416,0.015128336192560671,101.95651489361045,78.12278922672976,1.5879671807444171,3086.308433563037,1939.7312016065032
2.75,99.78858222839152,0.01544789447479054,104.62112873330462,77.93711609035883,1.5977887824085493,3098.6273144059182,1927.62747051291
2.7666666666666666,99.78303960138695,0.01577055005678649,107.32942284028384,77.75310990311714,1.607482661996198,3110.775730556541,1915.6921335792902
2.783333333333333,99.7774038629534,0.01609624665806241,110.08135901689501,77.57078009452374,1.617049405400691,3122.7555830905026,1903.923282777893
2.8,99.77167493574316,0.016424926485906422,112.87687911930442,77.39013506531329,1.6264896418743784,3134.5687679519533,1892.3190163635259
2.816666666666667,99.76585277951091,0.016756530274269692,115.71590500111817,77.21118221781558,1.635804041704148,3146.2171752307822,1880.877439557986
2.8333333333333335,99.75993739129831,0.017090997324247743,118.59833847452876,77.03392798618832,1.6449933139455701,3157.7026884792267,1869.596665195488
2.85,99.75392880558982,0.01742826554620822,121.52406128919866,76.85837786645801,1.654058204219681,3169.0271840663013,1858.474814330752
2.8666666666666667,99.7478270944385,0.017768271503598405,124.49293512908898,76.68453644632567,1.662999492575531,3180.1925305685077,1847.5100168113336
2.8833333333333333,99.74163236756219,0.018110950458450084,127.50480162743169,76.51240743469722,1.671817991421182,3191.200588195284,1836.700411815788
2.9,99.73534477240894,0.018456236418577583,130.55948240002928,76.3419936909001,1.6805145435250919,3202.05320824774,1826.0441483591608
2.9166666666666665,99.72896449419167,0.01880406218644639,133.65677909704505,76.17329725355084,1.6890900200891632,3212.752232609202,1815.5393857673023
2.933333333333333,99.72249175589155,0.019154359409672025,136.79647347342254,76.00631936904048,1.6975453188943095,3223.2994932662314,1805.184294121414
2.95,99.7159268182293,0.019507058633089467,139.97832747804102,75.84106051960845,1.7058813625186564,3233.6968118586956,1794.9770546742084
2.966666666666667,99.70926997960488,0.019862089352318504,143.20208336168025,75.67752045097676,1.7140990966281802,3243.945999257654,1784.915860239006
2.9833333333333334,99.7025215760046,0.020219380068733233,146.46746380382814,75.51569819952086,1.7221994883390024,3254.0488551697645,1774.9989155530452
3.0,99.6956819808759,0.020578858345732087,149.77417205832455,75.35559211895456,1.7301835246502302,3264.0071677670203,1765.2244376162162
3.0166666666666666,99.68875160496961,0.020940450866190632,153.12189211778863,75.19719990651053,1.7380522109458714,3273.8227133406504,1755.5906560063972
3.033333333333333,99.68173089614929,0.02130408349097204,156.51028889673123,75.04051862859939,1.7458065695640896,3283.4972559780804,1746.0958131725065
3.05,99.67462033916836,0.021669681318358107,159.93900843320603,74.88554474593374,1.7534476384317401,3293.032547261885,1736.7381647063335
3.066666666666667,99.66742045541449,0.02203716874425983,163.4076781088046,74.73227413810554,1.7609764697619676,3302.4303259897247,1727.5159795941684
3.0833333333333335,99.66013180262206,0.02240646952306157,166.91590688675066,74.5807021276074,1.7683941288126004,3311.6923179142836,1718.427540449198
3.1,99.65275497455245,0.022777506828948368,170.4632855678022,74.43082350329087,1.7757016927027482,3320.820235502301,1709.4711437255833
3.1166666666666667,99.64529060064295,0.023150203317565624,174.0493870636195,74.28263254325715,1.7829002492851136,3329.8157777118026,1700.645099915097
3.1333333333333333,99.63773934562458,0.02352448118786143,177.67376668721468,74.13612303717645,1.7899908960714548,3338.6806297867006,1691.947733727151
3.15,99.63010190910946,0.023900262243962123,181.3359624600493,73.99128830803542,1.79697473920858,3347.416463067967,1683.3773842529934
3.1666666666666665,99.62237902514826,0.02427746795693614,185.03549543530818,73.8481212333129,1.8038528925023507,3356.024934820612,1674.9324051148358
3.183333333333333,99.6145714617585,0.024656019526303478,188.77187003683534,73.70661426558583,1.8106264764871343,3364.507688075759,1666.6111646006034
3.2,99.6066800204245,0.025035837941156398,192.54457441318098,73.56675945256866,1.8172966175383058,3372.8663514871237,1658.412045784994
3.216666666666667,99.59870553556989,0.025416844040760663,196.35308080617412,73.42854845659102,1.823864447025471,3381.1025392012484,1650.3334466374697
3.2333333333333334,99.59064887400316,0.025798958574513732,200.19684593340605,73.29197257351908,1.830331100504053,3389.217850740874,1642.3737801177979
3.25,99.58251093433786,0.026182102261145923,204.07531138397894,73.15702275112741,1.8366977169432301,3397.2138709008577,1634.5314742597047
3.2666666666666666,99.5742926463879,0.026566195847055243,207.98790402685168,73.02368960692866,1.8429654379881062,3405.0921696560786,1626.804972243197
3.283333333333333,99.56599497053926,0.026951160163678163,211.93403643109255,72.89196344546936,1.8491354072542598,3412.8543020807942,1619.1927324560575
3.3,99.55761889709916,0.02733691618380425,215.91310729733146,72.76183427510091,1.8552087696528992,3420.501808278949,1611.693228545017
3.316666666666667,99.54916544562359,0.02772338507675215,219.924501899688,72.63329182423459,1.8611866707449307,3428.0362133249364,1604.3049494570685
3.3333333333333335,99.54063566422464,0.028110488262333533,223.96759253744267,72.50632555709112,1.8670702561224943,3435.4590272143614,1597.0263994713678
3.35,99.53203062885866,0.02849814746353883,228.04173899570793,72.38092468895422,1.8728606708165128,3442.771744824363,1589.8560982221534
3.3666666666666667,99.52335144259624,0.028886284757886745,232.146289014352,72.25707820093906,1.8785590587290082,3449.9758458830693,1582.7925807130853
3.3833333333333333,99.51459923487538,0.029274822627386902,236.28057876442494,72.134774854286,1.8841665620889378,3457.0727949477728,1575.8343973234014
3.4,99.50577516073909,0.029663684007075638,240.44393333133718,72.01400320419027,1.8896843209306597,3464.064041391464,1568.980113806254
3.4166666666666665,99.4968804000583,0.030052792332085822,244.6356672040434,71.8947516131787,1.8951134725938736,3470.951019397324,1562.2283112795958
3.433333333333333,99.48791615674152,0.030442071583225237,248.85508476948874,71.77700826404389,1.900455151244321,3477.7351479608305,1555.5775862099485
3.45,99.47888365793234,0.03083144633103792,253.1014808115833,71.66076117234694,1.9057104874143362,3484.41783089914,1549.02655038939
3.466666666666667,99.46978415319596,0.031220841778334615,257.374141013978,71.54599819849915,1.9108806075626925,3491.0004568674008,1542.5738309060732
3.4833333333333334,99.46061891369571,0.03161018380117792,261.67234246592733,71.4327070594338,1.9159666336529528,3497.4843993817017,1536.2180701085858
3.5,99.45138923136099,0.03199939898831734,265.9953541705361,71.32087533987787,1.9209696827498666,3503.8710168483212,1529.9579255644421
3.5166666666666666,99.44209641804731,0.03238841467907124,270.34243755470163,71.21049050323445,1.9258908666332624,3510.1616525990094,1523.792070012989
3.533333333333333,99.4327418046902,0.03277715899965621,274.712846980078,71.10153990208606,1.9307312914288985,3516.357634931999,1517.7191913130027
3.55,99.42332674045318,0.03316556089797146,279.1058302544052,70.9940107883285,1.9354920572559928,3522.46027715848,1511.7379923852432
3.566666666666667,99.41385259187156,0.033553550176843736,283.52062914256334,70.88789032294535,1.9401742578908971,3528.4708776542634,1505.8471911502072
3.5833333333333335,99.40432074199272,0.033941057525744736,287.95647987672965,70.78316558543264,1.9447789804466025,3534.3907199163928,1500.0455204613486
3.6,99.39473258951384,0.034328014550995045,292.4126136650354,70.67982358288307,1.9493073050677752,3540.2210726244357,1494.3317280339807
3.6166666666666667,99.38508954791837,0.034714353804468294,296.88825719813946,70.57785125873875,1.9537603046409333,3545.9631897062254,1488.7045763701085
3.6333333333333333,99.37539304461174,0.035100008810814196,301.38263315315226,70.47723550122174,1.9581390445195328,3551.618310407823,1483.162842679404
3.65,99.36564452005746,0.03548491409321736,305.89496069436893,70.37796315145101,1.9624445822635814,3557.187659367474,1477.7053187965419
3.6666666666666665,99.35584542691448,0.0358690051977128,310.42445597028427,70.28002101125412,1.9666779673935755,3562.6724466933297,1472.3308110951043
3.683333333333333,99.3459972291767,0.03625221871607871,314.97033260638904,70.18339585068247,1.970840241158439,3568.0738680447466,1467.0381403982542
3.7,99.33610140131513,0.036634492307327356,319.53180219326225,70.08807441523768,1.9749324363171812,3573.3931047169403,1461.8261418863744
3.716666666666667,99.32615942742399,0.03701576471781661,324.1080747694985,69.9940434328173,1.978955576933995,3578.631323728806,1456.693665001854
3.7333333333333334,99.31617280037116,0.037395975800005345,328.69835929902723,69.90128962038776,1.9829106781865369,3583.78967791372,1451.6395733512086
3.75,99.30614302095377,0.037775066529875306,333.30186414240285,69.8097996903917,1.986798746187077,3588.869306013132,1446.6627446047096
3.7666666666666666,99.29607159705972,0.038152979023042884,337.9177975216644,69.71956035689729,1.990620777816259,3593.871332772773,1441.762070393683
3.783333333333333,99.28596004283573,0.038529656549584304,342.5453679783826,69.63055834149678,1.9943777605691289,3598.796869041317,1436.9364562056521
3.8,99.27601397357098,0.03890778471092414,347.08927442470406,69.543736641251,1.9980258305331007,3603.497347881901,1432.3306372778266
3.816666666666667,99.26603348823868,0.039271039348575336,351.64231491493587,69.45813938918897,2.001515230985535,3608.1293952952115,1427.7914603666072
3.8333333333333335,99.25601987825668,0.03963239765823199,356.203773020444,69.37375002582095,2.0049411277641456,3612.694082548495,1423.3182598406293
3.85,99.24597446516488,0.03999246287976756,360.77296392658616,69.29055188218092,2.008313379348175,3617.1922041435914,1418.9103040365667
3.8666666666666667,99.23589857369302,0.04035124046234216,365.3492064966303,69.20852846326308,2.0116338877961724,3621.6245608856575,1414.5668188359332
3.8833333333333333,99.22579353489849,0.04070868839933402,369.9318199051192,69.12766358139332,2.014903384808862,3625.991966215688,1410.2870112156245
3.9,99.21566068674449,0.041064758217664664,374.5201232635681,69.04794138529118,2.0181223480534665,3630.295239881586,1406.070079896368
3.9166666666666665,99.20550137357799,0.041419400738066645,379.11343588881107,68.96934635526438,2.021291194415291,3634.5352034615485,1401.9152208206212
3.933333333333333,99.19531694524835,0.04177256747566612,383.7110777528994,68.89186328763319,2.024410336903784,3638.7126775053894,1397.8216303605734
3.95,99.18493565334755,0.041790142427218124,388.3187445589545,68.81440122478716,2.0253455958069257,3642.947032640779,1393.7452101736587
3.966666666666667,99.17473006657688,0.04213937047718415,392.8385631703539,68.7388827133689,2.0282454182741976,3646.987810548543,1389.8547967160926
3.9833333333333334,99.16449975647885,0.04248087385496127,397.3622266080016,68.6644771969521,2.031048744789527,3650.972858572265,1386.0182064226233
4.0,99.15424980417758,0.04282123761388017,401.8873750296414,68.5911883490283,2.033826630776533,3654.899106286998,1382.2383098697726
4.016666666666667,99.14398128213442,0.04316009480308568,406.4134841905021,68.51899296350538,2.03657081904102,3658.7676958997677,1378.5139849683699
4.033333333333333,99.13369546168009,0.043497392209900676,410.93994204077467,68.44787125442797,2.039279643461779,3662.5794275151115,1374.844430836875
4.05,99.1233936228001,0.04383307431723459,415.4661356836382,68.37780452431095,2.0419520623126908,3666.335062222131,1371.2288869636493
4.066666666666666,99.11307705532482,0.044167092242966645,419.9914508842173,68.30877494263983,2.0445874489372375,3670.0353388840504,1367.666617794034
4.083333333333333,99.10274705478348,0.04449940093315548,424.51527399800665,68.24076538964846,2.0471854183685543,3673.6809845232024,1364.156902745931
4.1,99.09240492000278,0.04482995826900884,429.0369930938911,68.17375935942852,2.0497457519487714,3677.27271825116,1360.6990321139185
4.116666666666666,99.08205195128079,0.04515872456361428,433.5559988076717,68.10774088951933,2.0522683548127354,3680.8112528782126,1357.2923051361145
4.133333333333334,99.07168944889371,0.045485662253771195,438.0716850378229,68.04269450589474,2.0547532287739605,3684.297295505061,1353.936029048285
4.15,99.06131871181336,0.04581073568997953,442.5834495398679,67.9786051780647,2.057200453343719,3687.7315476542667,1350.6295186151053
4.166666666666667,99.05094103657326,0.046133910982504855,447.0906944482277,67.9154582814509,2.059610171591769,3691.114705193376,1347.3720959028851
4.183333333333334,99.04055771624748,0.04645515588251433,451.59282674233964,67.85323956531131,2.061982579165388,3694.447458170191,1344.1630901769277
4.2,99.0301700395188,0.04677443968678729,456.089258667775,67.79193512506576,2.0643179155156393,3697.73049061952,1341.00183786279
4.216666666666667,99.0197792898212,0.047091733159156914,460.57940811972696,67.73153137820589,2.0666164567460865,3700.9644803706105,1337.887682538886
4.233333333333333,99.00938674454501,0.04740700846432157,465.0626989942218,67.67201504317757,2.0688785096989637,3704.150098869179,1334.8199749426685
4.25,98.99899367429626,0.04772023911107666,469.53856151110404,67.61337312076203,2.0711044070109983,3707.2880110199526,1331.798072980679
4.266666666666667,98.9886013422036,0.04803139990288911,474.00643251196203,67.55559287757843,2.073294502944752,3710.378875051493,1328.821341737243
4.283333333333333,98.97821100326793,0.04834046689428426,478.46575573552406,67.49866183140183,2.0754491698496196,3713.4233424029717,1325.8891534791114
4.3,98.9678239037501,0.048647417351900896,482.9159820725916,67.44256773804481,2.0775687951405093,3716.4220576315006,1323.0008876547997
4.316666666666666,98.95744128059346,0.04895222971932371,487.35656980221677,67.38729857959316,2.07965377870607,3719.3756583382315,1320.1559308881767
4.333333333333333,98.94706436087792,0.04925488358500002,491.7869848105623,67.33284255381919,2.081704530676194,3722.284775111295,1317.3536769663272
4.35,98.93669436130402,0.04955535965269119,496.2067007936575,67.27918806462431,2.0837214694922186,3725.1500314837126,1314.5935268219378
4.366666666666666,98.9263324877042,0.04985363971401186,500.61519944509837,67.22632371338311,2.0857050202333753,3727.9720439045254,1311.8748885105874
4.383333333333334,98.91597993457965,0.05014970662270048,505.01197062959227,67.1742382910811,2.0876556131614783,3730.7514217215803,1309.197177183371
4.4,98.90563788466145,0.05044354427032797,509.39651254313935,67.1229207711522,2.089573682452199,3733.4887671745396,1306.559815055291
4.416666666666667,98.89530750849471,0.050735137563205565,513.7683318605455,67.0723603029353,2.0914596650866577,3736.184675396875,1303.9622313698433
4.433333333333334,98.88498996404437,0.051024472400293605,518.1269438708855,67.02254620568034,2.0933139998811496,3738.8397344257432,1301.4038623601898
4.45,98.87468639632183,0.05131153565195182,522.4718726014721,66.97346796304241,2.09513712663647,3741.454525218777,1298.8841512072943
4.466666666666667,98.86439793703158,0.05159631513939293,526.802650930831,66.92511521801129,2.096929485390972,3744.02962167694,1296.4025479953482
4.483333333333333,98.85412570423672,0.05187879961473213,531.1188206911387,66.87747776822964,2.0986915157640476,3746.5655906727216,1293.9585096647993
4.5,98.84387080204311,0.0521589787415404,535.4199327605419,66.83054556165905,2.1004236563785863,3749.062992082998,1291.5514999632503
4.516666666666667,98.83363432030129,0.05243684307582252,539.7055471457475,66.78430869255806,2.102126344352511,3751.5223788260178,1289.1809893944817
4.533333333333333,98.82341733432547,0.052712384047361206,543.9752330552398,66.73875739774046,2.1038000148511413,3753.944296901992,1286.846455165819
4.55,98.81322090462933,0.05298559394137327,548.2285689634675,66.6938820530859,2.1054451006929735,3756.3292854368624,1284.547381134039
4.566666666666666,98.80304607667803,0.05325646588043641,552.4651426663162,66.64967317027765,2.1070620320027236,3758.6778767288515,1282.2832577500067
4.583333333333333,98.79289388065577,0.05352499380665087,556.684551328168,66.60612139374582,2.1086512359060947,3760.990596297469,1280.053582002193
4.6,98.78276533124875,0.05379117246400939,560.8864015208388,66.56321749779634,2.110213136261591,3763.2679629346517,1277.8578573592213
4.616666666666666,98.77266142744304,0.054054997380950986,565.0703092546651,66.52095238390801,2.111748153425229,3765.510488757784,1275.6955937115806
4.633333333333334,98.76258315233689,0.054316464853082426,569.2359000020092,66.47931707818199,2.113256704044535,3767.7186792643656,1273.5663073126136
4.65,98.75253147296719,0.0545755719260513,573.3828087134353,66.4383027289301,2.114739200878652,3769.893033388094,1271.469520718895
4.666666666666667,98.74250734014964,0.054832316378560834,577.5106798268057,66.397900604389,2.1161960526417585,3772.034043556204,1269.4047627300872
4.683333333333334,98.73251168833251,0.05508669670551869,581.6191672695359,66.35810209054912,2.1176276638673923,3774.142195747869,1267.3715683283751
4.7,98.72254543546339,0.05533871210131309,585.7079344542457,66.31889868908856,2.119034434791452,3776.217969553524,1265.3694786175386
4.716666666666667,98.71260948286867,0.05558836244321265,589.7766542680317,66.28028201540216,2.1204167612519913,3778.2618382349806,1263.39804076176
4.733333333333333,98.70270471514557,0.05583564827488737,593.8250090555846,66.24224379671851,2.121775034604076,3780.2742687862096,1261.4568079242097
4.75,98.6928320000664,0.05608057079005301,597.8526905963708,66.20477587029667,2.123109641648262,3782.255721994668,1259.5453392054817
4.766666666666667,98.68299218849447,0.05632313181623188,601.8594000760921,66.16787018169639,2.124420964571189,3784.2066525031037,1257.663199581933
4.783333333333333,98.67318611431178,0.056563333798641,605.8448480526323,66.13151878311571,2.1257093808972916,3786.1275088717116,1255.8099598439726
4.8,98.66341459435779,0.056801179784201315,609.8087544166972,66.0957138317905,2.126975263450375,3788.0187336405875,1253.9851965343487
4.816666666666666,98.65367842837931,0.0570366734056752,613.7508483473515,66.06044758845104,2.128218980324196,3789.880763392398,1252.1884918864741
4.833333333333333,98.64397839899114,0.05726981886593292,617.670868262651,66.02571241583094,2.129440894861098,3791.7140288152,1250.4194337628296
4.85,98.63431527164683,0.05750062092235539,621.5685617655629,65.99150077722479,2.13064136563807,3793.5189547653454,1248.6776155934826
4.866666666666666,98.62468979462002,0.05772908487137023,625.4436855853722,65.95780523509033,2.131820746459296,3795.2959603304344,1246.962636314745
4.883333333333334,98.61510269899526,0.057955216533133805,629.2960055147578,65.92461844969239,2.1329793863548354,3797.045458892238,1245.2741003080112
4.9,98.60555469866848,0.05817902223635415,633.125296342727,65.89193317778482,2.1341176295845985,3798.7678581895725,1243.611617338794
4.916666666666667,98.59604649035715,0.05840050880326846,636.9313417835905,65.85974227132856,2.1352358156473503,3800.463560381072,1241.9748024959906
4.933333333333334,98.58657875361895,0.058619683534770026,640.7139344021585,65.82803867624222,2.136334279294026,3802.132962107815,1240.3632761313959
4.95,98.57715215087968,0.05883655419569724,644.4728755353316,65.79681543118421,2.1374133505451787,3803.7764545557916,1238.7766637994896
4.966666666666667,98.56776732746937,0.05905112900028251,648.2079752102649,65.76606566636289,2.138473354711969,3805.3944235181507,1237.2145961975136
4.983333333333333,98.55842491166692,0.05926341659776918,651.9190520592692,65.73578260237417,2.1395146124204936,3806.9872494572237,1235.6767091058578
5.0,98.54912551475252,0.059473426058198275,655.6059332316237,65.70595954906372,2.140537439639034,3808.5553075662883,1234.1626433287734
5.016666666666667,98.53986973106792,0.05968116685837082,659.2684543024574,65.67658990441304,2.1415421477080163,3810.098967831045,1232.6720446354252
5.033333333333333,98.53065813808433,0.059886648867985934,662.9064591788658,65.64766715344741,2.14252904337231,3811.6185950907866,1231.2045637013027
5.05,98.52149129647721,0.060089882335963636,666.5198000034164,65.61918486716462,2.14349842881578,3813.114549099246,1229.7598560499955
5.066666666666666,98.5123697502084,0.060290877876950644,670.1083370552004,65.5911367014832,2.144450601697718,3814.5871845850916,1228.3375819953542
5.083333333333333,98.50329402661497,0.060489646458015446,673.6719386485794,65.56351639620922,2.1453858551910514,3816.036851312075,1226.9374065840364
5.1,98.49426463650416,0.060686199385533976,677.2104810297789,65.53631777402035,2.146304478022077,3817.463894138781,1225.558999538461
5.116666666666666,98.4852820742552,0.060880548292269326,680.7238482714674,65.50953473946636,2.1472067545116036,3818.868653078005,1224.2020352001687
5.133333333333334,98.4763468179267,0.06107270512464902,684.2119321654712,65.48316127798556,2.1480929646173377,3820.2514633557125,1222.8661924736025
5.15,98.4674593293701,0.06126268213023944,687.6746321137532,65.45719145493574,2.148963383977323,3821.612655469588,1221.5511547703177
5.166666666666667,98.45862005434837,0.06145049184542363,691.1118550177988,65.43161941463957,2.149818283954392,3822.9525552471573,1220.2566099536243
5.183333333333334,98.44982942266039,0.06163614708327926,694.523515166536,65.40643937944333,2.1506579316813768,3824.27148390347,1218.9822502836687
5.2,98.4410878482702,0.061819660921663494,697.9095341229203,65.38164564878866,2.1514825901071397,3825.5697580983388,1217.7277723629659
5.216666666666667,98.43239572944125,0.062001046691504254,701.2698406093072,65.35723259829665,2.152292518043177,3826.8476899931197,1216.4928770823783
5.233333333333333,98.42375344887522,0.06218031796529609,704.6043703917375,65.33319467886378,2.153087970210739,3828.105587307037,1215.2772695675562
5.25,98.41516137385537,0.06235748854580811,707.9130661632488,65.30952641576928,2.1538691972884507,3829.3437533730366,1214.0806591258336
5.266666666666667,98.40661985639399,0.06253257245499984,711.1958774263319,65.28622240779359,2.1546364459602727,3830.562487193165,1212.9027591935942
5.283333333333333,98.39812923338407,0.06270558392314592,714.4527603746441,65.26327732634725,2.1553899589637258,3831.7620834934737,1211.7432872840998
5.3,98.38968982675462,0.06287653737817439,717.6836777740864,65.24068591461021,2.15612997513842,3832.942832778435,1210.6019649357945
5.316666666666666,98.38130194362971,0.06304544743521312,720.8885988433472,65.2184429866809,2.156856729474662,3834.105021384869,1209.4785176610765
5.333333333333333,98.37296587649081,0.06321232888634876,724.067499134021,65.19654342673525,2.1575704531622244,3835.2489315353914,1208.3726748955517
5.35,98.36468190334251,0.06337719669059638,727.2203604103961,65.17498218819453,2.158271373639155,3836.3748413913445,1207.2841699477592
5.366666666666666,98.35645028788119,0.0635400659640803,730.347170529005,65.15375429290295,2.158959714640616,3837.4830251052526,1206.2127399493788
5.383333333333334,98.34827127966643,0.0637009519704237,733.4479233180365,65.13285483031356,2.159635696247622,3838.573752872767,1205.1581258059173
5.4,98.34014511429525,0.06385987011135047,736.522618456692,65.11227895668314,2.1602995349357914,3839.647290984113,1204.120072147874
5.416666666666667,98.33207201357884,0.0640168359174941,739.5712613545757,65.09202189427556,2.160951443623889,3840.703901875028,1203.0983272823917
5.433333333333334,98.3240521857214,0.06417186503941597,742.5938630311995,65.07207893057313,2.1615916317222887,3841.743844177209,1202.0926431453852
5.45,98.31608582550136,0.06432497323883041,745.5904399956859,65.0524454174964,2.1622203051812137,3842.767372768239,1201.102775254154
5.466666666666667,98.3081731144543,0.06447617638003633,748.56101412674,65.03311677063174,2.1628376665387834,3843.7747388210246,1200.1284826604756
5.483333333333333,98.30031422105797,0.0646254904215526,751.5056125529709,65.01408846846684,2.163443914968784,3844.7661898527126,1199.1695279041815
5.5,98.29250930091874,0.0647729314079584,754.4242675336284,64.99535605163366,2.1640392463282296,3845.7419697731148,1198.225676967211
5.516666666666667,98.28475849695958,0.06491851546193454,757.3170163398249,64.9769151221594,2.1646238532046045,3846.702318932617,1197.2966992281504
5.533333333333333,98.27706193960944,0.06506225877650523,760.1839011363105,64.95876134272433,2.1651979249627717,3847.6474741695965,1196.3823674172438
5.55,98.26941974699373,0.06520417760747907,763.0249688638564,64.94089043592749,2.1657616477916184,3848.577668857322,1195.4824575718899
5.566666666666666,98.26183202512594,0.06534428826608613,765.8402711223151,64.92329818355938,2.1663152047502967,3849.493132950355,1194.5967489926077
5.583333333333333,98.25429886810005,0.06548260711180977,768.6298640544064,64.90598042588176,2.1668587758141267,3850.394093030466,1193.725024199483
5.6,98.24682035828386,0.06561915054541193,771.3938082302902,64.88893306091468,2.167392537920104,3851.2807723520223,1192.8670688890859
5.616666666666666,98.23939656651275,0.06575393500215015,774.1321685329717,64.87215204373044,2.1679166650120947,3852.1533908868983,1192.0226718918598
5.633333333333334,98.23202755228407,0.06588697694518049,776.8450140445933,64.8556333857544,2.168431328085504,3853.012165368892,1191.1916251299824
5.65,98.22471336395198,0.06601829285914881,779.5324179336557,64.83937315407273,2.168936695231625,3853.8573093376212,1190.3737235756905
5.666666666666667,98.21745403892233,0.06614789924396712,782.1944573432162,64.8233674707469,2.1694329316815644,3854.689033181966,1189.5687652100762
5.683333333333334,98.21024960384797,0.06627581260876865,784.8312132801008,64.8076125121349,2.16992019984967,3855.5075441829827,1188.7765509823396
5.7,98.20310007482374,0.06640204946604526,787.4427705051768,64.79210450821905,2.1703986593766147,3856.313046556356,1187.9968847695097
5.716666666666667,98.19600545758163,0.06652662632595945,790.029217424715,64.7768397419406,2.1708684671719354,3857.105741494355,1187.229573336619
5.733333333333333,98.18896574768578,0.06664955969083199,792.5906459828832,64.76181454854066,2.1713297774562026,3857.8858272073103,1186.4744262973359
5.75,98.18198093072698,0.06677086604980166,795.1271515553993,64.74702531490775,2.171782741802706,3858.653498964602,1185.7312560750495
5.766666666666667,98.1750509825168,0.06689056187365224,797.6388328443774,64.73246847893179,2.172227509178656,3859.4089491351883,1184.9998778644076
5.783333333333333,98.16817586928148,0.06700866360980876,800.1257917743927,64.71814052886454,2.1726642259859674,3860.1523672276408,1184.2801095932998
5.8,98.16135554785502,0.06712518767749454,802.5881333897961,64.70403800268627,2.1730930361015113,3860.8839399297162,1183.5717718852868
5.816666666666666,98.1545899658715,0.06724015046305261,805.0259657532976,64.69015748747887,2.173514080916977,3861.6038511474653,1182.8746880224724
5.833333333333333,98.14787906195697,0.06735356831542318,807.4393998458469,64.67649561880519,2.173927499378189,3862.3122820438666,1182.1886839088136
5.85,98.14122276592029,0.06746545754177766,809.8285494678267,64.66304908009468,2.174333428023989,3863.009411077001,1181.5135880338662
5.866666666666666,98.1346209989429,0.06757583440330688,812.1935311415829,64.64981460203506,2.1747320010246405,3863.695414037773,1180.8492314369666
5.883333333333334,98.12807367376799,0.06768471511115699,814.5344640153044,64.63678896197037,2.175123350219735,3864.3704640871733,1180.195447671838
5.9,98.12158069488822,0.0677921158225151,816.851469768273,64.62396898330492,2.1755076051556386,3865.03473179308,1179.5520727716269
5.916666666666667,98.11514195873265,0.06789805263683855,819.1446725174923,64.61135153491357,2.175884893122467,3865.688385166628,1178.9189452143626
5.933333333333334,98.10875735385208,0.06800254159222667,821.4141987257137,64.59893353055779,2.176255339190574,3866.3315896981244,1178.295905888835
5.95,98.10242676110337,0.0681055986619311,823.6601771108648,64.58671192830788,2.176619066246564,3866.964508392515,1177.6827980608907
5.966666666666667,98.09615005383243,0.06820723975100286,825.8827385568951,64.57468372997126,2.1769761950288387,3867.5873018044304,1177.079467340141
5.983333333333333,98.08992709805582,0.06830748069307292,828.0820160260425,64.56284598052643,2.1773268441626676,3868.200128072778,1176.4857616470792
6.0,98.08375775264065,0.06840633724726376,830.2581444725317,64.55119576756306,2.177671130194778,3868.8031429549233,1175.901531180606
6.016666666666667,98.07764186948344,0.06850382509522836,832.4112607577057,64.53973022072789,2.1780091676274895,3869.3964998604242,1175.326628385957
6.033333333333333,98.07157929368691,0.06859995983831535,834.5415035665972,64.5284465111764,2.1783410689523692,3869.980349884356,1174.76090792303
6.05,98.06556986373575,0.0686947569948565,836.6490133259442,64.51734185103042,2.1786669446834397,3870.5548418402163,1174.204226635105
6.066666666666666,98.0596134116702,0.06878823199757468,838.7339321236467,64.50641349284122,2.178986903389922,3871.1201222923987,1173.6564435179632
6.083333333333333,98.05370976325834,0.06888040019110694,840.79640362967,64.49565872905887,2.179301051728477,3871.676335588278,1173.1174196893867
6.1,98.04785873816647,0.06897127682964456,842.8365730183929,64.48507489150656,2.179609494475057,3872.223623889864,1172.587018359051
6.116666666666666,98.04206015012778,0.06906087707468374,844.8545868923972,64.47465935086122,2.1799123345562514,3872.762127205072,1172.0651047987928
6.133333333333334,98.03631380710934,0.06914921599288583,846.8505932076988,64.46440951613944,2.1802096730802205,3873.2919834185745,1171.551546313261
6.15,98.03061951147693,0.06923630855404433,848.8247412004159,64.4543228341891,2.1805016093671523,3873.8133283222646,1171.0462122109384
6.166666666666667,98.02497706015845,0.0693221696291549,850.7771813148698,64.44439678918644,2.180788240979287,3874.3262956453286,1170.5489737755372
6.183333333333334,98.0193862448051,0.06940681398858868,852.7080651331131,64.43462890213881,2.18106966375051,3874.8310170839236,1170.0597042377592
6.2,98.01384685195093,0.06949025630036265,854.6175453058808,64.42501673039277,2.181345971815494,3875.327622330472,1169.5782787474218
6.216666666666667,98.00835866317016,0.06957251112850796,856.5057754849547,64.41555786714768,2.1816172576384294,3875.816239102578,1169.104574345943
6.233333333333333,98.0029214552328,0.06965359293153127,858.3729102569365,64.40624994097476,2.1818836120413034,3876.2969931715584,1168.638469939185
6.25,97.99753500025815,0.06973351606096805,860.2191050784204,64.39709061534144,2.1821451242317753,3876.7700083906093,1168.1798462706452
6.266666666666667,97.99219906586637,0.06981229476002475,862.0445162125538,64.38807758814113,2.1824018818306135,3877.235406722594,1167.7285858950042
6.283333333333333,97.98691341532795,0.06988994316230768,863.8493006669821,64.37920859122829,2.182653970898723,3877.693308267471,1167.2845731520142
6.3,97.98167780771132,0.06996647529063696,865.6336161331604,64.3704813899586,2.1829014759637873,3878.1438312893565,1166.8476941407305
6.316666666666666,97.97649199802818,0.07004190505594134,867.3976209270295,64.36189378273471,2.183144480046446,3878.5870922432305,1166.4178366940837
6.333333333333333,97.97135573737708,0.07011624625623436,869.1414739310351,64.35344360055679,2.1833830646861467,3879.023205801281,1165.9948903537843
6.35,97.96626877308462,0.07018951257566634,870.8653345374893,64.34512870657855,2.1836173099665115,3879.452284878913,1165.5787463455597
6.366666666666666,97.96123084884479,0.07026171758365242,872.5693625932531,64.3369469956682,2.183847294540367,3879.874440660393,1165.1692975547219
6.383333333333334,97.9562417048563,0.07033287473407487,874.2537183457318,64.3288963939746,2.184073095654386,3880.289782624155,1164.7664385020532
6.4,97.9513010779575,0.07040299736455473,875.9185623901702,64.32097485849836,2.1842947891733155,3880.698418567782,1164.3700653200208
6.416666666666667,97.94640870175951,0.07047209869579284,877.5640556182308,64.31318037666803,2.1845124496038326,3881.1004546326258,1163.9800757293021
6.433333333333334,97.9415643067773,0.07054019183097898,879.1903591678466,64.30551096592124,2.184726150118037,3881.495995328113,1163.5963690156286
6.45,97.93676762055837,0.07060728975526327,880.7976343743281,64.2979646732907,2.18493596257655,3881.885143555721,1163.218846006936
6.466666666666667,97.93201836780962,0.07067340533529326,882.3860427227143,64.29053957499525,2.185141957551279,3882.2680006326177,1162.8474090508262
6.483333333333333,97.92731627052204,0.0707385513188094,883.9557458013519,64.28323377603563,2.1853442043477678,3882.6446663149986,1162.481961992328
6.5,97.92266104809323,0.07080274033430191,885.5069052566868,64.27604540979505,2.185542771027256,3883.0152388210845,1162.1224101519635
6.516666666666667,97.91805241744807,0.07086598489072146,887.0396827492523,64.2689726376447,2.1857377244283107,3883.3798148538262,1161.768660304104
6.533333333333333,97.91349009315707,0.07092829737724861,888.5542399108415,64.26201364855383,2.1859291301881747,3883.7384896232843,1161.4206206556264
6.55,97.9089737875527,0.07098969006311442,890.0507383028431,64.25516665870468,2.1861170527637324,3884.091356868711,1161.0782008248555
6.566666666666666,97.90450321084379,0.07105017509747232,891.5293393757295,64.24842991111183,2.1863015554521352,3884.4385088803238,1160.741311820794
6.583333333333333,97.90007807122778,0.07110976450932185,892.9902044296783,64.24180167524653,2.1864827004111054,3884.7800365207822,1160.4098660226362
6.6,97.89569807500084,0.07116847020747871,894.4334945763121,64.23528024666531,2.186660548678908,3885.116029246368,1160.0837771595618
6.616666666666666,97.89136292666606,0.071226303980592,895.8593707015392,64.22886394664323,2.1868351601939833,3885.446575127872,1159.7629602908057
6.633333333333334,97.88707232903968,0.07128327749720716,897.2679934294805,64.22255112181173,2.1870065938142798,3885.771760871195,1159.4473317860025
6.65,97.88282598335502,0.07133940230586974,898.6595230874645,64.21634014380074,2.1871749073362317,3886.091671837657,1159.136809305799
6.666666666666667,97.8786235893647,0.07139468983527347,900.0341196720753,64.21022940888547,2.1873401575134594,3886.4063920640333,1158.8313117827386
6.683333333333334,97.87446484544074,0.07144915139444684,901.3919428162349,64.20421733763739,2.1875024000751266,3886.716004282304,1158.5307594024023
6.7,97.87034944867278,0.07150279817297941,902.7331517573043,64.19830237457957,2.187661689744052,3887.0205899391276,1158.2350735848204
6.716666666666667,97.86627709496403,0.07155564124128415,904.0579053061883,64.19248298784653,2.1878180802544285,3887.320229215054,1157.94417696613
6.733333333333333,97.86224747912567,0.07160769155089668,905.3663618174238,64.18675766884809,2.187971624369342,3887.6150010434526,1157.6579933804983
6.75,97.85826029496893,0.07165895993480807,906.6586791602377,64.18112493193755,2.188122373897918,3887.90498312919,1157.3764478422881
6.766666666666667,97.8543152353957,0.07170945710783154,907.9350146905567,64.1755833140842,2.188270379712257,3888.1902519670307,1157.0994665284798
6.783333333333333,97.85041199248673,0.071759193666999,909.195525223952,64.17013137454973,2.188415691763988,3888.470882859797,1156.8269767613313
6.8,97.84655025758832,0.07180818009199037,910.4403670095032,64.16476769456898,2.1885583591006434,3888.746949936253,1156.558906991286
6.816666666666666,97.84272972139696,0.07185642674559065,911.6696957045641,64.15949087703457,2.1886984298817103,3889.0185261687543,1156.2951867801166
6.833333333333333,97.83895007404217,0.07190394387417486,912.8836663504125,64.1542995461857,2.188835951394389,3889.2856833906358,1156.035746784307
6.85,97.8352110051674,0.07195074160822007,914.0824333487719,64.1491923473009,2.1889709700691315,3889.5484923133563,1155.7805187386682
6.866666666666666,97.83151220400933,0.07199682996284276,915.2661504391841,64.14416794639467,2.189103531494883,3889.8070225434085,1155.5294354401815
6.883333333333334,97.8278533594752,0.07204221883836054,916.4349706772177,64.13922502991821,2.1892336804340853,3890.0613425989736,1155.282430732074
6.9,97.82423416021834,0.07208691802087734,917.5890464134975,64.13436230446376,2.1893614608373966,3890.3115199263525,1155.0394394881155
6.916666666666667,97.82065429471206,0.07213093718289099,918.7285292735392,64.12957849647302,2.1894869158582058,3890.5576209161577,1154.8003975971376
6.933333333333334,97.81711345132162,0.07217428588391993,919.8535701383688,64.12487235194916,2.1896100878668285,3890.799710919268,1154.5652419477753
6.95,97.81361131837483,0.07221697357115425,920.964319125918,64.12024263617295,2.1897310184645447,3891.03785426257,1154.3339104134204
6.966666666666667,97.81014758423042,0.07225900958012056,922.0609255731739,64.11568813342195,2.1898497484973167,3891.272114264459,1154.106341837391
6.983333333333333,97.80672193734523,0.07230040313537045,923.1435380190687,64.11120764669427,2.1899663180693496,3891.50255325013,1153.8824760183131
7.0,97.80333406633939,0.0723411633511806,924.2123041880975,64.10679999743503,2.1900807665563167,3891.729232566637,1153.6622536957072
7.016666666666667,97.79998366006012,0.07238129923227422,925.267370974644,64.1024640252672,2.190193132618466,3891.9522125977487,1153.4456165357838
7.033333333333333,97.79667040764369,0.07242081967455415,926.3088844280011,64.09819858772563,2.1903034542134185,3892.171552778583,1153.2325071174398
7.05,97.79339399857585,0.07245973346585327,927.3369897380713,64.09400255999455,2.1904117686088065,3892.3873116100294,1153.022868918455
7.066666666666666,97.7901541227509,0.07249804928669579,928.3518312217337,64.0898748346489,2.1905181123946207,3892.5995466729655,1152.8166463018883
7.083333333333333,97.78695047052882,0.072535775711074,929.3535523098582,64.08581432139863,2.19062252149541,3892.808314642277,1152.613784502667
7.1,97.78378273279107,0.07257292120723607,930.3422955349573,64.08181994683697,2.190725031182257,3893.0136713006514,1152.41422961437
7.116666666666666,97.78065060099497,0.07260949413848433,931.3182025194582,64.07789065419158,2.1908256760844917,3893.215671552201,1152.2179285761997
7.133333333333334,97.77755376722644,0.0726455027639861,932.2814139645824,64.07402540307933,2.1909244902012865,3893.414369435866,1152.024829160144
7.15,97.77449192425125,0.07268095523959174,933.2320696398173,64.07022316926437,2.191021506912962,3893.6098181386324,1151.8348799583214
7.166666666666667,97.77146476556497,0.07271585961866393,934.1703083729672,64.06648294441928,2.1911167589921496,3893.8020700085563,1151.6480303705075
7.183333333333334,97.76847198544142,0.07275022385291623,935.096268040769,64.06280373588976,2.1912102786147796,3893.9911765675984,1151.464230591847
7.2,97.76551327897954,0.07278405579325518,936.0100855600618,64.0591845664622,2.191302097370775,3894.177188524277,1151.2834316007368
7.216666666666667,97.76258834214927,0.0728173631906358,936.9118968794908,64.05562447413456,2.191392246274706,3894.3601557861175,1151.1055851468911
7.233333333333333,97.75969687183567,0.07285015369691684,937.8018369717404,64.05212251189042,2.191480755776088,3894.5401274719466,1150.9306437395746
7.25,97.75683856588192,0.0728824348657286,938.6800398262773,64.04867774747612,2.1915676557696653,3894.717151923984,1150.7585606360103
7.266666666666667,97.7540131231309,0.07291421415334094,939.5466384425928,64.04528926318066,2.191652975605388,3894.8912767197744,1150.589289829954
7.283333333333333,97.75122024346564,0.0729454989195391,940.401764823934,64.04195615561915,2.191736744098279,3895.0625486839285,1150.4227860404349
7.3,97.74845962784819,0.07297629642850335,941.2455499715062,64.03867753551876,2.191818989538106,3895.2310138997004,1150.2590047006622
7.316666666666666,97.74573097835753,0.07300661384969086,942.0781238791405,64.03545252750783,2.1918997396988726,3895.396717720403,1150.0979019470926
7.333333333333333,97.74303399822617,0.07303645825872361,942.89961552841,64.03228026990799,2.191979021848179,3895.5597047806323,1149.9394346086576
7.35,97.74036839187534,0.07306583663827652,943.7101528841833,64.02915991452879,2.19205686275637,3895.7200190073477,1149.7835601961467
7.366666666666666,97.73773386494933,0.07309475587896913,944.5098628906072,64.02609062646575,2.192133288705551,3895.8777036307847,1149.630236891751
7.383333333333334,97.73513012434827,0.07312322278025897,945.2988714675014,64.02307158390062,2.192208325498421,3896.032801195198,1149.479423538754
7.4,97.7325568782602,0.07315124405133727,946.0773035071596,64.0201019779049,2.192281998467,3896.1853535694454,1149.3310796313783
7.416666666666667,97.73001383619153,0.07317882631202387,946.8452828715413,64.01718101224576,2.19235433248113,3896.335401957437,1149.1851653047802
7.433333333333334,97.72750070899677,0.07320597609366408,947.602932389847,64.01430790319485,2.192425351956868,3896.482986908398,1149.0416413251908
7.45,97.72501720890702,0.07323269984002578,948.350373856463,64.0114818793398,2.1924950808647297,3896.6281483270013,1148.9004690802014
7.466666666666667,97.72256304955734,0.07325900390819592,949.0877280292675,64.00870218139835,2.1925635427377705,3896.7709254833403,1148.7616105691966
7.483333333333333,97.72013794601321,0.07328489456947689,949.8151146282879,64.00596806203494,2.1926307606795357,3896.9113570227623,1148.625028393923
7.5,97.71774161479591,0.07331037801028183,950.5326523346947,64.00327878568012,2.1926967573718588,3897.0494809755405,1148.490685749201
7.516666666666667,97.71537377390666,0.07333546033302858,951.2404587901292,64.00063362835245,2.1927615550825217,3897.1853347664187,1148.358546413772
7.533333333333333,97.71303414285028,0.07336014755703267,951.938650596349,63.99803187748258,2.192825175672777,3897.318955224001,1148.228574741282
7.55,97.71072244265731,0.07338444561939883,952.6273433151856,63.99547283174058,2.1928876406047655,3897.450378590014,1148.1007356514003
7.566666666666666,97.70843839590557,0.07340836037590899,953.3066514688016,63.99295580086485,2.192948970948738,3897.5796405284113,1147.9749946210657
7.583333333333333,97.70618172674067,0.07343189760190993,953.9766885402414,63.990480105494115,2.193009187390222,3897.706776134364,1147.851317675867
7.6,97.7039521608955,0.07345506299319593,954.6375669742629,63.98804507700141,2.193068310236989,3897.8318199431064,1147.729671381549
7.616666666666666,97.70174942570901,0.07347786216689021,955.2893981784447,63.985650057330716,2.193126359425935,3897.9548059386425,1147.6100228356481
7.633333333333334,97.69957325014394,0.07350030066232387,955.9322925245574,63.98329439883577,2.193183354529863,3898.0757675623354,1147.4923396592467
7.65,97.69742336480385,0.07352238394190967,956.566359350192,63.98097746412115,2.1932393147640887,3898.1947377213596,1147.3765899888574
7.666666666666667,97.69529950194928,0.07354411739201251,957.1917069606372,63.97869862588584,2.19329425899295,3898.311748797027,1147.2627424684224
7.683333333333334,97.69320139551286,0.07356550632381796,957.8084426309948,63.97645726676885,2.1933482057362204,3898.426832652992,1147.1507662414363
7.7,97.69112878111393,0.07358655597419313,958.4166726085288,63.97425277919708,2.1934011731753453,3898.5400206433264,1147.0406309431837
7.716666666666667,97.68908139607224,0.07360727150654868,959.0165021152378,63.97208456523547,2.193453179159676,3898.6513436204773,1146.9323066930983
7.733333333333333,97.68705897942083,0.07362765801169113,959.6080353506446,63.96995203643931,2.1935042412124726,3898.760831943111,1146.8257640872273
7.75,97.6850612719182,0.07364772050867344,960.1913754947924,63.967854613708546,2.1935543765368593,3898.868515483824,1146.720974190818
7.766666666666667,97.68308801605978,0.07366746394564067,960.7666247114456,63.96579172714438,2.1936036020216823,3898.9744236367424,1146.61790853101
7.783333333333333,97.68113895608859,0.07368689320067012,961.3338841514825,63.96376281590771,2.1936519342472303,3899.0785853250254,1146.5165390896395
7.8,97.68113895608859,0.07368689320067012,961.3338841514825,63.96376281590771,2.1936519342472303,3899.0785853250254,1146.5165390896395
7.816666666666666,97.68113895608859,0.07368689320067012,961.3338841514825,63.96376281590771,2.1936519342472303,3899.0785853250254,1146.5165390896395
7.833333333333333,97.68113895608859,0.07368689320067012,961.3338841514825,63.96376281590771,2.1936519342472303,3899.0785853250254,1146.5165390896395
7.85,97.68113895608859,0.07368689320067012,961.3338841514825,63.96376281590771,2.1936519342472303,3899.0785853250254,1146.5165390896395
7.866666666666666,97.68113895608859,0.07368689320067012,961.3338841514825,63.96376281590771,2.1936519342472303,3899.0785853250254,1146.5165390896395
7.883333333333334,97.68113895608859,0.07368689320067012,961.3338841514825,63.96376281590771,2.1936519342472303,3899.0785853250254,1146.5165390896395
7.9,97.68113895608859,0.07368689320067012,961.3338841514825,63.96376281590771,2.1936519342472303,3899.0785853250254,1146.5165390896395
7.916666666666667,97.68113895608859,0.07368689320067012,961.3338841514825,63.96376281590771,2.1936519342472303,3899.0785853250254,1146.5165390896395
7.933333333333334,97.68113895608859,0.07368689320067012,961.3338841514825,63.96376281590771,2.1936519342472303,3899.0785853250254,1146.5165390896395
7.95,97.68113895608859,0.07368689320067012,961.3338841514825,63.96376281590771,2.1936519342472303,3899.0785853250254,1146.5165390896395
7.966666666666667,97.68113895608859,0.07368689320067012,961.3338841514825,63.96376281590771,2.1936519342472303,3899.0785853250254,1146.5165390896395
7.983333333333333,97.68113895608859,0.07368689320067012,961.3338841514825,63.96376281590771,2.1936519342472303,3899.0785853250254,1146.5165390896395
8.0,97.68113895608859,0.07368689320067012,961.3338841514825,63.96376281590771,2.1936519342472303,3899.0785853250254,1146.5165390896395
