x,phi
0.125,3.3016455516899473e-68
0.375,3.782716360509573e-68
0.625,4.814154579426465e-68
0.875,6.544419388291372e-68
1.125,9.222252502156625e-68
1.375,1.3232021020926645e-67
1.625,1.914824529662695e-67
1.875,2.7816955391684533e-67
2.125,4.047525960289683e-67
2.375,5.8925821847846174e-67
2.625,8.579056119890487e-67
2.875,1.2487884999668195e-66
3.125,1.8172129518385631e-66
3.375,2.6434299630153404e-66
3.625,3.843830858379501e-66
3.875,5.587148402412972e-66
4.125,8.117891324523079e-66
4.375,1.1790227309481946e-65
4.625,1.7116952436688858e-65
4.875,2.484023492066129e-65
5.125,3.6033772815816744e-65
5.375,5.225025419098757e-65
5.625,7.573412152231425e-65
5.875,1.0972843412531445e-64
6.125,1.589172619230158e-64
6.375,2.300632067381441e-64
6.625,3.329257363804286e-64
6.875,4.815834753060773e-64
7.125,6.963373556890419e-64
7.375,1.0064486562272846e-63
7.625,1.4540765498510022e-63
7.875,2.0999383046129972e-63
8.125,3.031442410442362e-63
8.375,4.374370191953012e-63
8.625,6.309647139699474e-63
8.875,9.097411554084005e-63
9.125,1.3111541235986833e-62
9.375,1.888916171952532e-62
9.625,2.720160714109311e-62
9.875,3.915608708510598e-62
10.125,5.634128564966169e-62
10.375,8.103578967273286e-62
10.625,1.1650633366570247e-61
10.875,1.6743438729468235e-61
11.125,2.405260594331242e-61
11.375,3.4538373023872606e-61
11.625,4.9575120511197605e-61
11.875,7.112917114283149e-61
12.125,1.0201256951323812e-60
12.375,1.4624515870871197e-60
12.625,2.0957095139821815e-60
12.875,3.001942368560337e-60
13.125,4.298284892427279e-60
13.375,6.15190370609037e-60
13.625,8.801268054973547e-60
13.875,1.2586421115465293e-59
14.125,1.7992042240437923e-59
14.375,2.5708679059302856e-59
14.625,3.6719779384121574e-59
14.875,5.242534134203361e-59
15.125,7.481751450967697e-59
15.375,1.0672987368221534e-58
15.625,1.5219112474217431e-58
15.875,2.1692678174497438e-58
16.125,3.090704172273266e-58
16.375,4.401716070461218e-58
16.625,6.266237292965817e-58
16.875,8.916856480037265e-58
17.125,1.2683430904623716e-57
17.375,1.803356761071337e-57
17.625,2.562986950571943e-57
17.875,3.641085508876519e-57
18.125,5.170529321819964e-57
18.375,7.339368262390124e-57
18.625,1.0413621873422133e-56
18.875,1.4769448613396604e-56
19.125,2.0938521729422217e-56
19.375,2.96720062596541e-56
19.625,4.203072392223401e-56
19.875,5.951217120489962e-56
20.125,8.42293772748025e-56
20.375,1.1916265142027844e-55
20.625,1.685137729820136e-55
20.875,2.3820409701239652e-55
21.125,3.365747520905154e-55
21.375,4.753705017310983e-55
21.625,6.711215943455541e-55
21.875,9.470837623690902e-55
22.125,1.3359606461528373e-54
22.375,1.883722563234762e-54
22.625,2.654960829771105e-54
22.875,3.740391861995067e-54
23.125,5.267369678005776e-54
23.375,7.414606530756959e-54
23.625,1.0432777299588112e-53
23.875,1.4673346918379685e-53
24.125,2.0628885192123761e-53
24.375,2.8989422263827796e-53
24.625,4.072119305111629e-53
24.875,5.717661784018852e-53
25.125,8.024784332781352e-53
25.375,1.1258100456367135e-52
25.625,1.5787509170789788e-52
25.875,2.212986486830103e-52
26.125,3.1007050867705513e-52
26.375,4.342687900918021e-52
26.625,6.0795738278416645e-52
26.875,8.50753842802076e-52
27.125,1.1900107118053587e-51
27.375,1.6638489393480662e-51
27.625,2.3253744363333922e-51
27.875,3.2485366685506083e-51
28.125,4.536265201744963e-51
28.375,6.331764994533948e-51
28.625,8.83418988608394e-51
28.875,1.2320381836745183e-50
29.125,1.7175010255397843e-50
29.375,2.3932338981144264e-50
29.625,3.333408154571049e-50
29.875,4.640950675375066e-50
30.125,6.458630323064238e-50
30.375,8.984394663097108e-50
30.625,1.2492577105046054e-49
30.875,1.7363208630669798e-49
31.125,2.412251362221093e-49
31.375,3.3498832623510582e-49
31.625,4.649981504677215e-49
31.875,6.451892494967449e-49
32.125,8.94823266217031e-49
32.375,1.240513702127121e-48
32.625,1.7190160067561008e-48
32.875,2.3810704045911866e-48
33.125,3.2966923400064206e-48
33.375,4.5624526574594783e-48
33.625,6.311491438215602e-48
33.875,8.727285884920297e-48
34.125,1.206257123715717e-47
34.375,1.6665331902973822e-47
34.625,2.3014488966803146e-47
34.875,3.1768879778841906e-47
35.125,4.383445061408539e-47
35.375,6.045639411907207e-47
35.625,8.334543614217371e-47
35.875,1.1485085217854489e-46
36.125,1.581973995356632e-46
36.375,2.178096329555899e-46
36.625,2.997556346302888e-46
36.875,4.123538577285014e-46
37.125,5.6700267436937845e-46
37.375,7.793138534854901e-46
37.625,1.0706606330458617e-45
37.875,1.4702910919134614e-45
38.125,2.018211962440969e-45
38.375,2.7691219972751515e-45
38.625,3.7977744785277635e-45
38.875,5.206284867459576e-45
39.125,7.134084706246601e-45
39.375,9.771473974746333e-45
39.625,1.3378064534976364e-44
39.875,1.8307868640384849e-44
40.125,2.504341140724594e-44
40.375,3.424209225306079e-44
40.625,4.679916536620151e-44
40.875,6.3933258200942e-44
41.125,8.730244128161789e-44
41.375,1.1916169296686498e-43
41.625,1.625764262252748e-43
41.875,2.21711906944462e-43
42.125,3.022253606210743e-43
42.375,4.1179696313906406e-43
42.625,5.6084858449633916e-43
42.875,7.635162345998016e-43
43.125,1.0389651696041122e-42
43.375,1.413167599627749e-42
43.625,1.921304637561333e-42
43.875,2.611010224970972e-42
44.125,3.5467502009927115e-42
44.375,4.815731060137759e-42
44.625,6.535869139774792e-42
44.875,8.866533858902614e-42
45.125,1.2023024086534242e-41
45.375,1.6296066009563367e-41
45.625,2.2078062425319295e-41
45.875,2.989841520236439e-41
46.125,4.047103550179176e-41
46.375,5.475821802408119e-41
46.625,7.40564765312809e-41
46.875,1.001118389127251e-40
47.125,1.3527464209637886e-40
47.375,1.8270726472385134e-40
47.625,2.46662774558024e-40
47.875,3.3285852872089057e-40
48.125,4.489768546911644e-40
48.375,6.0533573251253485e-40
48.625,8.15786790082322e-40
48.875,1.0989171048415294e-39
49.125,1.4796568590364802e-39
49.375,1.9914289230681352e-39
49.625,2.6790217308458385e-39
49.875,3.6024270617053036e-39
50.125,4.841964460192745e-39
50.375,6.50512050824836e-39
50.625,8.735672624882967e-39
50.875,1.1725854907371604e-38
51.125,1.5732572833441565e-38
51.375,2.1099004374061236e-38
51.625,2.8283363608658645e-38
51.875,3.7897184160022935e-38
52.125,5.075624973506066e-38
52.375,6.794831858063268e-38
52.625,9.092313798704745e-38
52.875,1.2161202993805895e-37
53.125,1.6258668915210436e-37
53.375,2.1726995395363533e-37
53.625,2.9021543082441672e-37
53.875,3.874782939133689e-37
54.125,5.1710676071028825e-37
54.375,6.897932162030446e-37
54.625,9.19736445357129e-37
54.875,1.2257828905477287e-36
55.125,1.6329365280103424e-36
55.375,2.174355498053265e-36
55.625,2.8939911827839936e-36
55.875,3.8500748285551364e-36
56.125,5.119721762510435e-36
56.375,6.805008606468617e-36
56.625,9.040991001686057e-36
56.875,1.200627654206831e-35
57.125,1.593696075173893e-35
57.375,2.1144987262476482e-35
57.625,2.8042325440866205e-35
57.875,3.71727938724002e-35
58.125,4.925392804214433e-35
58.375,6.523203664336009e-35
58.625,8.635456717729819e-35
58.875,1.1426517825581458e-34
59.125,1.5112858499111134e-34
59.375,1.9979442449944345e-34
59.625,2.640122363553674e-34
59.875,3.4871337014113043e-34
60.125,4.60380482183694e-34
60.375,6.075316082204592e-34
60.625,8.013540425145744e-34
60.875,1.0565339940050588e-33
61.125,1.3923419755691185e-33
61.375,1.834052085301445e-33
61.625,2.4147970191696136e-33
61.875,3.17799144592607e-33
62.125,4.1804963937723845e-33
62.375,5.49674928381775e-33
62.625,7.224151743647912e-33
62.875,9.490094931895293e-33
63.125,1.246111573148183e-32
63.375,1.6354824488078553e-32
63.625,2.1455435878703029e-32
63.875,2.813398177045716e-32
64.125,3.687460505790986e-32
64.375,4.8308747712180457e-32
64.625,6.325958204379148e-32
64.875,8.279972678784954e-32
65.125,1.083261845387418e-31
65.375,1.4165759282356118e-31
65.625,1.8516037300796719e-31
65.875,2.4191228609730382e-31
66.125,3.1591438676463914e-31
66.375,4.123655664491312e-31
66.625,5.380179983466938e-31
66.875,7.016371049171219e-31
67.125,9.14596499945051e-31
67.375,1.1916471452530155e-30
67.625,1.5519112617391822e-30
67.875,2.0201660561129293e-30
68.125,2.628500978148244e-30
68.375,3.418456172241145e-30
68.625,4.443780519732316e-30
68.875,5.773987086921393e-30
69.125,7.498934327814264e-30
69.375,9.734726142924686e-30
69.625,1.2631306825278639e-29
69.875,1.6382233082492586e-29
70.125,2.1237241148076537e-29
70.375,2.7518400690407776e-29
70.625,3.564086924335803e-29
70.875,4.6139544519761116e-29
71.125,5.970327415133867e-29
71.375,7.721874464746806e-29
71.625,9.982676103402182e-29
71.875,1.289943804718781e-28
72.125,1.666073212848647e-28
72.375,2.1508828924348545e-28
72.625,2.7754841667914264e-28
72.875,3.579809870885171e-28
73.125,4.6150913242833925e-28
73.375,5.947023868020936e-28
73.625,7.659810416226192e-28
73.875,9.861324050274761e-28
74.125,1.2689696149797937e-27
74.375,1.6321719609878965e-27
74.625,2.0983562009737936e-27
74.875,2.6964417074634816e-27
75.125,3.463389185446174e-27
75.375,4.446414111971813e-27
75.625,5.705803138595171e-27
75.875,7.31849596367475e-27
76.125,9.382638500666259e-27
76.375,1.2023367905209943e-26
76.625,1.5400159152388827e-26
76.875,1.971615011600876e-26
77.125,2.5229972194308164e-26
77.375,3.2270752355004203e-26
77.625,4.1257127448952134e-26
77.875,5.272133206632218e-26
78.125,6.733969874600936e-26
78.375,8.597125861849643e-26
78.625,1.097065698815701e-25
78.875,1.399294538132109e-25
79.125,1.7839501202160898e-25
79.375,2.273281702247194e-25
79.625,2.8954808793138086e-25
79.875,3.686251460558917e-25
80.125,4.690789457930272e-25
80.375,5.966279094568949e-25
80.625,7.585037765420731e-25
80.875,9.63847672036917e-25
81.125,1.2242086585484303e-24
81.375,1.5541709802715592e-24
81.625,1.972142828173632e-24
81.875,2.5013477291229618e-24
82.125,3.171069993939734e-24
82.375,4.018218556227795e-24
82.625,5.089289623661775e-24
82.875,6.4428286263117086e-24
83.125,8.152516950783847e-24
83.375,1.031104009536444e-23
83.625,1.3034932658771475e-23
83.875,1.647064382824835e-23
84.125,2.0802127046039503e-23
84.375,2.6260332134334522e-23
84.625,3.3135070845462003e-23
84.875,4.178984190132225e-23
85.125,5.268034443824117e-23
85.375,6.637758598152965e-23
85.625,8.359671078644143e-23
85.875,1.0523294665219799e-22
86.125,1.3240640554006467e-22
86.375,1.6651789078349697e-22
86.625,2.0931838018781114e-22
86.875,2.6299549304801307e-22
87.125,3.302810385752877e-22
87.375,4.1458471847540863e-22
87.625,5.201602605596151e-22
87.875,6.523117462295139e-22
88.125,8.176497274612684e-22
88.375,1.024408988283538e-21
88.625,1.2828425895253906e-21
88.875,1.605710263722001e-21
89.125,2.008883446423191e-21
89.375,2.5120944206478447e-21
89.625,3.1398634330233335e-21
89.875,3.9226454825274285e-21
90.125,4.898248114904138e-21
90.375,6.113583379965614e-21
90.625,7.626831616275998e-21
90.875,9.510112517582117e-21
91.125,1.1852780739011453e-20
91.375,1.4765490009932035e-20
91.625,1.8385202420639014e-20
91.875,2.2881359564439003e-20
92.125,2.846348115518273e-20
92.375,3.5390516561261024e-20
92.625,4.3982347781527317e-20
92.875,5.463393162971452e-20
93.125,6.783267780525027e-20
93.375,8.417979237459324e-20
93.625,1.0441647814172097e-19
93.875,1.2945608072152903e-19
94.125,1.6042350944609942e-19
94.375,1.9870355473573873e-19
94.625,2.460000793956421e-19
94.875,3.0440849393281756e-19
95.125,3.765044517217383e-19
95.375,4.654523383716981e-19
95.625,5.751379047441564e-19
95.875,7.103303334374033e-19
96.125,8.768801688239362e-19
96.375,1.0819609226392204e-18
96.625,1.334363840982216e-18
96.875,1.6448573449781807e-18
97.125,2.026625109188035e-18
97.375,2.495799706838337e-18
97.625,3.0721123345445076e-18
97.875,3.7796834581167225e-18
98.125,4.647984447437368e-18
98.375,5.71300657491039e-18
98.625,7.018681357675224e-18
98.875,8.618605391280453e-18
99.125,1.0578133866496811e-17
99.375,1.2976920258226817e-17
99.625,1.591199567700314e-17
99.875,1.950150061875881e-17
100.125,2.3889204982206077e-17
100.375,2.924998001564677e-17
100.625,3.5796419226207905e-17
100.875,4.3786845332061384e-17
101.125,5.3534988371344306e-17
101.375,6.542167766077628e-17
101.625,7.990895928140757e-17
101.875,9.755713337187901e-17
102.125,1.190453043647034e-16
102.375,1.4519615554037167e-16
102.625,1.7700580061995911e-16
102.875,2.1567973399092032e-16
103.125,2.6267610281187303e-16
103.375,3.197577648979157e-16
103.625,3.890548833326146e-16
103.875,4.731401509368176e-16
104.125,5.751191454115891e-16
104.375,6.987388014297449e-16
104.625,8.485175636887745e-16
104.875,1.0299014721130688e-15
105.125,1.2494512472755233e-15
105.375,1.5150664146337132e-15
105.625,1.836253658591776e-15
105.875,2.224447965022443e-15
106.125,2.6933967329858036e-15
106.375,3.25961895922527e-15
106.625,3.942953877073429e-15
106.875,4.767216128747319e-15
107.125,5.760977742014144e-15
107.375,6.958500957427688e-15
107.625,8.400850414789884e-15
107.875,1.0137218479274613e-14
108.125,1.2226503711986918e-14
108.375,1.473918983453157e-14
108.625,1.77595811991638e-14
108.875,2.1388460985653773e-14
109.125,2.574625037268944e-14
109.375,3.097676109073819e-14
109.625,3.7251650423268385e-14
109.875,4.4775707314509865e-14
110.125,5.379312126695141e-14
110.375,6.459491275669769e-14
110.625,7.752773564305563e-14
110.875,9.300429929659743e-14
111.125,1.1151570184472832e-13
111.375,1.3364601711457385e-13
111.625,1.6008953779480826e-13
111.875,1.9167114749955444e-13
112.125,2.293703764930481e-13
112.375,2.743497917902187e-13
112.625,3.279884844674387e-13
112.875,3.9192154794479923e-13
113.125,4.680865938013985e-13
113.375,5.587785299072555e-13
113.625,6.667140334063237e-13
113.875,7.951073931138219e-13
114.125,9.477596776862287e-13
114.375,1.1291635138227414e-12
114.625,1.3446261400792213e-12
114.875,1.6004138450588215e-12
115.125,1.9039214135156746e-12
115.375,2.2638708014755773e-12
115.625,2.6905439547415812e-12
115.875,3.196055488955102e-12
116.125,3.7946718807890884e-12
116.375,4.503184898465539e-12
116.625,5.341348248127764e-12
116.875,6.332387856490514e-12
117.125,7.50359787926019e-12
117.375,8.887036453007659e-12
117.625,1.0520337434360587e-11
117.875,1.2447656939047225e-11
118.125,1.4720776455346623e-11
118.375,1.740038772002758e-11
118.625,2.0557588476300382e-11
118.875,2.4275622758457577e-11
119.125,2.8651904553193875e-11
119.375,3.380036967160584e-11
119.625,3.985420754081358e-11
119.875,4.696903251776656e-11
120.125,5.5326563385400945e-11
120.375,6.513889007807175e-11
120.625,7.665341858669677e-11
120.875,9.01585986272723e-11
121.125,1.0599055426090186e-10
121.375,1.245407555030149e-10
121.625,1.4626488936417375e-10
121.875,1.7169311207580934e-10
122.125,2.014418908684499e-10
122.375,2.3622767403630037e-10
122.625,2.7688266264730407e-10
122.875,3.243729967141937e-10
123.125,3.798197135748051e-10
123.375,4.445228873663358e-10
123.625,5.19989416637341e-10
123.875,6.079649932448154e-10
124.125,7.104708607683114e-10
124.375,8.298460559035051e-10
124.625,9.687959229819586e-10
124.875,1.1304478013696993e-09
125.125,1.3184149096701805e-09
125.375,1.5368695912409015e-09
125.625,1.790627244591389e-09
125.875,2.0852424420723855e-09
126.125,2.4271189434728343e-09
126.375,2.8236355405954546e-09
126.625,3.2832899278007274e-09
126.875,3.8158630854810854e-09
127.125,4.432606992450326e-09
127.375,5.146458853759678e-09
127.625,5.9722854474345494e-09
127.875,6.927161662570963e-09
128.125,8.03068782825404e-09
128.375,9.305351024650714e-09
128.625,1.0776936231912678e-08
128.875,1.2474993917544574e-08
129.125,1.4433371497880752e-08
129.375,1.669081704448707e-08
129.625,1.929166465295233e-08
129.875,2.2286612062125355e-08
130.125,2.5733602420145504e-08
130.375,2.969882355477273e-08
130.625,3.425783973625274e-08
130.875,3.949687273963669e-08
131.125,4.5514251040325714e-08
131.375,5.2422048233832074e-08
131.625,6.034793428271011e-08
131.875,6.943726598703167e-08
132.125,7.985544617893605e-08
132.375,9.179058458871141e-08
132.625,1.054564971545938e-07
132.875,1.2109608478927192e-07
133.125,1.389851373147208e-07
133.375,1.5943661347899028e-07
133.625,1.82805453723537e-07
133.875,2.094939887315727e-07
134.125,2.399580138153596e-07
134.375,2.7471360695710774e-07
134.625,3.14344776873199e-07
134.875,3.5951203689973724e-07
135.125,4.1096201087992393e-07
135.375,4.6953818865808165e-07
135.625,5.361929613459058e-07
135.875,6.120010803257632e-07
136.125,6.981746991035492e-07
136.375,7.96080173738109e-07
136.625,9.072568157827279e-07
136.875,1.0334378116132971e-06
137.125,1.176573543833903e-06
137.375,1.3388575743006055e-06
137.625,1.522755574355803e-06
137.875,1.7310375162979607e-06
138.125,1.966813471115693e-06
138.375,2.2335733912947465e-06
138.625,2.535231294277759e-06
138.875,2.876174302149625e-06
139.125,3.261317036579606e-06
139.375,3.696161915232941e-06
139.625,4.18686594704236e-06
139.875,4.740314679191261e-06
140.125,5.364204008708387e-06
140.375,6.067130636527254e-06
140.625,6.858692012056518e-06
140.875,7.74959669209011e-06
141.125,8.751786119624081e-06
141.375,9.878568916222142e-06
141.625,1.1144768876380907e-05
141.875,1.2566887954300516e-05
142.125,1.4163285642993389e-05
142.375,1.5954376263203242e-05
142.625,1.79628458056117e-05
142.875,2.0213890104745686e-05
143.125,2.2735476267341017e-05
143.375,2.555862943215118e-05
143.625,2.8717747102806655e-05
143.875,3.225094347082729e-05
144.125,3.6200426332767794e-05
144.375,4.0612909404234836e-05
144.625,4.554006304465195e-05
144.875,5.103900663065515e-05
145.125,5.717284605336213e-05
145.375,6.401126006593658e-05
145.625,7.163113947331702e-05
145.875,8.01172834361221e-05
146.125,8.95631574559779e-05
146.375,0.00010007171792020061
146.625,0.00011175630841022892
146.875,0.00012474163332070945
147.125,0.00013916481469491038
147.375,0.00015517653855732954
147.625,0.00017294229741605274
147.875,0.00019264373601560913
148.125,0.0002144801078456732
148.375,0.000238669850351787
148.625,0.00026545228725102365
148.875,0.00029508946682775793
149.125,0.00032786814557190136
149.375,0.00036410192702339243
149.625,0.00040413356620155297
149.875,0.00044833745052509817
150.125,0.0004971222686669126
150.375,0.0005509338793357659
150.625,0.0006102583925333233
150.875,0.0006756254763972744
151.125,0.0007476119033080637
151.375,0.0008268453495052507
151.625,0.0009140084630273469
151.875,0.0010098432153532169
152.125,0.0011151555526806114
152.375,0.0012308203633246988
152.625,0.0013577867782527465
152.875,0.0014970838222863503
153.125,0.0016498264339953092
153.375,0.0018172218727726922
153.625,0.0020005765320136645
153.875,0.0022013031777157943
154.125,0.0024209286321699767
154.375,0.002661101922712637
154.625,0.0029236029157548946
154.875,0.0032103514564860167
155.125,0.0035234170347594827
155.375,0.0038650289977026674
155.625,0.004237587329537667
155.875,0.004643674018952771
156.125,0.0050860650341130395
156.375,0.005567742925035502
156.625,0.006091910072570521
156.875,0.006662002602616597
157.125,0.007281704983441753
157.375,0.007954965323081035
157.625,0.008686011382716694
157.875,0.00947936732071566
158.125,0.010339871180587839
158.375,0.011272693134529142
158.625,0.01228335449241488
158.875,0.013377747484103154
159.125,0.014562155820684704
159.375,0.015843276037866335
159.625,0.017228239621991343
159.875,0.018724635916274084
160.125,0.02034053580164979
160.375,0.022084516143207944
160.625,0.023965684989482785
160.875,0.02599370750791191
161.125,0.02817883263554046
161.375,0.03053192041954065
161.625,0.0330644700173329
161.875,0.03578864832103567
162.125,0.038717319165637254
162.375,0.041864073074677016
162.625,0.0452432574913509
162.875,0.04887000743682254
163.125,0.05276027653113516
163.375,0.05693086830549157
163.625,0.06139946772781226
163.875,0.06618467285640918
164.125,0.0713060265293436
164.375,0.07678404798958902
164.625,0.08264026433851675
164.875,0.08889724170248825
165.125,0.09557861598950053
165.375,0.10270912310491963
165.625,0.11031462848738592
165.875,0.11842215581801799
166.125,0.12705991474811737
166.375,0.13625732748272792
166.625,0.1460450540496706
166.875,0.15645501607610754
167.125,0.1675204188873325
167.375,0.17927577173539683
167.625,0.19175690595840345
167.875,0.20500099086490375
168.125,0.21904654713186308
168.375,0.2339334574991811
168.625,0.2497029745388285
168.875,0.266397725272347
169.125,0.2840617124068261
169.375,0.30274031195657325
169.625,0.32248026701561067
169.875,0.3433296774449081
170.125,0.36533798523798383
170.375,0.3885559553292169
170.625,0.41303565161099
170.875,0.4388304079286801
171.125,0.4659947938265859
171.375,0.49458457482319435
171.625,0.5246566670007895
171.875,0.5562690857023381
172.125,0.589480888137912
172.375,0.6243521097136494
172.625,0.660943693908457
172.875,0.6993174155373512
173.125,0.7395357972555368
173.375,0.7816620191740611
173.625,0.8257598214761487
173.875,0.8718933999431434
174.125,0.9201272943203326
174.375,0.9705262694758007
174.625,1.0231551893298316
174.875,1.0780788835582087
175.125,1.1353620071000212
175.375,1.1950688925292139
175.625,1.257263395379037
175.875,1.3220087325397336
176.125,1.3893673138821012
176.375,1.459400567292947
176.625,1.5321687573427554
176.875,1.6077307978410604
177.125,1.6861440585708576
177.375,1.7674641665298283
177.625,1.8517448020430036
177.875,1.939037490148623
178.125,2.0293913876961565
178.375,2.1228530666326444
178.625,2.219466293990375
178.875,2.319271809125429
179.125,2.422307098792406
179.375,2.5286061706756624
179.625,2.6381993260313212
179.875,2.751112932126997
180.125,2.8673691951974085
180.375,2.9869859346635668
180.625,3.109976359390868
180.875,3.2363488467869437
181.125,3.366106725563293
181.375,3.499248063005392
181.625,3.635765457613882
181.875,3.775645837994403
182.125,3.9188702688854913
182.375,4.065413765222484
182.625,4.2152451151404
182.875,4.368326712820213
183.125,4.5246144020804575
183.375,4.6840573316098935
183.625,4.846597822726509
183.875,5.012171250533707
184.125,5.180705939325762
184.375,5.352123073071687
184.625,5.5263366217792855
184.875,5.703253284509532
185.125,5.88277244977544
185.375,6.064786174019235
185.625,6.249179178817117
185.875,6.4358288674121376
186.125,6.624605361122857
186.375,6.815371556118657
186.625,7.007983200991985
186.875,7.2022889954934985
187.125,7.398130710728404
187.375,7.595343331041355
187.625,7.793755217743372
187.875,7.993188294757607
188.125,8.193458256181785
188.375,8.394374795683994
188.625,8.595741857565557
188.875,8.797357909240421
189.125,8.999016234795077
189.375,9.200505249206874
189.625,9.401608832712272
189.875,9.602106684730284
190.125,9.801774696660587
190.375,10.000385342790974
190.625,10.197708088465404
190.875,10.393509814582245
191.125,10.587555257412841
191.375,10.779607462653804
191.625,10.969428252552667
191.875,11.156778704876267
192.125,11.341419642424835
192.375,11.523112131732674
192.625,11.701617989538708
192.875,11.876700295557692
193.125,12.048123910035693
193.375,12.215655994531744
193.625,12.379066534331953
193.875,12.538128860872803
194.125,12.692620172527214
194.375,12.842322052090461
194.625,12.987020979293229
194.875,13.12650883666623
195.125,13.260583407084983
195.375,13.389048861334524
195.625,13.511716234052146
195.875,13.628403886431649
196.125,13.738937954105062
196.375,13.84315277865715
196.625,13.940891321274298
196.875,14.032005557082321
197.125,14.116356848787085
197.375,14.193816298297637
197.625,14.264265075083111
197.875,14.327594720092133
198.125,14.383707424146175
198.375,14.432516279806118
198.625,14.47394550580365
198.875,14.50793064322573
199.125,14.534418722740815
199.375,14.553368402259146
199.625,14.564750074526042
199.875,14.56854594425599
200.125,14.56475007452604
200.375,14.553368402259148
200.625,14.534418722740819
200.875,14.507930643225736
201.125,14.473945505803655
201.375,14.432516279806125
201.625,14.383707424146182
201.875,14.327594720092144
202.125,14.264265075083125
202.375,14.193816298297651
202.625,14.1163568487871
202.875,14.032005557082336
203.125,13.940891321274313
203.375,13.843152778657164
203.625,13.738937954105078
203.875,13.628403886431665
204.125,13.511716234052162
204.375,13.389048861334539
204.625,13.260583407084999
204.875,13.126508836666245
205.125,12.987020979293245
205.375,12.842322052090477
205.625,12.692620172527228
205.875,12.538128860872815
206.125,12.379066534331965
206.375,12.215655994531753
206.625,12.048123910035702
206.875,11.8767002955577
207.125,11.701617989538715
207.375,11.523112131732681
207.625,11.341419642424837
207.875,11.156778704876269
208.125,10.969428252552671
208.375,10.77960746265381
208.625,10.587555257412848
208.875,10.393509814582252
209.125,10.197708088465411
209.375,10.00038534279098
209.625,9.801774696660594
209.875,9.602106684730291
210.125,9.401608832712277
210.375,9.20050524920688
210.625,8.999016234795082
210.875,8.797357909240423
211.125,8.595741857565558
211.375,8.394374795683998
211.625,8.193458256181788
211.875,7.99318829475761
212.125,7.793755217743377
212.375,7.595343331041361
212.625,7.39813071072841
212.875,7.202288995493506
213.125,7.007983200991991
213.375,6.815371556118661
213.625,6.62460536112286
213.875,6.435828867412142
214.125,6.249179178817119
214.375,6.064786174019238
214.625,5.882772449775444
214.875,5.703253284509536
215.125,5.526336621779289
215.375,5.35212307307169
215.625,5.180705939325765
215.875,5.01217125053371
216.125,4.846597822726513
216.375,4.684057331609895
216.625,4.52461440208046
216.875,4.368326712820215
217.125,4.2152451151404025
217.375,4.065413765222486
217.625,3.9188702688854935
217.875,3.7756458379944045
218.125,3.6357654576138834
218.375,3.4992480630053926
218.625,3.3661067255632933
218.875,3.236348846786944
219.125,3.1099763593908683
219.375,2.9869859346635668
219.625,2.867369195197409
219.875,2.7511129321269974
220.125,2.6381993260313212
220.375,2.5286061706756624
220.625,2.422307098792406
220.875,2.319271809125429
221.125,2.219466293990375
221.375,2.1228530666326444
221.625,2.029391387696157
221.875,1.9390374901486231
222.125,1.8517448020430036
222.375,1.7674641665298279
222.625,1.6861440585708576
222.875,1.6077307978410607
223.125,1.5321687573427554
223.375,1.4594005672929469
223.625,1.3893673138821012
223.875,1.3220087325397332
224.125,1.2572633953790369
224.375,1.1950688925292139
224.625,1.1353620071000212
224.875,1.0780788835582087
225.125,1.0231551893298318
225.375,0.970526269475801
225.625,0.920127294320333
225.875,0.871893399943144
226.125,0.8257598214761492
226.375,0.7816620191740616
226.625,0.7395357972555371
226.875,0.6993174155373514
227.125,0.6609436939084574
227.375,0.6243521097136497
227.625,0.5894808881379124
227.875,0.5562690857023385
228.125,0.52465666700079
228.375,0.4945845748231946
228.625,0.46599479382658615
228.875,0.4388304079286805
229.125,0.4130356516109905
229.375,0.38855595532921733
229.625,0.36533798523798433
229.875,0.3433296774449086
230.125,0.3224802670156111
230.375,0.3027403119565737
230.625,0.2840617124068265
230.875,0.2663977252723475
231.125,0.24970297453882895
231.375,0.23393345749918157
231.625,0.21904654713186353
231.875,0.20500099086490417
232.125,0.1917569059584038
232.375,0.17927577173539722
232.625,0.16752041888733285
232.875,0.15645501607610782
233.125,0.14604505404967086
233.375,0.13625732748272812
233.625,0.12705991474811756
233.875,0.11842215581801818
234.125,0.1103146284873861
234.375,0.10270912310491977
234.625,0.09557861598950067
234.875,0.08889724170248839
235.125,0.08264026433851686
235.375,0.07678404798958914
235.625,0.07130602652934372
235.875,0.06618467285640929
236.125,0.06139946772781238
236.375,0.05693086830549169
236.625,0.05276027653113527
236.875,0.048870007436822634
237.125,0.045243257491350976
237.375,0.04186407307467708
237.625,0.038717319165637316
237.875,0.03578864832103572
238.125,0.03306447001733294
238.375,0.03053192041954069
238.625,0.02817883263554049
238.875,0.025993707507911936
239.125,0.023965684989482813
239.375,0.022084516143207975
239.625,0.02034053580164982
239.875,0.018724635916274112
240.125,0.017228239621991367
240.375,0.015843276037866363
240.625,0.014562155820684729
240.875,0.013377747484103177
241.125,0.012283354492414897
241.375,0.011272693134529157
241.625,0.010339871180587849
241.875,0.00947936732071567
242.125,0.008686011382716706
242.375,0.007954965323081044
242.625,0.007281704983441762
242.875,0.006662002602616604
243.125,0.0060919100725705284
243.375,0.005567742925035508
243.625,0.005086065034113045
243.875,0.004643674018952776
244.125,0.0042375873295376724
244.375,0.0038650289977026717
244.625,0.0035234170347594866
244.875,0.003210351456486021
245.125,0.0029236029157548985
245.375,0.0026611019227126415
245.625,0.0024209286321699806
245.875,0.0022013031777157977
246.125,0.0020005765320136675
246.375,0.001817221872772695
246.625,0.0016498264339953118
246.875,0.0014970838222863527
247.125,0.0013577867782527486
247.375,0.0012308203633247005
247.625,0.0011151555526806127
247.875,0.0010098432153532177
248.125,0.0009140084630273478
248.375,0.0008268453495052513
248.625,0.0007476119033080644
248.875,0.0006756254763972748
249.125,0.0006102583925333237
249.375,0.0005509338793357663
249.625,0.0004971222686669132
249.875,0.00044833745052509855
250.125,0.00040413356620155335
250.375,0.00036410192702339276
250.625,0.0003278681455719017
250.875,0.00029508946682775826
251.125,0.00026545228725102397
251.375,0.00023866985035178725
251.625,0.00021448010784567344
251.875,0.00019264373601560937
252.125,0.00017294229741605298
252.375,0.00015517653855732976
252.625,0.00013916481469491063
252.875,0.00012474163332070967
253.125,0.00011175630841022915
253.375,0.00010007171792020078
253.625,8.956315745597808e-05
253.875,8.011728343612228e-05
254.125,7.163113947331719e-05
254.375,6.401126006593673e-05
254.625,5.717284605336227e-05
254.875,5.1039006630655284e-05
255.125,4.554006304465207e-05
255.375,4.061290940423493e-05
255.625,3.620042633276786e-05
255.875,3.225094347082736e-05
256.125,2.8717747102806716e-05
256.375,2.5558629432151228e-05
256.625,2.2735476267341058e-05
256.875,2.021389010474572e-05
257.125,1.7962845805611735e-05
257.375,1.595437626320327e-05
257.625,1.4163285642993411e-05
257.875,1.2566887954300533e-05
258.125,1.114476887638092e-05
258.375,9.878568916222152e-06
258.625,8.751786119624088e-06
258.875,7.749596692090118e-06
259.125,6.858692012056523e-06
259.375,6.067130636527258e-06
259.625,5.36420400870839e-06
259.875,4.740314679191264e-06
260.125,4.186865947042364e-06
260.375,3.6961619152329445e-06
260.625,3.2613170365796094e-06
260.875,2.876174302149628e-06
261.125,2.535231294277762e-06
261.375,2.233573391294749e-06
261.625,1.9668134711156948e-06
261.875,1.731037516297962e-06
262.125,1.5227555743558043e-06
262.375,1.3388575743006065e-06
262.625,1.1765735438339035e-06
262.875,1.0334378116132974e-06
263.125,9.072568157827277e-07
263.375,7.960801737381088e-07
263.625,6.981746991035488e-07
263.875,6.120010803257629e-07
264.125,5.361929613459054e-07
264.375,4.6953818865808134e-07
264.625,4.109620108799236e-07
264.875,3.595120368997371e-07
265.125,3.143447768731988e-07
265.375,2.747136069571076e-07
265.625,2.399580138153594e-07
265.875,2.0949398873157253e-07
266.125,1.8280545372353684e-07
266.375,1.5943661347899012e-07
266.625,1.3898513731472067e-07
266.875,1.2109608478927181e-07
267.125,1.054564971545937e-07
267.375,9.179058458871133e-08
267.625,7.9855446178936e-08
267.875,6.943726598703161e-08
268.125,6.034793428271006e-08
268.375,5.242204823383203e-08
268.625,4.5514251040325674e-08
268.875,3.949687273963666e-08
269.125,3.425783973625271e-08
269.375,2.96988235547727e-08
269.625,2.5733602420145484e-08
269.875,2.2286612062125342e-08
270.125,1.929166465295232e-08
270.375,1.669081704448706e-08
270.625,1.4433371497880744e-08
270.875,1.247499391754457e-08
271.125,1.0776936231912677e-08
271.375,9.305351024650714e-09
271.625,8.03068782825404e-09
271.875,6.9271616625709616e-09
272.125,5.972285447434548e-09
272.375,5.1464588537596766e-09
272.625,4.4326069924503245e-09
272.875,3.8158630854810854e-09
273.125,3.283289927800728e-09
273.375,2.823635540595455e-09
273.625,2.4271189434728343e-09
273.875,2.085242442072386e-09
274.125,1.7906272445913892e-09
274.375,1.5368695912409015e-09
274.625,1.3184149096701805e-09
274.875,1.1304478013696995e-09
275.125,9.68795922981959e-10
275.375,8.298460559035054e-10
275.625,7.104708607683118e-10
275.875,6.079649932448158e-10
276.125,5.199894166373413e-10
276.375,4.4452288736633606e-10
276.625,3.798197135748052e-10
276.875,3.2437299671419383e-10
277.125,2.768826626473041e-10
277.375,2.3622767403630037e-10
277.625,2.0144189086844984e-10
277.875,1.7169311207580928e-10
278.125,1.462648893641737e-10
278.375,1.2454075550301486e-10
278.625,1.0599055426090181e-10
278.875,9.015859862727224e-11
279.125,7.665341858669672e-11
279.375,6.513889007807172e-11
279.625,5.532656338540093e-11
279.875,4.6969032517766554e-11
280.125,3.985420754081359e-11
280.375,3.380036967160585e-11
280.625,2.865190455319388e-11
280.875,2.427562275845758e-11
281.125,2.0557588476300382e-11
281.375,1.7400387720027584e-11
281.625,1.4720776455346623e-11
281.875,1.2447656939047225e-11
282.125,1.0520337434360589e-11
282.375,8.887036453007662e-12
282.625,7.503597879260193e-12
282.875,6.332387856490517e-12
283.125,5.341348248127768e-12
283.375,4.503184898465542e-12
283.625,3.794671880789091e-12
283.875,3.1960554889551034e-12
284.125,2.6905439547415825e-12
284.375,2.263870801475578e-12
284.625,1.903921413515675e-12
284.875,1.6004138450588217e-12
285.125,1.3446261400792217e-12
285.375,1.1291635138227416e-12
285.625,9.477596776862285e-13
285.875,7.951073931138219e-13
286.125,6.667140334063236e-13
286.375,5.587785299072556e-13
286.625,4.680865938013985e-13
286.875,3.9192154794479923e-13
287.125,3.2798848446743873e-13
287.375,2.7434979179021876e-13
287.625,2.293703764930482e-13
287.875,1.916711474995545e-13
288.125,1.600895377948083e-13
288.375,1.336460171145739e-13
288.625,1.1151570184472836e-13
288.875,9.300429929659749e-14
289.125,7.752773564305566e-14
289.375,6.459491275669773e-14
289.625,5.379312126695145e-14
289.875,4.477570731450991e-14
290.125,3.725165042326842e-14
290.375,3.097676109073823e-14
290.625,2.574625037268947e-14
290.875,2.1388460985653795e-14
291.125,1.7759581199163812e-14
291.375,1.4739189834531578e-14
291.625,1.2226503711986926e-14
291.875,1.0137218479274622e-14
292.125,8.400850414789893e-15
292.375,6.958500957427696e-15
292.625,5.760977742014151e-15
292.875,4.767216128747325e-15
293.125,3.942953877073433e-15
293.375,3.259618959225274e-15
293.625,2.6933967329858067e-15
293.875,2.224447965022446e-15
294.125,1.8362536585917783e-15
294.375,1.5150664146337152e-15
294.625,1.2494512472755249e-15
294.875,1.0299014721130702e-15
295.125,8.485175636887755e-16
295.375,6.987388014297457e-16
295.625,5.751191454115898e-16
295.875,4.731401509368181e-16
296.125,3.890548833326149e-16
296.375,3.197577648979159e-16
296.625,2.626761028118732e-16
296.875,2.1567973399092045e-16
297.125,1.7700580061995924e-16
297.375,1.4519615554037182e-16
297.625,1.1904530436470355e-16
297.875,9.755713337187914e-17
298.125,7.990895928140767e-17
298.375,6.542167766077637e-17
298.625,5.353498837134437e-17
298.875,4.3786845332061427e-17
299.125,3.579641922620794e-17
299.375,2.924998001564681e-17
299.625,2.3889204982206102e-17
299.875,1.9501500618758832e-17
300.125,1.5911995677003157e-17
300.375,1.2976920258226827e-17
300.625,1.057813386649682e-17
300.875,8.618605391280462e-18
301.125,7.018681357675232e-18
301.375,5.713006574910397e-18
301.625,4.647984447437373e-18
301.875,3.779683458116727e-18
302.125,3.0721123345445114e-18
302.375,2.4957997068383403e-18
302.625,2.026625109188037e-18
302.875,1.6448573449781819e-18
303.125,1.3343638409822167e-18
303.375,1.0819609226392212e-18
303.625,8.768801688239365e-19
303.875,7.103303334374036e-19
304.125,5.751379047441565e-19
304.375,4.654523383716983e-19
304.625,3.765044517217385e-19
304.875,3.044084939328176e-19
305.125,2.4600007939564217e-19
305.375,1.9870355473573875e-19
305.625,1.6042350944609947e-19
305.875,1.2945608072152906e-19
306.125,1.04416478141721e-19
306.375,8.417979237459326e-20
306.625,6.783267780525032e-20
306.875,5.463393162971457e-20
307.125,4.398234778152735e-20
307.375,3.539051656126104e-20
307.625,2.8463481155182743e-20
307.875,2.2881359564439015e-20
308.125,1.838520242063902e-20
308.375,1.4765490009932035e-20
308.625,1.1852780739011455e-20
308.875,9.510112517582119e-21
309.125,7.626831616276e-21
309.375,6.113583379965615e-21
309.625,4.898248114904139e-21
309.875,3.9226454825274285e-21
310.125,3.1398634330233335e-21
310.375,2.512094420647845e-21
310.625,2.0088834464231913e-21
310.875,1.6057102637220017e-21
311.125,1.2828425895253912e-21
311.375,1.0244089882835385e-21
311.625,8.176497274612689e-22
311.875,6.523117462295142e-22
312.125,5.201602605596153e-22
312.375,4.145847184754088e-22
312.625,3.3028103857528786e-22
312.875,2.629954930480132e-22
313.125,2.0931838018781129e-22
313.375,1.6651789078349713e-22
313.625,1.3240640554006478e-22
313.875,1.0523294665219807e-22
314.125,8.359671078644151e-23
314.375,6.63775859815297e-23
314.625,5.268034443824123e-23
314.875,4.1789841901322295e-23
315.125,3.313507084546204e-23
315.375,2.6260332134334555e-23
315.625,2.080212704603953e-23
315.875,1.6470643828248372e-23
316.125,1.3034932658771491e-23
316.375,1.0311040095364454e-23
316.625,8.152516950783859e-24
316.875,6.442828626311717e-24
317.125,5.089289623661781e-24
317.375,4.0182185562278e-24
317.625,3.1710699939397368e-24
317.875,2.5013477291229636e-24
318.125,1.972142828173633e-24
318.375,1.5541709802715595e-24
318.625,1.2242086585484304e-24
318.875,9.63847672036917e-25
319.125,7.585037765420733e-25
319.375,5.966279094568951e-25
319.625,4.6907894579302735e-25
319.875,3.686251460558919e-25
320.125,2.8954808793138105e-25
320.375,2.2732817022471956e-25
320.625,1.7839501202160912e-25
320.875,1.39929453813211e-25
321.125,1.0970656988157015e-25
321.375,8.597125861849647e-26
321.625,6.733969874600939e-26
321.875,5.27213320663222e-26
322.125,4.125712744895216e-26
322.375,3.2270752355004226e-26
322.625,2.5229972194308184e-26
322.875,1.9716150116008774e-26
323.125,1.5400159152388838e-26
323.375,1.2023367905209948e-26
323.625,9.382638500666264e-27
323.875,7.318495963674755e-27
324.125,5.705803138595173e-27
324.375,4.446414111971815e-27
324.625,3.4633891854461746e-27
324.875,2.6964417074634816e-27
325.125,2.0983562009737933e-27
325.375,1.632171960987896e-27
325.625,1.2689696149797937e-27
325.875,9.861324050274761e-28
326.125,7.659810416226189e-28
326.375,5.947023868020934e-28
326.625,4.615091324283392e-28
326.875,3.5798098708851707e-28
327.125,2.7754841667914264e-28
327.375,2.1508828924348545e-28
327.625,1.6660732128486468e-28
327.875,1.289943804718781e-28
328.125,9.982676103402181e-29
328.375,7.721874464746806e-29
328.625,5.970327415133866e-29
328.875,4.6139544519761093e-29
329.125,3.564086924335801e-29
329.375,2.7518400690407765e-29
329.625,2.1237241148076526e-29
329.875,1.6382233082492575e-29
330.125,1.2631306825278633e-29
330.375,9.73472614292468e-30
330.625,7.498934327814261e-30
330.875,5.773987086921392e-30
331.125,4.443780519732315e-30
331.375,3.418456172241143e-30
331.625,2.628500978148242e-30
331.875,2.0201660561129275e-30
332.125,1.55191126173918e-30
332.375,1.191647145253014e-30
332.625,9.145964999450497e-31
332.875,7.01637104917121e-31
333.125,5.380179983466931e-31
333.375,4.123655664491306e-31
333.625,3.159143867646387e-31
333.875,2.4191228609730347e-31
334.125,1.851603730079669e-31
334.375,1.4165759282356098e-31
334.625,1.0832618453874166e-31
334.875,8.279972678784945e-32
335.125,6.325958204379143e-32
335.375,4.83087477121804e-32
335.625,3.687460505790983e-32
335.875,2.8133981770457126e-32
336.125,2.1455435878703012e-32
336.375,1.6354824488078537e-32
336.625,1.2461115731481817e-32
336.875,9.490094931895283e-33
337.125,7.224151743647905e-33
337.375,5.496749283817745e-33
337.625,4.18049639377238e-33
337.875,3.177991445926066e-33
338.125,2.414797019169611e-33
338.375,1.8340520853014428e-33
338.625,1.3923419755691166e-33
338.875,1.0565339940050572e-33
339.125,8.013540425145732e-34
339.375,6.075316082204582e-34
339.625,4.603804821836932e-34
339.875,3.4871337014112987e-34
340.125,2.6401223635536695e-34
340.375,1.99794424499443e-34
340.625,1.51128584991111e-34
340.875,1.142651782558143e-34
341.125,8.635456717729797e-35
341.375,6.523203664335993e-35
341.625,4.925392804214422e-35
341.875,3.7172793872400125e-35
342.125,2.804232544086615e-35
342.375,2.114498726247644e-35
342.625,1.5936960751738896e-35
342.875,1.2006276542068285e-35
343.125,9.040991001686037e-36
343.375,6.805008606468602e-36
343.625,5.1197217625104246e-36
343.875,3.850074828555128e-36
344.125,2.8939911827839875e-36
344.375,2.1743554980532604e-36
344.625,1.6329365280103394e-36
344.875,1.2257828905477262e-36
345.125,9.19736445357127e-37
345.375,6.89793216203043e-37
345.625,5.17106760710287e-37
345.875,3.874782939133681e-37
346.125,2.90215430824416e-37
346.375,2.1726995395363487e-37
346.625,1.6258668915210403e-37
346.875,1.2161202993805868e-37
347.125,9.092313798704724e-38
347.375,6.794831858063252e-38
347.625,5.075624973506055e-38
347.875,3.789718416002284e-38
348.125,2.8283363608658577e-38
348.375,2.1099004374061183e-38
348.625,1.5732572833441523e-38
348.875,1.1725854907371573e-38
349.125,8.735672624882945e-39
349.375,6.505120508248343e-39
349.625,4.841964460192732e-39
349.875,3.602427061705294e-39
350.125,2.679021730845831e-39
350.375,1.9914289230681297e-39
350.625,1.479656859036476e-39
350.875,1.0989171048415261e-39
351.125,8.157867900823198e-40
351.375,6.053357325125331e-40
351.625,4.48976854691163e-40
351.875,3.3285852872088946e-40
352.125,2.466627745580232e-40
352.375,1.8270726472385074e-40
352.625,1.352746420963784e-40
352.875,1.0011183891272478e-40
353.125,7.405647653128067e-41
353.375,5.475821802408101e-41
353.625,4.0471035501791643e-41
353.875,2.98984152023643e-41
354.125,2.2078062425319226e-41
354.375,1.6296066009563313e-41
354.625,1.2023024086534204e-41
354.875,8.866533858902586e-42
355.125,6.535869139774772e-42
355.375,4.8157310601377445e-42
355.625,3.5467502009927006e-42
355.875,2.611010224970964e-42
356.125,1.9213046375613274e-42
356.375,1.4131675996277446e-42
356.625,1.0389651696041087e-42
356.875,7.635162345997993e-43
357.125,5.608485844963374e-43
357.375,4.117969631390627e-43
357.625,3.0222536062107336e-43
357.875,2.2171190694446125e-43
358.125,1.6257642622527422e-43
358.375,1.1916169296686454e-43
358.625,8.730244128161758e-44
358.875,6.393325820094178e-44
359.125,4.679916536620134e-44
359.375,3.4242092253060653e-44
359.625,2.5043411407245837e-44
359.875,1.8307868640384771e-44
360.125,1.3378064534976311e-44
360.375,9.771473974746295e-45
360.625,7.134084706246575e-45
360.875,5.2062848674595564e-45
361.125,3.797774478527749e-45
361.375,2.769121997275141e-45
361.625,2.018211962440961e-45
361.875,1.4702910919134555e-45
362.125,1.0706606330458574e-45
362.375,7.79313853485487e-46
362.625,5.670026743693763e-46
362.875,4.123538577284999e-46
363.125,2.9975563463028768e-46
363.375,2.178096329555891e-46
363.625,1.5819739953566266e-46
363.875,1.148508521785445e-46
364.125,8.334543614217342e-47
364.375,6.045639411907185e-47
364.625,4.383445061408523e-47
364.875,3.1768879778841794e-47
365.125,2.3014488966803064e-47
365.375,1.6665331902973757e-47
365.625,1.2062571237157123e-47
365.875,8.727285884920262e-48
366.125,6.311491438215579e-48
366.375,4.56245265745946e-48
366.625,3.296692340006408e-48
366.875,2.381070404591177e-48
367.125,1.7190160067560938e-48
367.375,1.2405137021271162e-48
367.625,8.948232662170275e-49
367.875,6.451892494967424e-49
368.125,4.649981504677196e-49
368.375,3.3498832623510446e-49
368.625,2.4122513622210833e-49
368.875,1.7363208630669726e-49
369.125,1.2492577105045997e-49
369.375,8.984394663097068e-50
369.625,6.458630323064209e-50
369.875,4.640950675375045e-50
370.125,3.3334081545710336e-50
370.375,2.3932338981144155e-50
370.625,1.7175010255397765e-50
370.875,1.2320381836745128e-50
371.125,8.834189886083901e-51
371.375,6.33176499453392e-51
371.625,4.536265201744942e-51
371.875,3.2485366685505935e-51
372.125,2.3253744363333822e-51
372.375,1.663848939348059e-51
372.625,1.1900107118053536e-51
372.875,8.507538428020721e-52
373.125,6.0795738278416385e-52
373.375,4.342687900918003e-52
373.625,3.100705086770538e-52
373.875,2.2129864868300938e-52
374.125,1.5787509170789725e-52
374.375,1.125810045636709e-52
374.625,8.02478433278132e-53
374.875,5.717661784018829e-53
375.125,4.0721193051116126e-53
375.375,2.8989422263827676e-53
375.625,2.0628885192123673e-53
375.875,1.467334691837962e-53
376.125,1.0432777299588063e-53
376.375,7.414606530756922e-54
376.625,5.267369678005749e-54
376.875,3.740391861995047e-54
377.125,2.654960829771091e-54
377.375,1.883722563234752e-54
377.625,1.3359606461528298e-54
377.875,9.47083762369085e-55
378.125,6.711215943455504e-55
378.375,4.753705017310957e-55
378.625,3.365747520905137e-55
378.875,2.3820409701239536e-55
379.125,1.6851377298201276e-55
379.375,1.1916265142027788e-55
379.625,8.42293772748021e-56
379.875,5.951217120489935e-56
380.125,4.203072392223382e-56
380.375,2.967200625965397e-56
380.625,2.093852172942212e-56
380.875,1.4769448613396538e-56
381.125,1.0413621873422086e-56
381.375,7.33936826239009e-57
381.625,5.170529321819939e-57
381.875,3.641085508876502e-57
382.125,2.562986950571931e-57
382.375,1.8033567610713283e-57
382.625,1.2683430904623655e-57
382.875,8.916856480037222e-58
383.125,6.2662372929657866e-58
383.375,4.4017160704611964e-58
383.625,3.0907041722732496e-58
383.875,2.1692678174497314e-58
384.125,1.5219112474217344e-58
384.375,1.0672987368221476e-58
384.625,7.481751450967656e-59
384.875,5.242534134203333e-59
385.125,3.6719779384121366e-59
385.375,2.5708679059302714e-59
385.625,1.799204224043782e-59
385.875,1.2586421115465225e-59
386.125,8.801268054973498e-60
386.375,6.151903706090337e-60
386.625,4.298284892427256e-60
386.875,3.001942368560321e-60
387.125,2.0957095139821707e-60
387.375,1.4624515870871125e-60
387.625,1.0201256951323763e-60
387.875,7.112917114283115e-61
388.125,4.9575120511197364e-61
388.375,3.453837302387243e-61
388.625,2.405260594331228e-61
388.875,1.6743438729468118e-61
389.125,1.165063336657013e-61
389.375,8.103578967273157e-62
389.625,5.634128564966009e-62
389.875,3.915608708510382e-62
390.125,2.720160714109005e-62
390.375,1.8889161719520888e-62
390.625,1.3111541235980337e-62
390.875,9.097411554074426e-63
391.125,6.309647139685316e-63
391.375,4.3743701919320665e-63
391.625,3.031442410411367e-63
391.875,2.0999383045671365e-63
392.125,1.4540765497831632e-63
392.375,1.0064486561269675e-63
392.625,6.963373555407531e-64
392.875,4.8158347508696024e-64
393.125,3.329257360567789e-64
393.375,2.300632062602804e-64
393.625,1.5891726121773524e-64
393.875,1.0972843308479938e-64
394.125,7.573411998782721e-65
394.375,5.225025192891633e-65
394.625,3.6033769482493552e-65
394.875,2.484023001071712e-65
395.125,1.7116945207267087e-65
395.375,1.1790216669072262e-65
395.625,8.11787566996487e-66
395.875,5.587125379998844e-66
396.125,3.843797013857184e-66
396.375,2.643380229025835e-66
396.625,1.8171398975876678e-66
396.875,1.248681233279031e-66
397.125,8.577481733467038e-67
397.375,5.8902723294045996e-67
397.625,4.044138414824975e-67
397.875,2.7767294756900547e-67
398.125,1.907547299803664e-67
398.375,1.3125423645332564e-67
398.625,9.066170284391479e-68
398.875,6.315971715476103e-68
399.125,4.479923873036241e-68
399.375,3.293915283401545e-68
399.625,2.5870767319731177e-68
399.875,2.257449682595894e-68
