Time_hours,I2_diff_nM,I2_percent_diff,S2_free_diff_nM,S2_free_percent_diff,S2_total_diff_nM,S2_total_percent_diff,COMSOL_I2_nM,FiPy_I2_nM
0.0,0.0,0.0,3.102856038473922e-09,3.102856038473922e-09,3.102856038473922e-09,6.084031447988083e-11,100.0,100.0
0.016666666666666666,-1.861721443674469e-09,-1.861721443674469e-09,2.2424222932766844e-08,2.2424222932766844e-08,9.386506736818412e-07,1.840491517023218e-08,100.0,99.99999999813828
0.03333333333333333,-1.5286005350390042e-08,-1.5286005350390042e-08,8.76635254081345e-08,8.766352540813448e-08,7.610546863211987e-06,1.4922640908258798e-07,100.00000000000264,99.99999998471664
0.05,-1.6236234046118625e-07,-1.6236234046118625e-07,2.465328862182213e-07,2.465328862182213e-07,8.060864118353618e-05,1.5805615918340427e-06,100.00000000016956,99.99999983780722
0.06666666666666667,-4.960982948887249e-07,-4.960982948887249e-07,5.590348745327981e-07,5.590348745327981e-07,0.00024645483777048104,4.832447799421196e-06,100.00000000211404,99.99999950601574
0.08333333333333333,-1.1576102139088107e-06,-1.1576102139088107e-06,1.0845417909608195e-06,1.0845417909608195e-06,0.0005744625065754429,1.1263970717165548e-05,100.00000001715546,99.99999885954524
0.1,-2.3352967275513947e-06,-2.3352967275513947e-06,1.8773818181362204e-06,1.8773818181362204e-06,0.0011555743959398633,2.265832148901693e-05,100.00000006703857,99.99999773174184
0.11666666666666667,-4.258710774251995e-06,-4.258710774251995e-06,2.982850078865174e-06,2.982850078865174e-06,0.002097687779448771,4.113113293036806e-05,100.00000018350686,99.99999592479608
0.13333333333333333,-7.198002521136004e-06,-7.198002521136004e-06,4.431761846290062e-06,4.431761846290062e-06,0.0035222997610036577,6.906470119615015e-05,100.00000041551507,99.99999321751255
0.15,-1.1456140313725882e-05,-1.1456140313725882e-05,6.243735208495859e-06,6.243735208495859e-06,0.005561649601247529,0.00010905195296563782,100.0000008297298,99.99998937358949
0.16666666666666666,-1.7395485784277298e-05,-1.7395485784277298e-05,8.429121198559376e-06,8.429121198559376e-06,0.008367283095014279,0.0001640643744120447,100.0000015447637,99.99998414927792
0.18333333333333332,-2.538280196517917e-05,-2.538280196517917e-05,1.0991482246379913e-05,1.0991482246379913e-05,0.012097432110890793,0.00023720455119393712,100.00000268256493,99.99997729976296
0.2,-3.5355795475311425e-05,-3.5355795475311425e-05,1.3930173412273386e-05,1.3930173412273386e-05,0.01686331724080865,0.00033065327923154217,100.00000393979194,99.99996858399646
0.21666666666666667,-4.7366499202894374e-05,-4.7366499202894374e-05,1.7240352821014596e-05,1.7240352821014596e-05,0.022729343077743505,0.0004456733936812452,100.00000513447762,99.99995776797842
0.23333333333333334,-6.158629966535045e-05,-6.158629966535045e-05,2.091559170610554e-05,2.0915591706105542e-05,0.02973345213804842,0.0005830088654519298,100.00000621293707,99.9999446266374
0.25,-7.822279128788523e-05,-7.822279128788523e-05,2.4949741163600715e-05,2.4949741163600715e-05,0.03790185128773913,0.0007431735546615516,100.00000716732507,99.99992894453378
0.26666666666666666,-9.760641893308275e-05,-9.760641893308275e-05,2.9339400169178615e-05,2.9339400169178615e-05,0.04719350511869084,0.0009253628454645262,100.00000812204429,99.99991051562536
0.2833333333333333,-0.00011991494105245692,-0.00011991494105245692,3.4077639228809905e-05,3.4077639228809905e-05,0.0577349036763121,0.001132056934829649,100.0000090572618,99.99988914232075
0.3,-0.00014626885014479285,-0.00014626885014479285,3.915758701965641e-05,3.915758701965641e-05,0.0693060726068065,0.0013589426001334609,100.00001090286574,99.9998646340156
0.31666666666666665,-0.0001765103984041616,-0.0001765103984041616,4.4579161704687903e-05,4.4579161704687903e-05,0.08211647470178259,0.0016101269549369133,100.0000133156694,99.999836805271
0.3333333333333333,-0.00021123562075331392,-0.00021123562075331392,5.0411126404550824e-05,5.0411126404550824e-05,0.09604126940938838,0.0018831621452821252,100.00001639703065,99.9998051614099
0.35,-0.00025044870982071643,-0.00025044870982071643,5.653447510225178e-05,5.653447510225178e-05,0.11087182684401226,0.0021739573890982794,100.00002019168645,99.99976974297662
0.36666666666666664,-0.0002933328967316129,-0.0002933328967316129,6.301057240087872e-05,6.301057240087872e-05,0.12684848198660564,0.0024872251369922674,100.00002368589026,99.99973035299352
0.38333333333333336,-0.00033748505941844087,-0.00033748505941844087,6.984488695897949e-05,6.984488695897949e-05,0.14406237351214435,0.0028247524218067517,100.00002427309978,99.99968678804036
0.4,-0.00038440249210225375,-0.00038440249210225375,7.706175095479994e-05,7.706175095479994e-05,0.16262434335157694,0.0031887126147368025,100.0000232394934,99.9996388370013
0.4166666666666667,-0.00043430641149200255,-0.00043430641149200255,8.468454864880213e-05,8.468454864880213e-05,0.18264504124709866,0.003581275318570562,100.0000205850711,99.9995862786596
0.43333333333333335,-0.00048743060318656717,-0.00048743060318656717,9.274116139617676e-05,9.274116139617676e-05,0.20424140034969612,0.00400473334019012,100.00001630983289,99.9995288792297
0.45,-0.0005387529921847545,-0.0005387529921847545,0.00010119136665706724,0.00010119136665706724,0.22711598965079977,0.004453254699035289,100.00000514285298,99.9994663898608
0.4666666666666667,-0.0005886090353612872,-0.0005886090353612872,0.00011007336219249414,0.00011007336219249414,0.2514075963905398,0.004929560713539996,99.99998715314416,99.9993985441088
0.48333333333333334,-0.0006394866616545869,-0.0006394866616545869,0.00011945965703136967,0.00011945965703136967,0.2774357657299731,0.005439916975097512,99.99996454202774,99.99932505536609
0.5,-0.0006916952674060894,-0.0006916952674060894,0.00012939745085989367,0.00012939745085989367,0.30535524023358357,0.0059873576516388935,99.99993730950371,99.9992456142363
0.5166666666666667,-0.0007455703488972176,-0.0007455703488972176,0.00013993909879509827,0.00013993909879509827,0.33533338963298337,0.006575164502607517,99.9999054561883,99.9991598858394
0.5333333333333333,-0.0008027431154005171,-0.0008027431154005171,0.0001509314869313838,0.0001509314869313838,0.367311947790838,0.007202195054722314,99.99987025014772,99.99906750703232
0.55,-0.0008627876081277464,-0.0008627876081277464,0.0001625748040245334,0.00016257480402453344,0.4016432752533159,0.00787535833830031,99.99983087113907,99.99896808353094
0.5666666666666667,-0.0009261322427818186,-0.0009261322427818186,0.00017493872831154706,0.00017493872831154706,0.43854163019871356,0.008598855494092422,99.99978731916232,99.99886118691954
0.5833333333333334,-0.0009932426825258744,-0.0009932426825258744,0.00018809924764522475,0.00018809924764522475,0.47823989440073483,0.009377252831386957,99.99973959421749,99.99874635153496
0.6,-0.0010642086020737906,-0.0010642086020737906,0.00020203182471127088,0.00020203182471127088,0.5211581127750229,0.010218786525000448,99.99968727981611,99.99862307121404
0.6166666666666667,-0.001138863320406358,-0.001138863320406358,0.00021664164975182765,0.00021664164975182765,0.5678586092064791,0.011134482533460376,99.9996296592144,99.998490795894
0.6333333333333333,-0.0012184488248578873,-0.0012184488248578873,0.00023219149240075732,0.00023219149240075732,0.6183819015973939,0.012125135325439096,99.9995673768817,99.99834892805684
0.65,-0.0013036138083890592,-0.0013036138083890592,0.00024878603689205996,0.00024878603689205996,0.6730523690454728,0.013197105275401428,99.999500432818,99.9981968190096
0.6666666666666666,-0.0013950620294309601,-0.0013950620294309601,0.0002665381011955356,0.0002665381011955356,0.732221912157174,0.014357292395238707,99.99942882702331,99.99803376499388
0.6833333333333333,-0.0014971166906150302,-0.0014971166906150302,0.0002852219426453552,0.0002852219426453552,0.7983835778918366,0.015654579958663463,99.99935611980914,99.99785900311852
0.7,-0.001610356727738349,-0.001610356727738349,0.0003049920265213108,0.0003049920265213108,0.8718037947022292,0.01709419205298489,99.9992820638369,99.99767170710916
0.7166666666666667,-0.0017343209507032498,-0.0017343209507032498,0.0003261202668110265,0.0003261202668110265,0.9521257600469601,0.018669132549940397,99.99920530382042,99.99747098286971
0.7333333333333333,-0.0018699759106510783,-0.0018699759106510783,0.0003487563376394024,0.0003487563376394024,1.0398326762814794,0.0203888760055192,99.99912583975967,99.99725586384902
0.75,-0.002018411396022657,-0.002018411396022657,0.00037304708720380716,0.0003730470872038072,1.1353989938001212,0.022262725368629825,99.99904371760134,99.99702530620532
0.7666666666666667,-0.0021832951988614013,-0.0021832951988614013,0.0003984332205718154,0.0003984332205718154,1.2367680886323806,0.024250354679066288,99.9989614789593,99.99677818376044
0.7833333333333333,-0.002364177207823559,-0.002364177207823559,0.00042557511476589533,0.00042557511476589533,1.3462615339103097,0.02639728497863352,99.9988774599403,99.99651328273248
0.8,-0.00256236431030743,-0.00256236431030743,0.00045466706001344714,0.00045466706001344714,1.4645324651063665,0.028716322845222873,99.99879166054431,99.996229296234
0.8166666666666667,-0.002779262251053183,-0.002779262251053183,0.00048591589608277077,0.00048591589608277077,1.5922833519810684,0.03122124219570722,99.99870408077133,99.99592481852028
0.8333333333333334,-0.003016881653863379,-0.003016881653863379,0.000519198380182079,0.000519198380182079,1.7232441220853265,0.03378910043304562,99.9986152206223,99.99559833896843
0.85,-0.003277602606289065,-0.003277602606289065,0.0005542278115698638,0.0005542278115698638,1.8475714840600896,0.03622689184431548,99.99852583837229,99.995248235766
0.8666666666666667,-0.003562457409728381,-0.003562457409728381,0.000591738234095752,0.000591738234095752,1.9760721837707385,0.03874651340726938,99.99843522669374,99.99487276928402
0.8833333333333333,-0.0038733104786672357,-0.0038733104786672357,0.0006319934542705435,0.0006319934542705435,2.109677419302716,0.0413662239078964,99.99834338558662,99.99447007510796
0.9,-0.0042121583541501195,-0.0042121583541501195,0.0006752734773100382,0.0006752734773100382,2.2493842229845975,0.044105572999697994,99.99825031505095,99.9940381566968
0.9166666666666666,-0.0045681663516177196,-0.0045681663516177196,0.0007207255876180203,0.0007207255876180203,2.3931792965038743,0.046925084245174005,99.99814304399106,99.99357487763945
0.9333333333333333,-0.004945208638773124,-0.004945208638773124,0.000768805887709522,0.000768805887709522,2.542580521011219,0.049854520019827826,99.99802316211557,99.9930779534768
0.95,-0.005350212129911824,-0.005350212129911824,0.0008202463138092897,0.0008202463138092897,2.6998714217742363,0.05293865532890659,99.9978951551877,99.9925449430578
0.9666666666666667,-0.005785783810111411,-0.005785783810111411,0.0008754013801552239,0.000875401380155224,2.86635285861232,0.05620299722769254,99.99775902320744,99.99197323939732
0.9833333333333333,-0.006254097231661149,-0.006254097231661149,0.000934560259668771,0.000934560259668771,3.0438128335672543,0.05968260457975008,99.99761415723839,99.99136006000673
1.0,-0.006741591984948059,-0.006741591984948059,0.0009957672468745569,0.0009957672468745569,3.2445863152537386,0.06361933951477919,99.99744402865223,99.99070243666728
1.0166666666666666,-0.007262390832138976,-0.007262390832138976,0.0010610056028592901,0.0010610056028592901,3.463054989694589,0.06790303901361938,99.99725959545317,99.98999720462103
1.0333333333333334,-0.007819866486798333,-0.007819866486798333,0.00113072308384127,0.00113072308384127,3.700900007290741,0.07256666680962237,99.99706085764124,99.98924099115445
1.05,-0.008417611663062985,-0.008417611663062985,0.0012053941506395968,0.0012053941506395968,3.959911601997578,0.07764532552936428,99.99684781521643,99.98843020355336
1.0666666666666667,-0.009030793931685821,-0.009030793931685821,0.0012843211483947712,0.001284321148394771,4.2317437870285675,0.08297536837310916,99.99659181034197,99.98756101641028
1.0833333333333333,-0.009625249135964964,-0.009625249135964964,0.0013664349607803443,0.0013664349607803445,4.504746208941379,0.08832835703806625,99.99625460740242,99.98662935826646
1.1,-0.010242454308936999,-0.010242454308936999,0.0014538549397617043,0.0014538549397617043,4.794362554939013,0.09400710892037281,99.99587335188336,99.98563089757442
1.1166666666666667,-0.010887015817914403,-0.010887015817914403,0.0015471775174972528,0.0015471775174972528,5.1028845889106815,0.1000565605668761,99.99544804378478,99.98456102796686
1.1333333333333333,-0.011563830287357746,-0.011563830287357746,0.001647033636763689,0.0016470336367636889,5.432747350132901,0.10652445784574317,99.99497868310668,99.98341485281932
1.15,-0.01231998402897716,-0.01231998402897716,0.0017506707691952094,0.0017506707691952094,5.753284235508614,0.11280949481389439,99.99450715312386,99.98218716909489
1.1666666666666667,-0.013153772841576483,-0.013153772841576483,0.001859384363332214,0.001859384363332214,6.072981178378148,0.11907806232114017,99.99402622330015,99.98087245045858
1.1833333333333333,-0.01405795704071977,-0.01405795704071977,0.001974989391196695,0.001974989391196695,6.405157296966403,0.12559131954836084,99.99352278668896,99.97946482964824
1.2,-0.015038763202156247,-0.015038763202156247,0.0020982722322026447,0.0020982722322026447,6.752902081415942,0.13240984473364592,99.99299684329027,99.97795808008811
1.2166666666666666,-0.016097089610951798,-0.016097089610951798,0.002229682974313204,0.002229682974313204,7.119457044195118,0.1395971969450023,99.99244268633956,99.9763455967286
1.2333333333333334,-0.017139643782414282,-0.017139643782414282,0.0023634229763557324,0.0023634229763557324,7.507702144245734,0.14720984596560263,99.99176001987557,99.97462037609316
1.25,-0.018241230318167823,-0.018241230318167823,0.0025048985526855356,0.0025048985526855356,7.92170894524139,0.15532762637728215,99.99101622582921,99.97277499551105
1.2666666666666666,-0.019409712691370373,-0.019409712691370373,0.002655081791028316,0.002655081791028316,8.365367522266856,0.16402681416209522,99.99021130420046,99.97080159150909
1.2833333333333334,-0.02065341765644746,-0.02065341765644746,0.0028149964149277716,0.0028149964149277716,8.842793485086352,0.17338810755071277,99.9893452549893,99.96869183733286
1.3,-0.021942893413552156,-0.021942893413552156,0.0029818550618769136,0.0029818550618769136,9.324897645094946,0.18284113029597934,99.98837981297591,99.96643691956236
1.3166666666666667,-0.023242674073586045,-0.023242674073586045,0.0031522675392332737,0.0031522675392332737,9.777135961720353,0.19170854826902653,99.98727018785515,99.96402751378156
1.3333333333333333,-0.02460814656288335,-0.02460814656288335,0.0033320247511417875,0.003332024751141788,10.244154098278184,0.20086576663290556,99.98606190581896,99.96145375925607
1.35,-0.026049734300272576,-0.026049734300272576,0.0035223805189370395,0.0035223805189370395,10.7310821642191,0.21041337576900193,99.98475496686731,99.95870523256704
1.3666666666666667,-0.027578450857916437,-0.027578450857916437,0.003724652668030536,0.003724652668030536,11.24333391047376,0.2204575276563482,99.98334937100023,99.95577092014231
1.3833333333333333,-0.0292295954307491,-0.0292295954307491,0.003929606450179757,0.003929606450179757,11.848549618687528,0.23232450232720642,99.98186878505123,99.95263918962048
1.4,-0.031010243415266814,-0.031010243415266814,0.004141032284668481,0.004141032284668481,12.539127428400176,0.2458652436941211,99.98030800338962,99.94929775997436
1.4166666666666667,-0.032926685448529724,-0.032926685448529724,0.0043634509144391135,0.0043634509144391135,13.303956389756756,0.2608618899952305,99.97866035576389,99.94573367031536
1.4333333333333333,-0.034992594883021866,-0.034992594883021866,0.004598466658103762,0.004598466658103762,14.149717545778588,0.27744544207408994,99.97692584217404,99.94193324729102
1.45,-0.03721118585868055,-0.03721118585868055,0.0048466991169997505,0.0048466991169997505,15.072949173999621,0.2955480230196004,99.97509325684248,99.9378820709838
1.4666666666666666,-0.03945471494533592,-0.03945471494533592,0.005096332461005685,0.0050963324610056844,15.947172204132247,0.3126896510614166,99.9730196541573,99.93356493921196
1.4833333333333334,-0.041836592731883115,-0.041836592731883115,0.005358478398538318,0.005358478398538318,16.871383252711237,0.3308114363276713,99.97080242286393,99.92896583013204
1.5,-0.04437369992191975,-0.04437369992191975,0.005635086069798452,0.005635086069798452,17.85376619918318,0.3500738470428075,99.96844156296235,99.92406786304043
1.5166666666666666,-0.04708381717672694,-0.04708381717672694,0.005928201642736383,0.005928201642736383,18.902921423321345,0.3706455181043401,99.96593707445261,99.91885325727588
1.5333333333333334,-0.04962195154253379,-0.04962195154253379,0.006225270934458152,0.006225270934458152,19.967802882555628,0.39152554671677703,99.96292524067346,99.91330328913092
1.55,-0.05163582308769321,-0.05163582308769321,0.006513512108177923,0.006513512108177923,20.99644956468713,0.4116950895036692,99.95903406978039,99.9073982466927
1.5666666666666667,-0.05354395190153127,-0.05354395190153127,0.00681137085970938,0.006811370859709381,22.064524183231722,0.4326377290829749,99.95466133444911,99.90111738254758
1.5833333333333333,-0.05536817037447861,-0.05536817037447861,0.007121331534626853,0.007121331534626854,23.1824731516227,0.45455829709064116,99.94980703467964,99.89443886430516
1.6,-0.057131447554638726,-0.057131447554638726,0.007446001439523318,0.007446001439523318,24.36125202160413,0.4776716082667477,99.94447117047196,99.88733972291732
1.6166666666666667,-0.058857943034595905,-0.058857943034595905,0.007788116460126674,0.007788116460126674,25.612345421779523,0.5022028514074416,99.93865374182607,99.87979579879148
1.6333333333333333,-0.06057306302156462,-0.06057306302156462,0.00815054674465523,0.00815054674465523,26.947787311121743,0.5283879864925832,99.932354748742,99.87178168572044
1.65,-0.06230351855019478,-0.06230351855019478,0.008536302420879783,0.008536302420879783,28.380181447029443,0.5564741460201852,99.92557419121971,99.86327067266951
1.6666666666666667,-0.06407738577942723,-0.06407738577942723,0.008948539321701933,0.008948539321701933,29.92272195232404,0.5867200382808635,99.91831206925923,99.8542346834798
1.6833333333333333,-0.0658539682918331,-0.0658539682918331,0.009379717882452532,0.009379717882452532,31.58537191145419,0.6193210178716508,99.91049818284793,99.8446442145561
1.7,-0.06704992003172094,-0.06704992003172094,0.009738378710635487,0.009738378710635487,33.348945643659555,0.6539008949737167,99.90151819064482,99.8344682706131
1.7166666666666666,-0.06823894899861216,-0.06823894899861216,0.01011176452894065,0.01011176452894065,35.25814736588764,0.691336222860542,99.89191324754911,99.8236742985505
1.7333333333333334,-0.06945523404174025,-0.06945523404174025,0.01050367108352051,0.01050367108352051,37.328735615330615,0.7319359924574631,99.8816833535608,99.81222811951906
1.75,-0.07073464945636943,-0.07073464945636943,0.010918068410332864,0.010918068410332864,39.577158813827225,0.7760227218397495,99.87082850867989,99.80009385922352
1.7666666666666666,-0.07211483641815164,-0.07211483641815164,0.011359106670806508,0.011359106670806508,42.020573467168134,0.823932813081728,99.8593487129064,99.78723387648824
1.7833333333333334,-0.07363527615295595,-0.07363527615295595,0.01183112211713045,0.01183112211713045,44.67686144152759,0.8760168910103449,99.8472439662403,99.77360869008734
1.8,-0.0753373648670248,-0.0753373648670248,0.012338643238632385,0.012338643238632385,47.5646461663619,0.9326401209090569,99.8345142686816,99.75917690381458
1.8166666666666667,-0.07726449048625739,-0.07726449048625739,0.012886397141797686,0.012886397141797686,50.703307613427356,0.9941825022240659,99.8211596202303,99.74389512974405
1.8333333333333333,-0.07802808106076498,-0.07802808106076498,0.013343524099228902,0.013343524099228904,53.307603845541806,1.0452471342263099,99.80574599066898,99.72771790960822
1.85,-0.07816440501177624,-0.07816440501177624,0.01376144120721504,0.01376144120721504,55.672912076272084,1.0916257269857272,99.78876203921325,99.71059763420148
1.8666666666666667,-0.07822886947496954,-0.07822886947496954,0.014193385985746484,0.014193385985746482,58.10489649551519,1.139311695990494,99.77071333017729,99.69248446070232
1.8833333333333333,-0.07827363576089397,-0.07827363576089397,0.014644950123515837,0.014644950123515837,60.62608313049331,1.1887467280488886,99.7515998635611,99.6733262278002
1.9,-0.0783532708521335,-0.0783532708521335,0.015121960869440905,0.015121960869440905,63.25980555325539,1.2403883441814783,99.73142163936467,99.65306836851254
1.9166666666666667,-0.0785248370054461,-0.0785248370054461,0.01563048962195488,0.01563048962195488,66.03020905584091,1.2947099814870768,99.710178657588,99.63165382058256
1.9333333333333333,-0.07884798386878344,-0.07884798386878344,0.016176860935110705,0.016176860935110705,68.96225232229614,1.3522010259273751,99.6878709182311,99.60902293436232
1.95,-0.07938504319072592,-0.07938504319072592,0.016767661928850056,0.016767661928850056,72.08170633832458,1.413366790947541,99.66449842129397,99.58511337810324
1.9666666666666666,-0.0794606817340906,-0.0794606817340906,0.01731966803184621,0.01731966803184621,74.95472562625778,1.4697005024756429,99.63932072233489,99.5598600406008
1.9833333333333334,-0.07802777656935689,-0.07802777656935689,0.017704354132673697,0.017704354132673697,76.91528783231394,1.5081428986728223,99.61122270773603,99.53319493116668
2.0,-0.07649598458863238,-0.07649598458863238,0.01809202236905299,0.01809202236905299,78.82398531474306,1.545568339504766,99.58154306152059,99.50504707693196
2.0166666666666666,-0.07493936617196084,-0.07493936617196084,0.018490411488058543,0.018490411488058543,80.70976137666341,1.5825443407188904,99.55028178368856,99.4753424175166
2.033333333333333,-0.07343517710773995,-0.07343517710773995,0.018907575038885058,0.018907575038885058,82.60231355656381,1.6196532069914475,99.51743887423994,99.4440036971322
2.05,-0.07206397895743066,-0.07206397895743066,0.019351892641368586,0.019351892641368586,84.53206881537457,1.6574915453995014,99.48301433317475,99.41095035421732
2.066666666666667,-0.0709097517575259,-0.0709097517575259,0.019832081456443176,0.019832081456443176,86.53015328843131,1.6966696723221824,99.44700816049297,99.37609840873544
2.0833333333333335,-0.07006000889889208,-0.07006000889889208,0.02035720783172152,0.02035720783172152,88.62835610316662,1.7378109039836593,99.40942035619462,99.33936034729572
2.1,-0.06960591399287352,-0.06960591399287352,0.020936699098290656,0.020936699098290656,90.85908674019382,1.781550720395957,99.37025092027967,99.3006450062868
2.1166666666666667,-0.06782406129062224,-0.06782406129062224,0.02116484159564748,0.02116484159564748,90.42029424439141,1.772946945968459,99.32768151453136,99.25985745324074
2.1333333333333333,-0.06611577633773891,-0.06611577633773891,0.02134945961138432,0.02134945961138432,89.37624942011337,1.7524754788257522,99.28301464301036,99.21689886667262
2.15,-0.06468549052465278,-0.06468549052465278,0.021524352219865997,0.021524352219865997,87.91930128314414,1.723907868296944,99.23635190519249,99.17166641466784
2.1666666666666665,-0.06364016856197452,-0.06364016856197452,0.021700510995340677,0.021700510995340677,86.0837659304828,1.6879169790290747,99.18769330107772,99.12405313251574
2.183333333333333,-0.06309103095067314,-0.06309103095067314,0.021889349097164792,0.021889349097164792,83.90425033625303,1.6451813791422163,99.13703883066606,99.07394779971538
2.2,-0.06315367725170518,-0.06315367725170518,0.0221027136129269,0.0221027136129269,81.41555919991566,1.5963835137238365,99.0843884939575,99.0212348167058
2.216666666666667,-0.06394820925116562,-0.06394820925116562,0.022352897949149547,0.022352897949149547,78.65259138522163,1.542207674220032,99.02974229095207,98.9657940817009
2.2333333333333334,-0.0655993536120576,-0.0655993536120576,0.022652654260095093,0.022652654260095093,75.65022541164092,1.4833377531694296,98.97310022164974,98.90750086803769
2.25,-0.0650952589292757,-0.0650952589292757,0.022689130030165955,0.022689130030165955,71.65637175176704,1.4050268970934714,98.91132096140423,98.84622570247495
2.2666666666666666,-0.06219145063211329,-0.06219145063211329,0.022436710572195553,0.022436710572195553,66.61059499884334,1.306090098016536,98.84402569554152,98.7818342449094
2.283333333333333,-0.05927789056906363,-0.05927789056906363,0.022143219747927517,0.022143219747927517,61.110635800258365,1.1982477607893798,98.7734650605767,98.71418717000763
2.3,-0.05649900522617202,-0.05649900522617202,0.021823369454839175,0.021823369454839175,55.18991036957266,1.0821551052857385,98.69963905650977,98.6431400512836
2.316666666666667,-0.054004435156940644,-0.054004435156940644,0.021492392761712442,0.021492392761712442,48.88106164350074,0.9584521890882499,98.62254768334074,98.5685432481838
2.3333333333333335,-0.05194914429154096,-0.05194914429154096,0.021166056395363342,0.02116605639536334,42.21577020226425,0.827760200044397,98.54219094106962,98.49024179677808
2.35,-0.050493525008604934,-0.050493525008604934,0.020860673209877834,0.020860673209877834,35.224551937887895,0.690677488978194,98.45856882969639,98.40807530468778
2.3666666666666667,-0.04980349829887132,-0.04980349829887132,0.020593114629239073,0.020593114629239073,27.936542508076286,0.5477753432956135,98.37168134922105,98.32187785092218
2.3833333333333333,-0.04935301846769846,-0.04935301846769846,0.020257173397417727,0.020257173397417727,20.365899277924996,0.3993313583906862,98.28083090979982,98.23147789133212
2.4,-0.04593645038345073,-0.04593645038345073,0.019271248884260572,0.019271248884260572,12.47346508051271,0.2445777466767198,98.18263462081666,98.1366981704332
2.4166666666666665,-0.04283411954179428,-0.04283411954179428,0.01820296313771766,0.01820296313771766,4.342173098543185,0.08514064899104284,98.08018975993616,98.03735564039437
2.433333333333333,-0.040234939120423974,-0.040234939120423974,0.017071545314459036,0.017071545314459036,-4.006772139930035,-0.07856415960647128,97.97349632715833,97.9332613880379
2.45,-0.03833375173385889,-0.03833375173385889,0.015896844459749676,0.015896844459749676,-12.554810299103565,-0.246172750962815,97.86255432248316,97.8242205707493
2.466666666666667,-0.037331383655683226,-0.037331383655683226,0.014699341424930734,0.014699341424930734,-21.28631029397866,-0.4173786332152678,97.74736374591066,97.71003236225498
2.4833333333333334,-0.037434688148508144,-0.037434688148508144,0.013500160574085263,0.013500160574085263,-30.188863438349927,-0.591938498791175,97.62792459744082,97.59048990929232
2.5,-0.03885657680199017,-0.03885657680199017,0.012321081211489782,0.012321081211489782,-39.253583049792724,-0.7696780990155436,97.50423687707365,97.46538030027166
2.5166666666666666,-0.04181603769248454,-0.04181603769248454,0.01118454864027757,0.01118454864027757,-48.47540860953404,-0.9504982080300792,97.37630058480913,97.33448454711665
2.533333333333333,-0.03735328590209974,-0.03735328590209974,0.00933054485726481,0.00933054485726481,-57.730540357343216,-1.1319713795557493,97.23493086747062,97.19757758156852
2.55,-0.029978362860731522,-0.029978362860731522,0.007147716009587302,0.007147716009587302,-67.07973138874127,-1.3152888507596328,97.08440663021793,97.0544282673572
2.566666666666667,-0.022259364021152805,-0.022259364021152805,0.004859310381598425,0.004859310381598425,-76.56241802663544,-1.5012238828752047,96.92705879379884,96.90479942977768
2.5833333333333335,-0.014439453843323236,-0.014439453843323236,0.0024905356474774765,0.0024905356474774765,-86.1918947138497,-1.690037151251955,96.76288735821332,96.74844790437
2.6,-0.006767716872118967,-0.006767716872118967,6.730981694963445e-05,6.730981694963445e-05,-95.98678476772716,-1.8820938189750422,96.5918923234614,96.58512460658928
2.6166666666666667,0.0005009350304590043,0.0005009350304590043,-0.002383733845893521,-0.002383733845893521,-105.97131602709419,-2.077868941707729,96.41407368954306,96.41457462457352
2.6333333333333333,0.007105880916483898,0.007105880916483898,-0.00483524412223324,-0.00483524412223324,-116.17557983616234,-2.277952545807105,96.22943145645831,96.2365373373748
2.65,0.012780937117653934,0.012780937117653934,-0.007259151929039698,-0.007259151929039698,-126.63576929585224,-2.4830542999186713,96.03796562420715,96.0507465613248
2.6666666666666665,0.021890342832080023,0.021890342832080023,-0.010086316023268038,-0.010086316023268038,-136.51696184343496,-2.6768031734006854,95.8350403847262,95.85693072755828
2.683333333333333,0.03863106762335633,0.03863106762335633,-0.013730816847658811,-0.013730816847658811,-145.02141419020086,-2.8435571409843305,95.6161820265084,95.65481309413175
2.7,0.05631530806444118,0.05631530806444118,-0.01752730040809991,-0.01752730040809991,-153.41728763517813,-3.0081821104936886,95.3877966885843,95.44411199664874
2.716666666666667,0.07465677090014822,0.07465677090014822,-0.02144491047942032,-0.02144491047942032,-161.7669981752938,-3.1719019250057605,95.14988437095393,95.22454114185408
2.7333333333333334,0.0933648756672909,0.0933648756672909,-0.025452145252443104,-0.025452145252443104,-170.13979043387576,-3.3360743222328577,94.90244507361727,94.99580994928456
2.75,0.11214515020242288,0.11214515020242288,-0.02951689474183916,-0.02951689474183916,-178.6117585581287,-3.5021913442770334,94.64547879657434,94.75762394677676
2.7666666666666666,0.13069968660884967,0.13069968660884967,-0.03360648980324865,-0.03360648980324865,-187.26581531558259,-3.67187873167809,94.37898553982511,94.50968522643396
2.783333333333333,0.14872766518028868,0.14872766518028868,-0.037687765033708964,-0.037687765033708964,-196.19160533675586,-3.8468942222893303,94.10296530336959,94.25169296854988
2.8,0.16597243840003273,0.16597243840003273,-0.04173113728482736,-0.041731137284827365,-205.47199582378198,-4.028862663211411,93.81737160357281,93.98334404197284
2.816666666666667,0.19885993520350098,0.19885993520350098,-0.047142092395991764,-0.047142092395991764,-210.39991101796613,-4.12548845133267,93.50547375526672,93.70433369047022
2.8333333333333335,0.23388925598622734,0.23388925598622734,-0.05275130644960313,-0.05275130644960314,-214.87740071080543,-4.213282366878539,93.18046705981794,93.41435631580417
2.85,0.27075485221114093,0.27075485221114093,-0.05852463510109118,-0.058524635101091176,-219.0189318059779,-4.294488858940744,92.84235151722648,93.11310636943762
2.8666666666666667,0.3091522385346366,0.3091522385346366,-0.06442806526144595,-0.06442806526144595,-222.94431821338912,-4.371457219870375,92.4911271274923,92.80027936602694
2.8833333333333333,0.34877914246187913,0.34877914246187913,-0.07042792951015298,-0.07042792951015298,-226.77823904871093,-4.446632138210018,92.12679389061545,92.47557303307732
2.9,0.38933680568487716,0.38933680568487716,-0.07649116060086725,-0.07649116060086725,-230.64968711710208,-4.52254288464906,91.74935180659588,92.13868861228076
2.9166666666666665,0.4305314536125451,0.4305314536125451,-0.0825855910764518,-0.0825855910764518,-234.69134883064862,-4.6017911535421305,91.35880087543363,91.78933232904618
2.933333333333333,0.4720759503326377,0.4720759503326377,-0.08868030307416075,-0.08868030307416074,-239.03891771711642,-4.6870376022964,90.95514109712869,91.42721704746133
2.95,0.5208189963167484,0.5208189963167484,-0.09549324938438974,-0.09549324938438974,-240.7072642031858,-4.719750278493839,90.53124513195445,91.0520641282712
2.966666666666667,0.5758956337766818,0.5758956337766818,-0.10293470871505628,-0.10293470871505628,-240.09733686778873,-4.70779091897625,90.08770987348524,90.66360550726192
2.9833333333333334,0.6330926731797462,0.6330926731797462,-0.11056523372440785,-0.11056523372440787,-239.08345840645916,-4.687910949146258,89.62849333733742,90.26158601051716
3.0,0.6921703976512248,0.6921703976512248,-0.11836356913216828,-0.11836356913216829,-237.80529364999302,-4.662848895097903,89.15359552351099,89.84576592116221
3.0166666666666666,0.7529073771888477,0.7529073771888477,-0.12631236266049095,-0.12631236266049095,-236.40123759732433,-4.635318384261261,88.66301643200595,89.4159238091948
3.033333333333333,0.815103568765096,0.815103568765096,-0.13439889234019842,-0.13439889234019842,-235.0074372550498,-4.607988965785291,88.15675606282231,88.9718596315874
3.05,0.8785836878372493,0.8785836878372493,-0.1426158555494097,-0.1426158555494097,-233.75679320344943,-4.583466533400969,87.63481441596005,88.5133981037973
3.066666666666667,0.9432008445126456,0.9432008445126456,-0.1509622120594305,-0.1509622120594305,-232.7779519231035,-4.564273567119677,87.0971914914192,88.04039233593184
3.0833333333333335,1.0086037898895484,1.0086037898895484,-0.1593631274933518,-0.1593631274933518,-231.25540675758248,-4.534419740344754,86.54412392704853,87.55272771693808
3.1,1.0740011910832123,1.0740011910832123,-0.16758885059120865,-0.16758885059120865,-226.47695480321136,-4.440724603984536,85.97632482717182,87.05032601825503
3.1166666666666667,1.14006417351969,1.14006417351969,-0.17590492411556302,-0.17590492411556302,-221.3643592974513,-4.340477633283359,85.39308550093892,86.53314967445861
3.1333333333333333,1.2068002344336293,1.2068002344336293,-0.18434434405682043,-0.18434434405682043,-216.01942934491854,-4.235675085194481,84.79440594834982,86.00120618278345
3.15,1.2742663770761453,1.2742663770761453,-0.19295079735677634,-0.1929507973567763,-210.53499509362246,-4.12813715869848,84.18028616940451,85.45455254648066
3.1666666666666665,1.3425735053622105,1.3425735053622105,-0.20177939741214246,-0.20177939741214246,-204.994126231496,-4.019492671205804,83.550726164103,84.89329966946521
3.183333333333333,1.4118906601266588,1.4118906601266588,-0.2108972823762194,-0.2108972823762194,-199.46944052053323,-3.9111655004026127,82.90572593244526,84.31761659257192
3.2,1.482448971739558,1.482448971739558,-0.22038403261541273,-0.22038403261541273,-194.02251747703394,-3.8043630877849792,82.24528547443134,83.7277344461709
3.216666666666667,1.554545191215638,1.554545191215638,-0.23033186395691918,-0.23033186395691918,-188.70343155108867,-3.700067285315464,81.56940479006121,83.12394998127685
3.2333333333333334,1.6208196875172405,1.6208196875172405,-0.23743327661537594,-0.23743327661537594,-182.37996017118212,-3.5760776504153355,80.88580884559772,82.50662853311496
3.25,1.686131944780513,1.686131944780513,-0.24375911726495092,-0.2437591172649509,-175.74851305914171,-3.446049275669445,80.19007432406636,81.87620626884687
3.2666666666666666,1.7522995100977141,1.7522995100977141,-0.2500161459901622,-0.2500161459901622,-169.02158702155612,-3.3141487651285515,79.48089206600702,81.23319157610473
3.283333333333333,1.8199033906340105,1.8199033906340105,-0.25634331513425446,-0.25634331513425446,-162.20137289571994,-3.1804190763866655,78.75826207141968,80.57816546205369
3.3,1.8895965139963522,1.8895965139963522,-0.26288869532891734,-0.26288869532891734,-155.2783951639003,-3.0446744149784375,78.02218434030435,79.9117808543007
3.316666666666667,1.962101852147626,1.962101852147626,-0.2698078086275939,-0.2698078086275939,-148.2319507439879,-2.90650883811741,77.27265887266104,79.23476072480867
3.3333333333333335,2.0382093265357923,2.0382093265357923,-0.27726169025533,-0.27726169025533,-141.03069916553068,-2.7653078267751114,76.50968566848972,78.54789499502552
3.35,2.118771495124136,2.118771495124136,-0.2854147336868764,-0.2854147336868764,-133.6333928248141,-2.62026260440812,75.73326472779044,77.85203622291458
3.3666666666666667,2.1891997428326704,2.1891997428326704,-0.2915132771984048,-0.2915132771984048,-126.95280621981328,-2.489270710192417,74.95889437521409,77.14809411804676
3.3833333333333333,2.2415887354169683,2.2415887354169683,-0.2940516104923798,-0.2940516104923798,-121.48146092000934,-2.3819894298041047,74.1954402410955,76.43702897651247
3.4,2.2935602675537012,2.2935602675537012,-0.2963202717095359,-0.2963202717095359,-116.12123177927333,-2.2768868976328105,73.4262839025267,75.7198441700804
3.4166666666666665,2.346152501357494,2.346152501357494,-0.2984737837572786,-0.2984737837572786,-110.80071474785473,-2.1725630342716613,72.65142535950767,74.99757786086516
3.433333333333333,2.4004295292558453,2.4004295292558453,-0.3006586522076442,-0.3006586522076442,-105.44367360332035,-2.067523011829811,71.87086461203842,74.27129414129426
3.45,2.4574721575021243,2.4574721575021243,-0.30301152591099045,-0.30301152591099045,-99.97016682572394,-1.9601993495239987,71.08460166011895,73.54207381762107
3.466666666666667,2.518368558954151,2.518368558954151,-0.305657654541986,-0.305657654541986,-94.29765056687756,-1.8489735405270111,70.29263650374926,72.81100506270342
3.4833333333333334,2.58420501733643,2.58420501733643,-0.30870967936642213,-0.30870967936642213,-88.3420341029987,-1.7321967471176214,69.49496914292935,72.07917416026578
3.5,2.653046742119713,2.653046742119713,-0.31208766500522067,-0.31208766500522067,-82.27215748753224,-1.6131795585790636,68.6946098071325,71.3476565492522
3.5166666666666666,2.6798910958533924,2.6798910958533924,-0.31313628876233013,-0.31313628876233013,-79.88230346385808,-1.566319675761923,67.93761725887595,70.61750835472934
3.533333333333333,2.7038924808935576,2.7038924808935576,-0.31419510524581096,-0.31419510524581096,-77.878788931087,-1.5270350770801373,67.1858660822829,69.88975856317646
3.55,2.726045689852384,2.726045689852384,-0.31532118750464866,-0.31532118750464866,-76.18030623776394,-1.4937314948581166,66.43935627735334,69.16540196720572
3.566666666666667,2.7473051260164567,2.7473051260164567,-0.31655803154974915,-0.31655803154974915,-74.70798926917905,-1.4648625346897852,65.69808784408727,68.44539297010373
3.5833333333333335,2.768579523707018,2.768579523707018,-0.31793620240043996,-0.31793620240043996,-73.38589617592243,-1.4389391407043612,64.96206078248474,67.73064030619176
3.6,2.790727608096887,2.790727608096887,-0.31947416248299554,-0.31947416248299554,-72.14138652684414,-1.414536990722434,64.23127509254566,67.02200270064255
3.6166666666666667,2.8145546891467745,2.8145546891467745,-0.32117923530332737,-0.32117923530332737,-70.90539900330259,-1.3903019412412272,63.50573077427009,66.32028546341687
3.6333333333333333,2.84081015963622,2.84081015963622,-0.32304865952437334,-0.32304865952437334,-69.61263782932019,-1.3649536829278468,62.785427827658026,65.62623798729425
3.65,2.870185847323256,2.870185847323256,-0.325070692561908,-0.325070692561908,-68.20167755288367,-1.3372877951545816,62.07036625270945,64.9405521000327
3.6666666666666665,2.9033151561779604,2.903315156177961,-0.32722572797303195,-0.32722572797303195,-66.61499660258141,-1.3061764039721846,61.36054604942438,64.26386120560234
3.683333333333333,2.9526035824433094,2.95260358244331,-0.3309935985399548,-0.3309935985399548,-65.59203226858608,-1.2861182797761976,60.6559672178028,63.608570800246106
3.7,3.007345890630617,3.007345890630617,-0.33712325661321696,-0.337123256613217,-64.22506805163994,-1.2593150598360772,59.956629757844716,62.96397564847533
3.716666666666667,3.067837344321667,3.0678373443216675,-0.3433538714502653,-0.3433538714502653,-62.459377688390305,-1.2246936801645159,59.26253366955012,62.33037101387179
3.7333333333333334,3.1343252561743355,3.1343252561743355,-0.3493109846521758,-0.3493109846521758,-60.25450065833138,-1.181460797222184,58.57367895291904,61.708004209093374
3.75,3.2070166212646,3.2070166212646,-0.3548962314250317,-0.3548962314250317,-57.57518343994525,-1.1289251654891226,57.89006560795144,61.09708222921604
3.7666666666666666,3.286081760490184,3.2860817604901844,-0.3600628899087841,-0.3600628899087841,-54.38984755263755,-1.0664675990713244,57.21169363464734,60.49777539513752
3.783333333333333,3.3518834104311708,3.3518834104311708,-0.3641499927077305,-0.3641499927077305,-51.79733658382338,-1.0156340506632036,56.55833632446656,59.91021973489773
3.8,3.370704209491599,3.3707042094915995,-0.3660550610376574,-0.3660550610376574,-51.700155552100114,-1.0137285402372571,55.96381480885405,59.33451901834565
3.816666666666667,3.3882177173291126,3.3882177173291126,-0.36719170767441955,-0.3671917076744195,-51.4754750398879,-1.009323039997802,55.382528983095284,58.7707467004244
3.8333333333333335,3.3963530216037867,3.3963530216037867,-0.3907254448756916,-0.3907254448756916,-50.40057639512543,-0.9882465959828515,54.81447884719022,58.21083186879401
3.85,3.411633382180206,3.4116333821802063,-0.3916942803494199,-0.3916942803494199,-49.72167057402112,-0.974934717137669,54.25966440113888,57.67129778331908
3.8666666666666667,3.4262866513300665,3.426286651330066,-0.39415615472133814,-0.39415615472133814,-48.823007195984246,-0.9573138665879264,53.71808564494125,57.144372296271314
3.8833333333333333,3.4410324282978237,3.441032428297824,-0.3952221161573375,-0.39522211615733754,-47.749974722574734,-0.936274014168132,53.18974257859733,56.630775006895156
3.9,3.4555758553326825,3.4555758553326825,-0.3952391349162854,-0.3952391349162853,-46.4737453994494,-0.9112499097931255,52.67463520210713,56.130211057439816
3.9166666666666665,3.4697392334587462,3.469739233458746,-0.39413042193128334,-0.39413042193128334,-44.97804510075184,-0.8819224529559184,52.17276351547064,55.64250274892939
3.933333333333333,3.4833165550293685,3.483316555029369,-0.39187957891045677,-0.39187957891045677,-43.24742021198199,-0.8479886316074899,51.68412751868788,55.16744407371725
3.95,3.4960952522584776,3.496095252258477,-0.38846410151485244,-0.38846410151485244,-41.268485514675376,-0.8091859904838309,51.208727211758834,54.70482246401731
3.966666666666667,3.507855052935227,3.507855052935227,-0.38386436434500926,-0.3838643643450092,-39.02945479799837,-0.7652834274117327,50.746562594683496,54.25441764761872
3.9833333333333334,3.5183697817860775,3.5183697817860775,-0.378062107899062,-0.378062107899062,-36.519948172879594,-0.7160774151545019,50.297633667461874,53.81600344924795
4.0,3.5274085593847175,3.527408559384718,-0.37104042418849303,-0.37104042418849303,-33.73079526706897,-0.6613881424915484,49.86194043009397,53.38934898947869
4.016666666666667,3.5356934948747494,3.5356934948747494,-0.365870108714895,-0.36587010871489495,-31.594559691834547,-0.6195011704281284,49.43852630084378,52.97421979571853
4.033333333333333,3.543472707381035,3.5434727073810346,-0.3641020310111549,-0.3641020310111549,-30.581166760148335,-0.5996307207872222,49.026906066735485,52.57037877411652
4.05,3.5493705101057813,3.549370510105781,-0.3620541930877659,-0.3620541930877658,-29.566221127032804,-0.579729826020251,48.628216557999416,52.1775870681052
4.066666666666666,3.553147041635789,3.5531470416357886,-0.35971352277229585,-0.35971352277229585,-28.543942096653154,-0.5596851391500618,48.24245777463559,51.79560481627138
4.083333333333333,3.554562105312037,3.5545621053120375,-0.3570676374483206,-0.3570676374483206,-27.509128113244515,-0.5393946688871474,47.86962971664401,51.42419182195605
4.1,3.553375761106089,3.5533757611060888,-0.35410476696214666,-0.35410476696214666,-26.457078913776968,-0.5187662532113131,47.50973238402468,51.06310814513077
4.116666666666666,3.549348848920438,3.5493488489204377,-0.35081368822331527,-0.35081368822331527,-25.383528983371434,-0.49771625457591046,47.162765776777604,50.71211462569804
4.133333333333334,3.5422434512188232,3.5422434512188232,-0.34718366974721615,-0.3471836697472162,-24.28459072307396,-0.47616844555046983,46.82872989490274,50.370973346121566
4.15,3.5318233018276786,3.531823301827678,-0.3432044246169861,-0.343204424616986,-23.15670594029416,-0.45405305765282666,46.50762473840015,50.03944804022783
4.166666666666667,3.517854146837905,3.517854146837905,-0.3388660705524087,-0.33886607055240875,-21.996604453663167,-0.43130596967966994,46.19945030726979,49.7173044541077
4.183333333333334,3.5001040627549997,3.5001040627549997,-0.3341590959587313,-0.33415909595873133,-20.801268766037538,-0.40786801502034387,45.90420660151168,49.40431066426668
4.2,3.4783437363801113,3.4783437363801113,-0.32907433099462136,-0.3290743309946214,-19.567903903302067,-0.38368439026082485,45.621893621125814,49.100237357505925
4.216666666666667,3.452346710337004,3.4523467103370034,-0.3236029228407302,-0.3236029228407303,-18.293911643443607,-0.3587041498714433,45.35251136611219,48.80485807644919
4.233333333333333,3.4218895976752606,3.4218895976752606,-0.3177363144769654,-0.3177363144769654,-16.976868471547277,-0.3328797739519074,45.09605983647082,48.51794943414608
4.25,3.40202901883422,3.4020290188342197,-0.3134507067264094,-0.3134507067264094,-15.986928952188464,-0.3134691951409503,44.83726228193572,48.23929130076994
4.266666666666667,3.3908264338074687,3.3908264338074683,-0.310514412709189,-0.310514412709189,-15.279989622436915,-0.29960763965562576,44.577840531268144,47.96866696507561
4.283333333333333,3.378111621129925,3.3781116211299254,-0.3076262194003876,-0.3076262194003876,-14.611310992568178,-0.28649629397192505,44.32775165185201,47.70586327298194
4.3,3.3636751016978366,3.3636751016978366,-0.3047785923100692,-0.3047785923100692,-13.979004267539494,-0.2740981228929313,44.0869956436873,47.45067074538514
4.316666666666666,3.3473111703136524,3.347311170313652,-0.3019642217782259,-0.3019642217782259,-13.381283870359766,-0.26237811510509346,43.85557250677402,47.20288367708767
4.333333333333333,3.3288179774241655,3.3288179774241655,-0.29917601334258404,-0.29917601334258404,-12.816458402357057,-0.25130310592856975,43.63348224111215,46.96230021853631
4.35,3.307997595195566,3.3079975951955656,-0.2964070790604234,-0.2964070790604234,-12.282922764737123,-0.2408416228379828,43.420724846701695,46.72872244189726
4.366666666666666,3.2846560693103086,3.284656069310308,-0.2936507296220343,-0.2936507296220343,-11.779151264307075,-0.23096375028053087,43.217300323542666,46.501956392852975
4.383333333333334,3.2586034577441865,3.2586034577441865,-0.2909004671224107,-0.2909004671224107,-11.30369155423432,-0.2216410108673396,43.02320867163508,46.28181212937927
4.4,3.2296538576727656,3.229653857672765,-0.2881499783818553,-0.2881499783818553,-10.855159284483307,-0.21284626048006483,42.83844989097891,46.06810374865167
4.416666666666667,3.1976254215579587,3.1976254215579587,-0.2853931287262901,-0.2853931287262901,-10.43223335660241,-0.20455359522749825,42.66302398157416,45.86064940313212
4.433333333333334,3.162340363380636,3.162340363380636,-0.2826239561546373,-0.2826239561546373,-10.033651694236141,-0.19673826851443416,42.49693094342083,45.659271306801465
4.45,3.123624955906756,3.1236249559067564,-0.27983666583437117,-0.27983666583437117,-9.658207455092452,-0.18937661676651865,42.34017077651892,45.46379573242567
4.466666666666667,3.081309519806382,3.081309519806382,-0.27702562487780646,-0.27702562487780646,-9.304745621840084,-0.1824459925850997,42.19274348086843,45.27405300067481
4.483333333333333,3.055727905608755,3.0557279056087556,-0.27471231668292084,-0.27471231668292084,-9.014156097880004,-0.17674815878196087,42.03414955624266,45.089877461851415
4.5,3.0368353308849763,3.036835330884976,-0.272637361988477,-0.272637361988477,-8.765131519840907,-0.17186532391844914,41.87427214004313,44.91110747092811
4.516666666666667,3.0176697169372773,3.0176697169372773,-0.2706206708533969,-0.2706206708533969,-8.54271513292224,-0.16750421829259293,41.71991563960561,44.73758535654289
4.533333333333333,2.998077329623193,2.9980773296231926,-0.268657210349625,-0.268657210349625,-8.345931035803005,-0.16364570658437266,41.57108005493008,44.56915738455327
4.55,2.9779083306900915,2.977908330690092,-0.2667420864780441,-0.2667420864780441,-8.173842218050595,-0.16027141604020775,41.427765386016546,44.40567371670664
4.566666666666666,2.957016732079353,2.957016732079353,-0.2648705400426099,-0.2648705400426099,-8.025548570751198,-0.15736369746570977,41.28997163286504,44.24698836494439
4.583333333333333,2.9352603463445774,2.9352603463445774,-0.26303794265335334,-0.26303794265335334,-7.9001850430386185,-0.1549055890791886,41.15769879547551,44.09295914182009
4.6,2.9125007336291873,2.9125007336291873,-0.2612397928505441,-0.2612397928505441,-7.796919928336138,-0.15288078290855173,41.03094687384799,43.943447607477175
4.616666666666666,2.8886031456174663,2.8886031456174663,-0.2594717123430321,-0.2594717123430321,-7.714953266503471,-0.15127359346085237,40.90971586798247,43.79831901359994
4.633333333333334,2.863436466842053,2.8634364668420527,-0.25772944235635986,-0.25772944235635986,-7.653515350109956,-0.15006892843352854,40.794005777878944,43.657442244721
4.65,2.8368731537033938,2.8368731537033938,-0.2560088400856424,-0.2560088400856424,-7.61186532463671,-0.14925226126738647,40.68381660353744,43.52068975724083
4.666666666666667,2.80878917153057,2.8087891715305706,-0.2543058752501679,-0.2543058752501679,-7.589289873887537,-0.14880960537034388,40.579148344957915,43.387937516488485
4.683333333333334,2.7790639299874726,2.7790639299874726,-0.2526166267466339,-0.2526166267466339,-7.585101982942433,-0.14872748986161632,40.48000100214039,43.25906493212786
4.7,2.7475802171063606,2.7475802171063606,-0.2509372793981903,-0.2509372793981903,-7.598639772097158,-0.1489929367077874,40.38637457508488,43.13395479219124
4.716666666666667,2.7316631762051173,2.7316631762051173,-0.24966650488132203,-0.24966650488132203,-7.579174448159392,-0.14861126368939984,40.28083001979466,43.012493195999774
4.733333333333333,2.71851644534744,2.7185164453474395,-0.24850798375739558,-0.24850798375739558,-7.56252887699975,-0.14828487994117157,40.176053040863,42.89456948621044
4.75,2.7059491771956843,2.7059491771956847,-0.2474101290197881,-0.2474101290197881,-7.554094356458336,-0.14811949718545755,40.074127003014404,42.78007618021009
4.766666666666667,2.6938569948102398,2.6938569948102393,-0.24636951853065003,-0.24636951853065003,-7.553299116639209,-0.14810390424782763,39.97505190624888,42.66890890105912
4.783333333333333,2.6821385576041976,2.682138557604197,-0.24538282118836197,-0.24538282118836197,-7.559591575831291,-0.14822728580061356,39.87882775056641,42.560966308170606
4.8,2.6706954919282566,2.6706954919282566,-0.24444679420836835,-0.24444679420836835,-7.5724394992639645,-0.14847920586792088,39.785454535967006,42.45615002789526
4.816666666666666,2.6594323217168494,2.6594323217168494,-0.24355828048689077,-0.24355828048689077,-7.591329199604843,-0.14884959214911456,39.69493226245067,42.35436458416752
4.833333333333333,2.648256399337079,2.6482563993370785,-0.24271420604425575,-0.24271420604425575,-7.615764776638571,-0.1493287211105602,39.60726093001739,42.25551732935447
4.85,2.6370778367692083,2.6370778367692083,-0.241911577547131,-0.241911577547131,-7.6452673936319115,-0.14990720379670414,39.52244053866718,42.15951837543639
4.866666666666666,2.6258094372355743,2.6258094372355743,-0.24114747990727725,-0.24114747990727725,-7.679374588294195,-0.15057597231949402,39.440471088400045,42.06628052563562
4.883333333333334,2.6143666273832693,2.6143666273832697,-0.24041907395493833,-0.24041907395493833,-7.717639616210363,-0.15132626698451693,39.36135257921595,41.97571920659922
4.9,2.602667390115414,2.602667390115414,-0.2397235941853726,-0.2397235941853726,-7.7596308249776484,-0.15214962401916957,39.28508501111494,41.88775240123035
4.916666666666667,2.5906321981562854,2.5906321981562854,-0.2390583465761802,-0.2390583465761802,-7.804931057258727,-0.15303786386781817,39.211668384096996,41.80230058225328
4.933333333333334,2.578183948426144,2.578183948426144,-0.23842070647394475,-0.23842070647394475,-7.8531370812252135,-0.1539830800240238,39.1411026981621,41.719286646588245
4.95,2.5652478972930908,2.5652478972930908,-0.2378081165479431,-0.2378081165479431,-7.903859046844445,-0.15497762836949894,39.07338795331028,41.63863585060337
4.966666666666667,2.5517515967617825,2.5517515967617825,-0.23721808480946027,-0.23721808480946027,-7.95671996668716,-0.1560141169938659,39.008524149541515,41.5602757463033
4.983333333333333,2.537624831650689,2.537624831650689,-0.23664818269443622,-0.23664818269443622,-8.011355219950929,-0.15708539646962605,38.94651128685582,41.484136118506505
5.0,2.522799557803623,2.522799557803623,-0.23609604320771727,-0.23609604320771727,-8.06741207849791,-0.15818455055878253,38.887349365253186,41.41014892305681
5.016666666666667,2.507209841374376,2.507209841374376,-0.23555935912745607,-0.23555935912745607,-8.124549253757323,-0.15930488732857495,38.831038384733624,41.338248226108
5.033333333333333,2.490791799217625,2.490791799217625,-0.2350358812669313,-0.2350358812669313,-8.182436463489466,-0.1604399306566562,38.777578345297115,41.26837014451474
5.05,2.4734835404137314,2.4734835404137314,-0.23452341679318245,-0.23452341679318245,-8.24075401734899,-0.16158341210488217,38.72696924694367,41.2004527873574
5.066666666666666,2.4552251089505504,2.4552251089505504,-0.2340198275995844,-0.2340198275995844,-8.299192420389772,-0.1627292631448975,38.679211089673295,41.134436198623845
5.083333333333333,2.435958427580111,2.435958427580111,-0.2335230287314083,-0.2335230287314083,-8.35745199354642,-0.16387160771659645,38.63430387348599,41.0702623010661
5.1,2.4156272428641046,2.4156272428641046,-0.2330309868622571,-0.2330309868622571,-8.415242510332064,-0.16500475510455026,38.59224759838173,41.00787484124584
5.116666666666666,2.3941770714185324,2.3941770714185324,-0.23254171881998342,-0.23254171881998342,-8.47228284893572,-0.16612319311638665,38.55304226436054,40.947219335779074
5.133333333333334,2.3715551473637504,2.3715551473637504,-0.232053290159965,-0.232053290159965,-8.528300658987064,-0.16722158154876596,38.51668787142243,40.88824301878618
5.15,2.3477103709833784,2.3477103709833784,-0.23156381378491808,-0.23156381378491808,-8.583032042268314,-0.1682947459268297,38.48318441956737,40.83089479055075
5.166666666666667,2.3259981286078926,2.3259981286078926,-0.23110970294869482,-0.23110970294869482,-8.638581233666628,-0.16938394575816917,38.44912703877973,40.77512516738762
5.183333333333334,2.318783067773964,2.318783067773964,-0.2308286187202775,-0.2308286187202775,-8.703303742878234,-0.17065301456623988,38.40210316494364,40.7208862327176
5.2,2.3115237931718227,2.3115237931718227,-0.23055595423603936,-0.23055595423603936,-8.766912454970225,-0.17190024421510244,38.356607796172206,40.66813158934403
5.216666666666667,2.3041753804588865,2.3041753804588865,-0.2302899988533138,-0.2302899988533138,-8.829174344564308,-0.1731210655796923,38.31264093246539,40.61681631292428
5.233333333333333,2.296694332803959,2.296694332803959,-0.23002908301378433,-0.23002908301378433,-8.889863429631987,-0.17431104763984287,38.2702025738232,40.56689690662716
5.25,2.2890385367195236,2.2890385367195236,-0.2297715771091129,-0.2297715771091129,-8.948760523287092,-0.1754658926134724,38.22929272024565,40.518331256965176
5.266666666666667,2.281167219056762,2.281167219056762,-0.22951589038205,-0.22951589038205,-9.005652995595483,-0.17658143128618595,38.18991137173273,40.47107859078949
5.283333333333333,2.2730409051490668,2.2730409051490668,-0.2292604698629983,-0.2292604698629983,-9.060334544960824,-0.17765361852864361,38.152058528284435,40.4250994334335
5.3,2.2646213780892737,2.2646213780892737,-0.2290037993399432,-0.2290037993399432,-9.112604978588024,-0.17867852899192205,38.1157341899008,40.38035556799007
5.316666666666666,2.255871639124223,2.255871639124223,-0.2287443983610924,-0.2287443983610924,-9.162270001712386,-0.17965235297475268,38.080938356581775,40.336809995706
5.333333333333333,2.246755869149297,2.246755869149297,-0.22848082126865776,-0.22848082126865776,-9.20914101512426,-0.18057139245341686,38.04767102832739,40.29442689747669
5.35,2.23723939128498,2.23723939128498,-0.2282116562630696,-0.2282116562630696,-9.253034920651771,-0.1814320572676818,38.01593220513766,40.25317159642264
5.366666666666666,2.22728863451664,2.22728863451664,-0.22793552449654975,-0.22793552449654975,-9.293773934254205,-0.1822308614559648,37.98572188701253,40.21301052152917
5.383333333333334,2.2168710983778936,2.2168710983778936,-0.22765107919438776,-0.22765107919438776,-9.331185406396798,-0.18296441973327057,37.957040073952065,40.17391117232996
5.4,2.2059553186579777,2.2059553186579777,-0.22735700480399945,-0.22735700480399945,-9.365101649349526,-0.18362944410489268,37.92988676595621,40.13584208461419
5.416666666666667,2.1945108341121298,2.1945108341121298,-0.22705201616997872,-0.22705201616997872,-9.395359771158837,-0.18422274061095759,37.90426196302501,40.09877279713714
5.433333333333334,2.182508154154995,2.182508154154995,-0.22673485773428936,-0.22673485773428936,-9.421801515986772,-0.18474120619581905,37.88016566515842,40.06267381931342
5.45,2.16991872751521,2.16991872751521,-0.22640430276139867,-0.22640430276139867,-9.444273110514587,-0.18518182569636443,37.85759787235648,40.02751659987169
5.466666666666667,2.1567149118308677,2.1567149118308677,-0.22605915258642106,-0.22605915258642106,-9.462625116199888,-0.18554166894509586,37.83655858461917,39.99327349645004
5.483333333333333,2.1428699441637917,2.1428699441637917,-0.22569823588669724,-0.22569823588669724,-9.476712287092596,-0.18581788798220777,37.81704780194649,39.95991774611028
5.5,2.1283579124115946,2.1283579124115946,-0.22532040797481834,-0.22532040797481834,-9.486393433022386,-0.18600771437298796,37.79906552433845,39.92742343675005
5.516666666666667,2.1131537275962913,2.1131537275962913,-0.2249245501131183,-0.2249245501131183,-9.491531287861108,-0.1861084566247276,37.782611751795045,39.895765479391336
5.533333333333333,2.0972330970075035,2.0972330970075035,-0.2245095688487302,-0.2245095688487302,-9.49199238273286,-0.1861174977006443,37.767686484316265,39.86491958132377
5.55,2.0805724981796985,2.0805724981796985,-0.22407439536829798,-0.22407439536829798,-9.48764692388886,-0.18603229262527177,37.75428972190213,39.83486222008183
5.566666666666666,2.063149153681941,2.063149153681941,-0.22361798487188,-0.22361798487188,-9.478368675107049,-0.1858503661785696,37.74242146455263,39.80557061823457
5.583333333333333,2.0449410066990197,2.0449410066990197,-0.22313931596532388,-0.22313931596532388,-9.464034844399066,-0.18556931067449148,37.73208171226775,39.77702271896677
5.6,2.0259266973835537,2.0259266973835537,-0.22263739007048766,-0.22263739007048766,-9.444525974840872,-0.18518678382040923,37.723270465047506,39.74919716243106
5.616666666666666,2.0060855399582493,2.0060855399582493,-0.22211123085254414,-0.22211123085254414,-9.419725839402417,-0.18470050665494936,37.7159877228919,39.72207326285015
5.633333333333334,1.992834345762084,1.992834345762084,-0.221815531739054,-0.221815531739054,-9.4243248447101,-0.1847906832296098,37.7027966405868,39.69563098634888
5.65,1.987490197578822,1.987490197578822,-0.22179530211575393,-0.22179530211575393,-9.464467511285875,-0.18557779433893873,37.68236073191742,39.66985092949624
5.666666666666667,1.9823537578286548,1.9823537578286548,-0.2217856036780601,-0.2217856036780601,-9.504102723771211,-0.18635495536806296,37.6623605407087,39.64471429853735
5.683333333333334,1.9774068223353467,1.9774068223353467,-0.22178554366365777,-0.22178554366365777,-9.543126196653247,-0.18712012150300486,37.64279606696067,39.62020288929602
5.7,1.9726317570556446,1.9726317570556446,-0.221794248929581,-0.221794248929581,-9.581436402479994,-0.18787130200941166,37.623667310673326,39.59629906772897
5.716666666666667,1.9680114792658543,1.9680114792658543,-0.221810865471479,-0.221810865471479,-9.618934487315528,-0.18860655857481426,37.604974271846636,39.57298575111249
5.733333333333333,1.9635294393629366,1.9635294393629366,-0.22183455795654528,-0.22183455795654528,-9.655524189199241,-0.18932400370978905,37.58671695048066,39.55024638984359
5.75,1.9591696032618557,1.9591696032618557,-0.2218645092693814,-0.2218645092693814,-9.691111759409068,-0.19002179920409937,37.568895346575346,39.5280649498372
5.766666666666667,1.9549164353710822,1.9549164353710822,-0.22189992007102433,-0.22189992007102433,-9.725605886538688,-0.19069815463801348,37.55150946013072,39.5064258955018
5.783333333333333,1.9507548821295728,1.9507548821295728,-0.221940008369633,-0.221940008369633,-9.758917623177695,-0.19135132594466067,37.534559291146756,39.48531417327633
5.8,1.9466703560875303,1.9466703560875303,-0.22198400910361116,-0.22198400910361116,-9.790960315111988,-0.1919796140218037,37.51804483962348,39.46471519571101
5.816666666666666,1.942648720515031,1.942648720515031,-0.2220311737359868,-0.2220311737359868,-9.821649532983429,-0.19258136339183193,37.50196610556088,39.44461482607591
5.833333333333333,1.938676274521839,1.938676274521839,-0.22208076985989944,-0.22208076985989944,-9.850903006305998,-0.19315496090796075,37.48632308895897,39.42499936348081
5.85,1.9347397386727962,1.9347397386727962,-0.2221320808150038,-0.2221320808150038,-9.878640559679297,-0.19369883450351563,37.47111578981773,39.40585552849053
5.866666666666666,1.9308262410832668,1.9308262410832668,-0.2221844053142661,-0.2221844053142661,-9.904784051229399,-0.19421145198489018,37.45634420813717,39.387170449220434
5.883333333333334,1.926923303979649,1.926923303979649,-0.22223705708079322,-0.22223705708079322,-9.92925731309424,-0.19469131986459295,37.442008343917294,39.36893164789694
5.9,1.9230188307101983,1.9230188307101983,-0.22228936449448256,-0.22228936449448256,-9.951986093919913,-0.1951369822337238,37.4281081971581,39.3511270278683
5.916666666666667,1.9191010931919763,1.9191010931919763,-0.2223406702484132,-0.2223406702484132,-9.97289800328781,-0.19554701967231,37.41464376785958,39.33374486105156
5.933333333333334,1.9151587197798108,1.9151587197798108,-0.22239033101392547,-0.22239033101392547,-9.991922457994406,-0.19592004819596873,37.401615056021726,39.316773775801536
5.95,1.911180683543904,1.911180683543904,-0.22243771711488147,-0.22243771711488147,-10.008990630123662,-0.19625471823771887,37.38902206164457,39.30020274518847
5.966666666666667,1.9071562909428934,1.9071562909428934,-0.2224822122108332,-0.2224822122108332,-10.024035396817453,-0.19654971366308732,37.37686478472806,39.28402107567096
5.983333333333333,1.9030751708792266,1.9030751708792266,-0.22252321298792221,-0.22252321298792221,-10.036991291716731,-0.19680375081797513,37.36514322527227,39.2682183961515
6.0,1.8989272641249357,1.8989272641249357,-0.22256012885842136,-0.22256012885842136,-10.047794457991586,-0.19701557760767816,37.35385738327716,39.252784647402095
6.016666666666667,1.8947028131052193,1.8947028131052193,-0.22259238166790052,-0.22259238166790052,-10.056382602907433,-0.1971839726060281,37.3430072587427,39.23771007184792
6.033333333333333,1.8903923520281651,1.8903923520281651,-0.2226194054099997,-0.2226194054099997,-10.06269495385095,-0.1973077441931559,37.33259285166893,39.22298520369709
6.05,1.8859866973494732,1.8859866973494732,-0.2226406459486716,-0.2226406459486716,-10.06667221580119,-0.19738572972159196,37.322614162055835,39.20860085940531
6.066666666666666,1.8814769385606311,1.8814769385606311,-0.2226555607475822,-0.2226555607475822,-10.068256530165854,-0.1974167947091344,37.31307118990344,39.19454812846407
6.083333333333333,1.8768544292902476,1.8768544292902476,-0.22266361860643258,-0.22266361860643258,-10.067391434919045,-0.19739983205723619,37.303963935211705,39.18081836450195
6.1,1.8721107787076647,1.8721107787076647,-0.22266429940394605,-0.22266429940394605,-10.064021826039607,-0.19733376129489424,37.295292397980646,39.16740317668831
6.116666666666666,1.8672378432189518,1.8672378432189518,-0.22265709384768773,-0.22265709384768773,-10.058093920156352,-0.197217527846203,37.287056578210276,39.15429442142923
6.133333333333334,1.8622277184456166,1.8622277184456166,-0.22264150322983944,-0.22264150322983944,-10.049555218387468,-0.1970501023213229,37.27925647590058,39.1414841943462
6.15,1.8570727314760305,1.8570727314760305,-0.22261703918949216,-0.22261703918949216,-10.038354471306775,-0.1968304798295446,37.27189209105157,39.1289648225276
6.166666666666667,1.8517654333809404,1.8517654333809404,-0.2225832234807248,-0.2225832234807248,-10.024441645033221,-0.19655767931437687,37.26496342366322,39.11672885704416
6.183333333333334,1.8462985919835475,1.8462985919835475,-0.22253958774656546,-0.22253958774656546,-10.007767888354465,-0.19623074290891107,37.25847047373557,39.10476906571912
6.2,1.840665184876002,1.840665184876002,-0.22248567329850477,-0.22248567329850477,-9.988285500890015,-0.19584873531156893,37.25241324126859,39.093078426144594
6.216666666666667,1.8348583926735742,1.8348583926735742,-0.22242103090178045,-0.22242103090178045,-9.965947902225707,-0.1954107431808962,37.24679172626228,39.081650118935855
6.233333333333333,1.8288715924985226,1.8288715924985226,-0.22234522056555228,-0.22234522056555228,-9.94070960202589,-0.19491587454952727,37.241605928716666,39.07047752121519
6.25,1.8226983516858937,1.8226983516858937,-0.2222578113386655,-0.2222578113386655,-9.912526171043282,-0.19436325825575063,37.23685584863173,39.05955420031762
6.266666666666667,1.816332421703443,1.816332421703443,-0.22215838111015174,-0.22215838111015174,-9.881354213009217,-0.1937520433923376,37.23254148600746,39.048873907710906
6.283333333333333,1.809767732278452,1.809767732278452,-0.22204651641470274,-0.22204651641470274,-9.84715133741247,-0.1930813987727935,37.22866284084388,39.038430573122334
6.3,1.8029983857243295,1.8029983857243295,-0.22192181224307106,-0.22192181224307106,-9.80987613306479,-0.1923505124130351,37.22521991314097,39.0282182988653
6.316666666666666,1.7960186514600451,1.7960186514600451,-0.22178387185682702,-0.22178387185682702,-9.769488142494993,-0.19155859102931358,37.22221270289875,39.0182313543588
6.333333333333333,1.7888229607158976,1.7888229607158976,-0.22163230660760203,-0.22163230660760203,-9.725947837091553,-0.19070485955081476,37.21964121011721,39.00846417083311
6.35,1.7814059014188217,1.7814059014188217,-0.2214667357611111,-0.2214667357611111,-9.679216593015553,-0.1897885606473638,37.21750543479635,38.99891133621517
6.366666666666666,1.773762213251473,1.773762213251473,-0.22128678632473253,-0.22128678632473253,-9.629256667794834,-0.18880895427048694,37.21580537693616,38.98956759018763
6.383333333333334,1.7658867828787237,1.7658867828787237,-0.221092092879843,-0.221092092879843,-9.576031177648474,-0.1877653172087936,37.21454103653664,38.98042781941536
6.4,1.7577746393359064,1.7577746393359064,-0.22088229741793075,-0.22088229741793075,-9.519504075460645,-0.1866569426560911,37.21371241359782,38.971487052933725
6.416666666666667,1.7494209495732775,1.7494209495732775,-0.22065704918035056,-0.22065704918035056,-9.459640129409308,-0.18548313979233938,37.213319508119675,38.96274045769295
6.433333333333334,1.741082097464691,1.741082097464691,-0.22027461649144975,-0.22027461649144975,-9.38969663754051,-0.18411169877530412,37.21310123678838,38.954183334253074
6.45,1.733095053136104,1.733095053136104,-0.2197492157664369,-0.2197492157664369,-9.312872457450794,-0.18260534230295675,37.21271605948846,38.94581111262456
6.466666666666667,1.725288466060448,1.725288466060448,-0.21924047287155535,-0.21924047287155535,-9.237610305081034,-0.18112961382511833,37.212330882188525,38.93761934824897
6.483333333333333,1.717658013226803,1.717658013226803,-0.21874806452287565,-0.21874806452287565,-9.163878008302163,-0.17968388251572867,37.2119457048886,38.9296037181154
6.5,1.7101994894187058,1.7101994894187058,-0.21827167394150493,-0.21827167394150493,-9.09164411239999,-0.1782675316156861,37.211560527588674,38.92176001700738
6.516666666666667,1.7029088035874835,1.7029088035874835,-0.21781099071486665,-0.21781099071486665,-9.02087786219272,-0.1768799580822102,37.21117535028875,38.91408415387623
6.533333333333333,1.6957819753471526,1.6957819753471526,-0.2173657106612783,-0.2173657106612783,-8.951549184605028,-0.17552057224715742,37.21079017298882,38.906572148335975
6.55,1.6888151315869564,1.6888151315869564,-0.2169355356976057,-0.2169355356976057,-8.883628671778752,-0.1741887974858579,37.21040499568891,38.89922012727587
6.566666666666666,1.682004503197362,1.682004503197362,-0.21652017371017074,-0.21652017371017074,-8.817087564640133,-0.17288406989490457,37.21001981838898,38.89202432158634
6.583333333333333,1.6753464219053242,1.6753464219053242,-0.21611933842830489,-0.21611933842830489,-8.751897736940919,-0.1716058379792337,37.20963464108905,38.88498106299438
6.6,1.6688373172153987,1.6688373172153987,-0.2157327493010781,-0.2157327493010781,-8.688031679751475,-0.17035356234806814,37.20924946378913,38.87808678100453
6.616666666666666,1.6624737134526058,1.6624737134526058,-0.21536013137676235,-0.21536013137676235,-8.625462486371362,-0.1691267154190463,37.20886428648922,38.87133799994182
6.633333333333334,1.6562522269037458,1.6562522269037458,-0.21500121518507687,-0.21500121518507687,-8.564163837681008,-0.16792478113100015,37.20847910918929,38.86473133609304
6.65,1.650169563053609,1.650169563053609,-0.21465573662210957,-0.21465573662210957,-8.504109987883567,-0.16674725466438367,37.20809393188936,38.85826349494297
6.666666666666667,1.6442225139127729,1.6442225139127729,-0.21432343683778132,-0.21432343683778132,-8.4452757506524,-0.1655936421696549,37.20770875458943,38.851931268502206
6.683333333333334,1.638407955433891,1.638407955433891,-0.2140040621260546,-0.2140040621260546,-8.387636485649637,-0.16446346050293406,37.20732357728951,38.8457315327234
6.7,1.6327228450132196,1.6327228450132196,-0.21369736381744886,-0.21369736381744886,-8.331168085428544,-0.16335623696918714,37.20693839998958,38.8396612450028
6.716666666666667,1.6271642190744728,1.6271642190744728,-0.21340309817391034,-0.21340309817391034,-8.275846962680589,-0.16227150907216842,37.20655322268966,38.83371744176413
6.733333333333333,1.6217291907321396,1.6217291907321396,-0.21312102628639362,-0.21312102628639362,-8.22165003783357,-0.16120882427124647,37.206168045389745,38.827897236121885
6.75,1.6164149475316592,1.6164149475316592,-0.21285091397438283,-0.21285091397438283,-8.168554726987168,-0.16016773974484644,37.20578286808981,38.82219781562147
6.766666666666667,1.6112187492632088,1.6112187492632088,-0.21259253168777903,-0.21259253168777903,-8.116538930171373,-0.159147822160223,37.20539769078989,38.816616440053096
6.783333333333333,1.6061379258473707,1.6061379258473707,-0.2123456544111706,-0.2123456544111706,-8.065581019929596,-0.15814864744959992,37.20501251348996,38.81115043933733
6.8,1.6011698752894574,1.6011698752894574,-0.21211006156983192,-0.21211006156983192,-8.015659830192817,-0.15716980059201602,37.20462733619005,38.80579721147951
6.816666666666666,1.596312061700516,1.596312061700516,-0.21188553693815848,-0.21188553693815848,-7.966754645459332,-0.15621087540116338,37.204242158890125,38.80055422059064
6.833333333333333,1.5966972390004486,1.5966972390004486,-0.212238248327413,-0.212238248327413,-7.969667494186069,-0.15626799008207978,37.20385698159019,38.80055422059064
6.85,1.597082416300374,1.597082416300374,-0.21259095971666753,-0.21259095971666753,-7.972580342914625,-0.15632510476303188,37.20347180429027,38.80055422059064
6.866666666666666,1.5974675936002853,1.5974675936002853,-0.21294367110592205,-0.21294367110592205,-7.9754931916431815,-0.15638221944398395,37.203086626990356,38.80055422059064
6.883333333333334,1.5978527709002108,1.5978527709002108,-0.21329638249517568,-0.21329638249517568,-7.978406040372647,-0.15643933412495387,37.20270144969043,38.80055422059064
6.9,1.5982379482001363,1.5982379482001363,-0.2136490938844302,-0.2136490938844302,-7.981318889099384,-0.15649644880587027,37.202316272390505,38.80055422059064
6.916666666666667,1.598623125500069,1.598623125500069,-0.21400180527368384,-0.21400180527368384,-7.984231737827031,-0.15655356348680452,37.20193109509057,38.80055422059064
6.933333333333334,1.5990083027999944,1.5990083027999944,-0.21435451666293925,-0.21435451666293925,-7.987144586555587,-0.15661067816775662,37.20154591779065,38.80055422059064
6.95,1.5993934800999199,1.5993934800999199,-0.2147072280521929,-0.2147072280521929,-7.990057435284143,-0.1566677928487087,37.20116074049072,38.80055422059064
6.966666666666667,1.5997786573998454,1.5997786573998454,-0.2150599394414474,-0.2150599394414474,-7.99297028401179,-0.15672490752964294,37.200775563190795,38.80055422059064
6.983333333333333,1.6001638346997709,1.6001638346997709,-0.21541265083070105,-0.21541265083070105,-7.995883132740346,-0.156782022210595,37.20039038589087,38.80055422059064
7.0,1.6005490119996821,1.6005490119996821,-0.21576536221995557,-0.21576536221995557,-7.998795981468902,-0.1568391368915471,37.20000520859096,38.80055422059064
7.016666666666667,1.6009341892996147,1.6009341892996147,-0.2161180736092101,-0.2161180736092101,-8.001708830196549,-0.15689625157248135,37.199620031291026,38.80055422059064
7.033333333333333,1.6013193665995402,1.6013193665995402,-0.21647078499846462,-0.21647078499846462,-8.004621678924195,-0.1569533662534156,37.1992348539911,38.80055422059064
7.05,1.6017045438994657,1.6017045438994657,-0.21682349638771825,-0.21682349638771825,-8.007534527653661,-0.15701048093438552,37.198849676691175,38.80055422059064
7.066666666666666,1.602089721199377,1.602089721199377,-0.21717620777697277,-0.21717620777697277,-8.010447376382217,-0.1570675956153376,37.198464499391264,38.80055422059064
7.083333333333333,1.6024748984993025,1.6024748984993025,-0.2175289191662273,-0.2175289191662273,-8.013360225109864,-0.15712471029627184,37.19807932209134,38.80055422059064
7.1,1.602860075799235,1.602860075799235,-0.21788163055548182,-0.21788163055548182,-8.01627307383751,-0.1571818249772061,37.197694144791406,38.80055422059064
7.116666666666666,1.6032452530991605,1.6032452530991605,-0.21823434194473634,-0.21823434194473634,-8.019185922566066,-0.15723893965815816,37.19730896749148,38.80055422059064
7.133333333333334,1.603630430399086,1.603630430399086,-0.21858705333398998,-0.21858705333398998,-8.022098771294623,-0.15729605433911026,37.196923790191555,38.80055422059064
7.15,1.6040156076990115,1.6040156076990115,-0.2189397647232445,-0.2189397647232445,-8.02501162002227,-0.15735316902004448,37.19653861289163,38.80055422059064
7.166666666666667,1.604400784998937,1.604400784998937,-0.21929247611249814,-0.21929247611249814,-8.027924468749916,-0.15741028370097873,37.196153435591704,38.80055422059064
7.183333333333334,1.6047859622988625,1.6047859622988625,-0.21964518750175355,-0.21964518750175355,-8.030837317478472,-0.15746739838193083,37.19576825829178,38.80055422059064
7.2,1.6051711395987809,1.6051711395987809,-0.21999789889100718,-0.21999789889100718,-8.033750166207028,-0.1575245130628829,37.19538308099186,38.80055422059064
7.216666666666667,1.6055563168987064,1.6055563168987064,-0.2203506102802617,-0.2203506102802617,-8.036663014935584,-0.157581627743835,37.194997903691934,38.80055422059064
7.233333333333333,1.6040971569971987,1.6040971569971987,-0.22065408634992778,-0.22065408634992778,-8.042772750974109,-0.1577014264896884,37.19645706359344,38.80055422059064
7.25,1.6006631546535104,1.6006631546535104,-0.22090484321038328,-0.22090484321038328,-8.052305585966678,-0.15788834482287606,37.19989106593713,38.80055422059064
7.266666666666667,1.597229152309822,1.597229152309822,-0.2211556000708379,-0.2211556000708379,-8.061838420960157,-0.1580752631560815,37.20332506828082,38.80055422059064
7.283333333333333,1.593795149966141,1.593795149966141,-0.2214063569312934,-0.2214063569312934,-8.071371255953636,-0.15826218148928697,37.2067590706245,38.80055422059064
7.3,1.5903611476224526,1.5903611476224526,-0.2216571137917498,-0.2216571137917498,-8.080904090948934,-0.1584490998225281,37.21019307296819,38.80055422059064
7.316666666666666,1.5869271452787643,1.5869271452787643,-0.2219078706522053,-0.2219078706522053,-8.090436925941503,-0.15863601815571576,37.21362707531188,38.80055422059064
7.333333333333333,1.583493142935076,1.583493142935076,-0.2221586275126608,-0.2221586275126608,-8.099969760934982,-0.15882293648892123,37.217061077655565,38.80055422059064
7.35,1.5800591405913949,1.5800591405913949,-0.2224093843731163,-0.2224093843731163,-8.109502595927552,-0.15900985482210886,37.220495079999246,38.80055422059064
7.366666666666666,1.5766251382477066,1.5766251382477066,-0.22266014123357092,-0.22266014123357092,-8.11903543092103,-0.15919677315531433,37.223929082342934,38.80055422059064
7.383333333333334,1.5731911359040183,1.5731911359040183,-0.22291089809402642,-0.22291089809402642,-8.128568265915419,-0.15938369148853762,37.22736308468662,38.80055422059064
7.4,1.56975713356033,1.56975713356033,-0.2231616549544828,-0.2231616549544828,-8.138101100908898,-0.1595706098217431,37.23079708703031,38.80055422059064
7.416666666666667,1.5663231312166488,1.5663231312166488,-0.22341241181493832,-0.22341241181493832,-8.147633935903286,-0.1597575281549664,37.23423108937399,38.80055422059064
7.433333333333334,1.5628891288729605,1.5628891288729605,-0.22366316867539382,-0.22366316867539382,-8.157166770894946,-0.1599444464881362,37.23766509171768,38.80055422059064
7.45,1.559455126529258,1.559455126529258,-0.22391392553584843,-0.22391392553584843,-8.166699605889335,-0.1601313648213595,37.24109909406138,38.80055422059064
7.466666666666667,1.5560211241855768,1.5560211241855768,-0.22416468239630394,-0.22416468239630394,-8.176232440883723,-0.1603182831545828,37.244533096405064,38.80055422059064
7.483333333333333,1.5525871218419027,1.5525871218419027,-0.22441543925675944,-0.22441543925675944,-8.185765275876292,-0.16050520148777045,37.24796709874874,38.80055422059064
7.5,1.5491531194982144,1.5491531194982144,-0.22466619611721583,-0.22466619611721583,-8.195298110869771,-0.16069211982097592,37.251401101092426,38.80055422059064
7.516666666666667,1.5457191171545261,1.5457191171545261,-0.22491695297767134,-0.22491695297767134,-8.20483094586234,-0.16087903815416355,37.254835103436115,38.80055422059064
7.533333333333333,1.542285114810845,1.542285114810845,-0.22516770983812684,-0.22516770983812684,-8.214363780857639,-0.16106595648740468,37.258269105779796,38.80055422059064
7.55,1.5388511124671567,1.5388511124671567,-0.22541846669858145,-0.22541846669858145,-8.223896615850208,-0.1612528748205923,37.261703108123484,38.80055422059064
7.566666666666666,1.5354171101234542,1.5354171101234542,-0.22566922355903696,-0.22566922355903696,-8.233429450843687,-0.16143979315379778,37.26513711046719,38.80055422059064
7.583333333333333,1.531983107779773,1.531983107779773,-0.22591998041949335,-0.22591998041949335,-8.242962285838075,-0.1616267114870211,37.26857111281087,38.80055422059064
7.6,1.5285491054360847,1.5285491054360847,-0.22617073727994885,-0.22617073727994885,-8.252495120831554,-0.16181362982022654,37.272005115154556,38.80055422059064
7.616666666666666,1.5251151030923964,1.5251151030923964,-0.22642149414040436,-0.22642149414040436,-8.262027955823214,-0.16200054815339635,37.275439117498244,38.80055422059064
7.633333333333334,1.521681100748708,1.521681100748708,-0.22667225100085986,-0.22667225100085986,-8.271560790817603,-0.16218746648661966,37.27887311984193,38.80055422059064
7.65,1.5182470984050411,1.5182470984050411,-0.22692300786131447,-0.22692300786131447,-8.281093625811081,-0.16237438481982513,37.2823071221856,38.80055422059064
7.666666666666667,1.5148130960613528,1.5148130960613528,-0.22717376472176998,-0.22717376472176998,-8.29062646080365,-0.16256130315301276,37.28574112452929,38.80055422059064
7.683333333333334,1.5113790937176645,1.5113790937176645,-0.22742452158222637,-0.22742452158222637,-8.300159295798949,-0.1627482214862539,37.289175126872976,38.80055422059064
7.7,1.5079450913739691,1.5079450913739691,-0.22767527844268187,-0.22767527844268187,-8.309692130791518,-0.16293513981944152,37.29260912921667,38.80055422059064
7.716666666666667,1.5045110890302809,1.5045110890302809,-0.22792603530313738,-0.22792603530313738,-8.319224965784088,-0.16312205815262917,37.29604313156036,38.80055422059064
7.733333333333333,1.5010770866865926,1.5010770866865926,-0.22817679216359288,-0.22817679216359288,-8.328757800777566,-0.16330897648583464,37.29947713390405,38.80055422059064
7.75,1.4976430843429043,1.4976430843429043,-0.2284275490240475,-0.2284275490240475,-8.338290635772864,-0.16349589481907578,37.30291113624774,38.80055422059064
7.766666666666667,1.494209081999223,1.494209081999223,-0.22867830588450389,-0.22867830588450389,-8.347823470766343,-0.16368281315228125,37.30634513859142,38.80055422059064
7.783333333333333,1.4907750796555348,1.4907750796555348,-0.2289290627449594,-0.2289290627449594,-8.357356305758913,-0.16386973148546888,37.309779140935106,38.80055422059064
7.8,1.4873410773118465,1.4873410773118465,-0.229179819605414,-0.229179819605414,-8.366889140752392,-0.16405664981867435,37.313213143278794,38.80055422059064
7.816666666666666,1.4839070749681653,1.4839070749681653,-0.2294305764658704,-0.2294305764658704,-8.37642197574678,-0.16424356815189764,37.316647145622476,38.80055422059064
7.833333333333333,1.480473072624477,1.480473072624477,-0.2296813333263259,-0.2296813333263259,-8.38595481073935,-0.1644304864850853,37.320081147966164,38.80055422059064
7.85,1.4770390702807887,1.4770390702807887,-0.2299320901867805,-0.2299320901867805,-8.395487645733738,-0.16461740481830858,37.32351515030985,38.80055422059064
7.866666666666666,1.4736050679371004,1.4736050679371004,-0.2301828470472369,-0.2301828470472369,-8.405020480727217,-0.16480432315151405,37.32694915265354,38.80055422059064
7.883333333333334,1.4701710655934193,1.4701710655934193,-0.23043360390769152,-0.23043360390769152,-8.414553315719786,-0.16499124148470168,37.33038315499722,38.80055422059064
7.9,1.466737063249731,1.466737063249731,-0.23068436076814702,-0.23068436076814702,-8.424086150714174,-0.165178159817925,37.33381715734091,38.80055422059064
7.916666666666667,1.4633030609060427,1.4633030609060427,-0.23093511762860341,-0.23093511762860341,-8.433618985707653,-0.16536507815113047,37.3372511596846,38.80055422059064
7.933333333333334,1.4598690585623615,1.4598690585623615,-0.23118587448905892,-0.23118587448905892,-8.443151820701132,-0.16555199648433594,37.34068516202828,38.80055422059064
7.95,1.4564350562186732,1.4564350562186732,-0.23143663134951442,-0.23143663134951442,-8.452684655693702,-0.16573891481752356,37.34411916437197,38.80055422059064
7.966666666666667,1.4530010538749707,1.4530010538749707,-0.23168738820996904,-0.23168738820996904,-8.462217490689,-0.1659258331507647,37.34755316671567,38.80055422059064
7.983333333333333,1.4495670515312824,1.4495670515312824,-0.23193814507042454,-0.23193814507042454,-8.471750325681569,-0.16611275148395233,37.35098716905936,38.80055422059064
8.0,1.4461330491876154,1.4461330491876154,-0.23218890193088093,-0.23218890193088093,-8.481283160675048,-0.1662996698171578,37.354421171403025,38.80055422059064
