Time (hr),I2 (μM),S2_free (μM),S2_total (μM)
0.0,0.09930191455388784,3.2448235568930834e-08,4.832697664625628e-06
0.016666666666666666,0.09930183210337935,1.8359441191649249e-07,4.6283784765868456e-05
0.03333333333333333,0.09930163152814278,4.0214908144828714e-07,0.00014698700631463697
0.05,0.09930127617353574,6.906337776491919e-07,0.0003252977967548132
0.06666666666666667,0.0993007116402405,1.0870928089629415e-06,0.0006084959852541803
0.08333333333333333,0.09929985312663865,1.6496985163727813e-06,0.0010390974627617028
0.1,0.09929857234398987,2.4625285467487053e-06,0.0016813977085851388
0.11666666666666667,0.0992966769730953,3.6490217942997694e-06,0.0026317375122335866
0.13333333333333333,0.09929388013034611,5.392285124762612e-06,0.00403373327670319
0.15,0.09928975409650521,7.965349904371774e-06,0.006101297354959269
0.16666666666666666,0.09928366066959048,1.1776595683017343e-05,0.009153154241816801
0.18333333333333332,0.09927464631680195,1.743829080729254e-05,0.013664504555518944
0.2,0.09926128385837299,2.5871131046169484e-05,0.020344376109769365
0.21666666666666667,0.09924143228089233,3.846458731569379e-05,0.030251510366774013
0.23333333333333334,0.09921187177689858,5.7322126262050834e-05,0.04496715991062028
0.25,0.0991677447665369,8.564668309948937e-05,0.06685243155765709
0.26666666666666666,0.09910169398033236,0.0001283433345991051,0.09942868750582162
0.2833333333333333,0.09900253756134077,0.00019295191545552317,0.14792476949487346
0.3,0.0988532096146254,0.00029116298995327997,0.22004441324211257
0.31666666666666665,0.09862755228706603,0.0004412129803281902,0.326974484846058
0.3333333333333333,0.09828540289590147,0.0006715916208342403,0.4845018018657053
0.35,0.09776508019540776,0.0010270691038051143,0.713810494079925
0.36666666666666664,0.09697226384999143,0.0015777381919220973,1.040731813844138
0.38333333333333336,0.09576487848451608,0.0024315767758863777,1.490769669719054
0.4,0.09393468048193923,0.003752381848727335,2.076215794293766
0.4166666666666667,0.09119390955302237,0.005768773066122294,2.774037517079054
0.43333333333333335,0.08718430440459768,0.008780655254609283,3.5052344990909794
0.45,0.08152529390401624,0.013158330111390231,4.148652356380137
0.4666666666666667,0.07387982556640452,0.019488774147360537,4.606424365341336
0.48333333333333334,0.06396711759287123,0.029032596676130347,4.867431858197642
0.5,0.052045676317742616,0.04198055945862773,4.990902914591972
0.5166666666666667,0.040092208231309,0.05284389422699533,5.043316449493759
0.5333333333333333,0.030065924790404826,0.0592100608800041,5.067526729806818
0.55,0.022394850674885725,0.06320862335328387,5.081783697703115
0.5666666666666667,0.016766673425038955,0.06621351260998637,5.091833202342302
0.5833333333333334,0.012733576285573811,0.06874453591735616,5.099388987662855
0.6,0.009886654515466041,0.07098543208729101,5.105287818734718
0.6166666666666667,0.007896364557173359,0.0730250851964846,5.11000510019377
0.6333333333333333,0.006514913423656591,0.07490740850931425,5.113861336827142
0.65,0.005559550116717722,0.07666325025212972,5.117092460774806
0.6666666666666666,0.004898673594002137,0.0783148730003812,5.119868040082499
0.6833333333333333,0.004439288412128162,0.07987868870380181,5.122308668377219
0.7,0.004116687786773544,0.0813670263679511,5.124499544636716
0.7166666666666667,0.0038864276945931617,0.08278930383204254,5.1265006265977355
0.7333333333333333,0.003718314428529749,0.0841528308039595,5.128354067429727
0.75,0.0035920242335291306,0.08546337319864404,5.130089575265383
0.7666666666666667,0.003493980904333059,0.08672555614213664,5.131728221771772
0.7833333333333333,0.003415169470234047,0.08794315459558419,5.13328511565604
0.8,0.0033496282248407228,0.08911930424340905,5.134771259854707
0.8166666666666667,0.003293422066617553,0.09025665521309971,5.136194830459273
0.8333333333333334,0.003243951438488612,0.09135748457673351,5.137562051324017
0.85,0.0031994918138455617,0.09242377904761935,5.138877789130662
0.8666666666666667,0.0031588895252239236,0.0934572960897099,5.140145957013223
0.8833333333333333,0.0031213624112911777,0.09445960937133846,5.141369788116082
0.9,0.0030863700272813887,0.09543214284682904,5.142552021341961
0.9166666666666666,0.0030535296045000448,0.09637619655814778,5.143695028094056
0.9333333333333333,0.003022561855114305,0.09729296638741268,5.144800899479863
0.95,0.002993256109353943,0.09818355936923431,5.145871507041322
0.9666666666666667,0.0029654478993759656,0.09904900572382819,5.146908545729807
0.9833333333333333,0.002939004516814039,0.09989026844969003,5.14791356492099
1.0,0.002913815659658104,0.10070825108337757,5.148887991312559
1.0166666666666666,0.002889787320474483,0.10150380406810927,5.149833146252491
1.0333333333333334,0.0028668377384482285,0.10227773005397309,5.150750259190219
1.05,0.0028448946682481445,0.1030307883671891,5.151640478379892
1.0666666666666667,0.002823893493321832,0.10376369882449082,5.152504879594874
1.0833333333333333,0.0028037758853752467,0.10447714502438185,5.153344473369252
1.1,0.002784488821696615,0.10517177721491071,5.154160211121692
1.1166666666666667,0.0027659838410857736,0.10584821481418075,5.154952990410701
1.1333333333333333,0.002748216462488124,0.10650704864259598,5.155723659499373
1.15,0.00273114571758717,0.10714884291309558,5.156473021359738
1.1666666666666667,0.002714733765640198,0.10777413701608592,5.1572018372140445
1.1833333333333333,0.0026989455695583192,0.10838344712856647,5.15791082968747
1.2,0.0026837486190174837,0.1089772676714359,5.158600685630516
1.2166666666666666,0.002669112690725073,0.10955607263469773,5.159272058657573
1.2333333333333334,0.0026550096387781656,0.1101203167869504,5.159925571439477
1.25,0.0026414132099048127,0.11067043678290887,5.160561817781217
1.2666666666666666,0.0026282988796314105,0.11120685218058476,5.161181364510867
1.2833333333333334,0.00261564370628613,0.11172996637805083,5.161784753201786
1.3,0.0026034647267097586,0.11222342845047663,5.1624231472418565
1.3166666666666667,0.0025917375420590897,0.11271809648654962,5.163058631809455
1.3333333333333333,0.002580456205029631,0.11319572871464584,5.163744795955626
1.35,0.002569548294401823,0.1136663643258185,5.164419632717694
1.3666666666666667,0.002558983983620595,0.11412674025350561,5.16507883162242
1.3833333333333333,0.00254874942716823,0.11457649900123454,5.165721955812323
1.4,0.0025388340008875077,0.11501570887921249,5.166349168755248
1.4166666666666667,0.0025303702806280183,0.11543982653023648,5.166895330265944
1.4333333333333333,0.002521545419475645,0.11585110709694396,5.16749948177163
1.45,0.0025138242008900156,0.11624533401625488,5.168035063633357
1.4666666666666666,0.0025059083548233515,0.11663442226707744,5.16861991243427
1.4833333333333334,0.0024979215418579953,0.11702004245131685,5.169203533230627
1.5,0.0024899674040568627,0.11739855930170179,5.169776883856164
1.5166666666666666,0.0024821252641928156,0.11776907892511504,5.170337789672032
1.5333333333333334,0.002474442255955844,0.11813141022088501,5.170885752692504
1.55,0.0024669431391598057,0.11848558260228476,5.171420769381785
1.5666666666666667,0.0024596390510605763,0.11883170919552785,5.171943015275529
1.5833333333333333,0.002452533247821767,0.11916993948723452,5.172452741184588
1.6,0.0024456245622782834,0.11950043974043623,5.172950231613566
1.6166666666666667,0.0024389094164667677,0.11982338366785424,5.173435785406566
1.6333333333333333,0.0024323829738998938,0.12013894751481899,5.173909705779145
1.65,0.0024260397930852507,0.12044730728673066,5.174372294854243
1.6666666666666667,0.002419874195448225,0.12074863712248811,5.1748238505665745
1.6833333333333333,0.00241388047065579,0.12104310832370702,5.175264664894471
1.7,0.0024080529895660007,0.12133088877777476,5.17569502286909
1.7166666666666666,0.0024023862647073475,0.12161214262547787,5.176115202052859
1.7333333333333334,0.002396874980935122,0.12188703008401341,5.176525472306847
1.75,0.0023915140091333624,0.12215570737021024,5.176926095738235
1.7666666666666666,0.002386298410296634,0.12241832668892681,5.177317326760517
1.7833333333333334,0.002381223434190028,0.12267503626394781,5.177699412223907
1.8,0.002376284515003444,0.12292598039646692,5.178072591588751
1.8166666666666667,0.002371477265398397,0.12317129954123981,5.178437097124308
1.8333333333333333,0.0023667974697606587,0.12341113039374824,5.1787931541213945
1.85,0.0023622410771333546,0.12364560598387518,5.179140981111286
1.8666666666666667,0.0023578041941073255,0.12387485577302981,5.179480790085956
1.8833333333333333,0.0023534830778288948,0.1240990057526471,5.179812786716379
1.9,0.0023492741292157524,0.12431817854264302,5.180137170566791
1.9166666666666667,0.002345173886429994,0.12453249348886493,5.180454135303553
1.9333333333333333,0.002341179018632139,0.12474206675890342,5.180763868897874
1.95,0.0023372863200245846,0.12494701143583085,5.1810665538218466
1.9666666666666666,0.0023334927041837937,0.1251474376096091,5.181362367237659
1.9833333333333334,0.0023297951986748218,0.12534345246599565,5.1816514811798795
2.0,0.002326190939938684,0.1255351603728645,5.1819340627308925
2.0166666666666666,0.0023226771684411443,0.125722662963909,5.182210274189613
2.033333333333333,0.0023192512240707308,0.12590605921972678,5.182480273233652
2.05,0.0023159105417734248,0.12608544554631748,5.182744213075147
2.066666666666667,0.0023126526474115928,0.1262609158510372,5.183002242610472
2.0833333333333335,0.002309475153834986,0.12643256161606897,5.183254506564059
2.1,0.0023063757571521017,0.12660047196947613,5.183501145626586
2.1166666666666667,0.0023033522331906836,0.12676473375390582,5.183742296587734
2.1333333333333333,0.0023004024341367214,0.12692543159302117,5.183978092463766
2.15,0.0022975242853418326,0.12708264795572974,5.184208662620139
2.1666666666666665,0.0022947157822895254,0.12723646321828996,5.184434132889383
2.183333333333333,0.002291974987711354,0.12738695572436542,5.184654625684419
2.2,0.002289300028844481,0.12753420184310094,5.184870260107568
2.216666666666667,0.0022866890948227457,0.12767827602528994,5.185081152055379
2.2333333333333334,0.0022841404341937383,0.12781925085770535,5.185287414319528
2.25,0.0022816523525548923,0.12795719711565756,5.185489156683895
2.2666666666666666,0.0022792232103019897,0.12809218381384696,5.185686486018058
2.283333333333333,0.0022768514204838906,0.128224278255573,5.185879506367287
2.3,0.0022745354467577075,0.1283535460803585,5.1860683190392365
2.316666666666667,0.002272273801438941,0.1284800513100499,5.186253022687481
2.3333333333333335,0.002270065043641475,0.12860385639344898,5.186433713392008
2.35,0.002267907777502598,0.1287250222495279,5.186610484736811
2.3666666666666667,0.002265800650488549,0.12884360830927982,5.186783427884699
2.3833333333333333,0.0022637423517763234,0.12895967255625765,5.1869526316494685
2.4,0.0022617316107077378,0.12907327156584503,5.187118182565493
2.4166666666666665,0.0022597671953119955,0.12918446054330746,5.18728016495491
2.433333333333333,0.0022578479108932106,0.1292932933606639,5.187438660992426
2.45,0.0022559725986795714,0.12939982259242766,5.187593750767927
2.466666666666667,0.0022541401345309666,0.12950409955025186,5.187745512346897
2.4833333333333334,0.0022523494277021617,0.12960617431651617,5.187894021828798
2.5,0.0022505994196587048,0.12970609577690143,5.188039353403465
2.5166666666666666,0.0022488890829429503,0.1298039116519766,5.188181579405593
2.533333333333333,0.002247217420087716,0.12989966852784043,5.18832077036742
2.55,0.0022455834625752314,0.1299934118858464,5.1884569950696315
2.566666666666667,0.0022439862698391704,0.1300851861314465,5.188590320590607
2.5833333333333335,0.0022424249283076836,0.13017503462217814,5.188720812354043
2.6,0.002240898550485461,0.13026299969483213,5.188848534175012
2.6166666666666667,0.002239406274072945,0.1303491226918188,5.188973548304541
2.6333333333333333,0.0022379472611209696,0.13043344398677134,5.189095915472751
2.65,0.0022365206972191133,0.1305160030093991,5.1892156949306045
2.6666666666666665,0.002235125790716238,0.13059683826962992,5.18933294449034
2.683333333333333,0.0022337617719716705,0.13067598738105246,5.189447720564614
2.7,0.002232427892635657,0.13075348708368867,5.189560078204414
2.716666666666667,0.002231123424957737,0.1308293732661188,5.189670071135792
2.7333333333333334,0.002229847661121747,0.13090368098697616,5.189777751795444
2.75,0.0022285999126062926,0.13097644449583445,5.1898831713652
2.7666666666666666,0.0022273795095695183,0.13104769725350857,5.18998637980545
2.783333333333333,0.0022261858002570922,0.13111747195178566,5.190087425887536
2.8,0.002225018150432406,0.13118580053260478,5.190186357225176
2.816666666666667,0.0022238759428279795,0.13125271420670442,5.190283220304928
2.8333333333333335,0.002222758576617176,0.1313182434717526,5.190378060515738
2.85,0.002221665466905332,0.13138241812997975,5.190470922177602
2.8666666666666667,0.002220596044239462,0.13144526730532322,5.1905618485693745
2.8833333333333333,0.002219549754135762,0.1315068194601062,5.190650881955757
2.9,0.0022185260566241352,0.13156710241126046,5.190738063613484
2.9166666666666665,0.002217524425809041,0.1316261433461082,5.190823433856745
2.933333333333333,0.002216544349445965,0.1316839688377198,5.190907032061864
2.95,0.0022155853285328684,0.1317406048598538,5.19098889669126
2.966666666666667,0.0022146468769160066,0.13179607680149827,5.191069065316716
2.9833333333333334,0.0022137285209095085,0.13185040948102425,5.19114757464198
3.0,0.0022128297989281514,0.1319036271599571,5.1912244605247135
3.0166666666666666,0.0022119502611328357,0.13195575355638814,5.191299757997814
3.033333333333333,0.002211089469088181,0.1320068118580267,5.191373501290145
3.05,0.0022102469954318285,0.1320568247349109,5.191445723846663
3.066666666666667,0.002209422423554923,0.13210581435178154,5.19151645834799
3.0833333333333335,0.0022086153472933774,0.1321538023801328,5.191585736729428
3.1,0.0022078253706294656,0.13220081000995226,5.1916535901994605
3.1166666666666667,0.002207052107403343,0.13224685796114646,5.191720049257714
3.1333333333333333,0.002206295181034143,0.13229196649467842,5.191785143712446
3.15,0.0022055542242502228,0.13233615542341357,5.191848902697544
3.1666666666666665,0.0022048288788282596,0.13237944412268468,5.191911354689053
3.183333333333333,0.0022041187953408246,0.1324218515405893,5.191972527521262
3.2,0.0022034236329121276,0.1324633962080189,5.19203244840234
3.216666666666667,0.0022027430589816243,0.1325040962484347,5.192091143929557
3.2333333333333334,0.0022020767490751932,0.13254396938739274,5.192148640104094
3.25,0.002201424386583589,0.1325830329618304,5.192204962345457
3.2666666666666666,0.002200785662547908,0.13262130392911178,5.1922601355054905
3.283333333333333,0.0022001602754518233,0.13265879887585016,5.192314183882038
3.3,0.002199547931020308,0.13269553402650736,5.192367131232225
3.316666666666667,0.002198948342024642,0.13273152525177281,5.192419000785393
3.3333333333333335,0.0021983612280934697,0.13276678807674008,5.192469815255693
3.35,0.0021977863155296586,0.1328013376888727,5.1925195968543525
3.3666666666666667,0.002197223337132805,0.13283518894577495,5.192568367301615
3.3833333333333333,0.0021966720320271372,0.13286835638276895,5.192616147838367
3.4,0.0021961321454946545,0.1329008542202847,5.192662959237465
3.4166666666666665,0.0021956034288132986,0.13293269637106617,5.192708821814768
3.433333333333333,0.0021950856391000063,0.13296389644720022,5.192753755439897
3.45,0.0021945785391584423,0.13299446776697452,5.192797779546687
3.466666666666667,0.0021940818973312684,0.13302442336156411,5.192840913143406
3.4833333333333334,0.002193595487356802,0.13305377598155654,5.192883174822678
3.5,0.0021931190882298873,0.13308253810331871,5.192924582771189
3.5166666666666666,0.0021926524840668506,0.13311072193520576,5.192965154779122
3.533333333333333,0.0021921954639744184,0.13313833942362252,5.193004908249344
3.55,0.0021917478219224125,0.13316540225893486,5.193043860206401
3.566666666666667,0.002191309356620168,0.1331919218812402,5.193082027305236
3.5833333333333335,0.0021908798713964938,0.13321790948599924,5.193119425839728
3.6,0.0021904591740830657,0.13324337602953093,5.1931560717509955
3.6166666666666667,0.0021900470769011643,0.13326833223437592,5.1931919806355
3.6333333333333333,0.0021896433963516293,0.1332927885945313,5.193227167752944
3.65,0.0021892479531079264,0.13331675538056234,5.19326164803398
3.6666666666666665,0.002188860571912221,0.1333402426445869,5.193295436087718
3.683333333333333,0.0021884810814743897,0.13336326022515,5.193328546209053
3.7,0.002188109314373815,0.13338581775197278,5.193360992385821
3.716666666666667,0.0021877451069639577,0.13340792465059653,5.19339278830576
3.7333333333333334,0.002187388299279533,0.13342959014691297,5.193423947363313
3.75,0.002187038734946278,0.13345082327158983,5.193454482666268
3.7666666666666666,0.0021866962610931732,0.13347163286438865,5.193484407042224
3.783333333333333,0.0021863607282670873,0.13349202757838682,5.193513733044911
3.8,0.0021860319903497273,0.13351201588409456,5.193542472960352
3.816666666666667,0.0021857099044768715,0.13353160607347966,5.19357063881287
3.8333333333333335,0.0021853943309597585,0.1335508062638966,5.193598242370968
3.85,0.002185085133208601,0.1335696244019236,5.193625295153044
3.8666666666666667,0.0021847821776581674,0.13358806826711178,5.193651808432987
3.8833333333333333,0.0021844853336953343,0.13360614547564584,5.193677793245631
3.9,0.0021841944735885702,0.13362386348392066,5.1937032603920805
3.9166666666666665,0.0021839094724193046,0.13364122959203403,5.193728220444904
3.933333333333333,0.0021836302080150897,0.13365825094720152,5.193752683753219
3.95,0.002183356560884538,0.1336749345470873,5.193776660447637
3.966666666666667,0.002183088414153972,0.13369128724306445,5.193800160445102
3.9833333333333334,0.0021828256535057,0.13370731574339645,5.193823193453615
4.0,0.0021825681671179312,0.13372302661634525,5.1938457689768445
4.016666666666667,0.0021823158456062493,0.13373842629321167,5.193867896318629
4.033333333333333,0.002182068581966569,0.13375352107130212,5.19388958458737
4.05,0.0021818262715196032,0.13376831711683151,5.193910842700335
4.066666666666666,0.002181588811856727,0.13378282046775575,5.193931679387845
4.083333333333333,0.002181356102787249,0.13379703703654322,5.193952103197366
4.1,0.0021811280462870138,0.13381097261288333,5.1939721224975175
4.116666666666666,0.0021809045464483167,0.13382463286632984,5.193991745481979
4.133333333333334,0.0021806855094310905,0.1338380233488895,5.194010980173305
4.15,0.002180470843415321,0.13385114949754784,5.194029834426648
4.166666666666667,0.0021802604585546706,0.13386401663673994,5.19404831593341
4.183333333333334,0.00218005426693126,0.13387662998076602,5.194066432224795
4.2,0.002179852182511573,0.1338889946361511,5.194084190675293
4.216666666666667,0.0021796541211034893,0.13390111560395263,5.194101598506061
4.233333333333333,0.0021794600003143547,0.13391299778201612,5.19411866278826
4.25,0.0021792697395101096,0.13392464596718034,5.1941353904462915
4.266666666666667,0.002179083259775428,0.13393606485743295,5.1941517882609585
4.283333333333333,0.0021789004838748327,0.13394725905401764,5.194167862872573
4.3,0.0021787213362147715,0.13395823306349572,5.194183620783973
4.316666666666666,0.0021785457428066257,0.13396899129975987,5.194199068363493
4.333333333333333,0.0021783736312306116,0.13397953808600338,5.194214211847835
4.35,0.002178204930600579,0.13398987765664888,5.194229057344913
4.366666666666666,0.0021780395715296453,0.13400001415922796,5.1942436108365975
4.383333333333334,0.002177877486096689,0.13400995165622498,5.194257878181431
4.4,0.0021777186078136327,0.13401969412687736,5.194271865117247
4.416666666666667,0.0021775628715935175,0.13402924546893727,5.194285577263764
4.433333333333334,0.0021774102137193502,0.13403860950039298,5.194299020125096
4.45,0.0021772605718137,0.13404778996115313,5.194312199092227
4.466666666666667,0.002177113884809015,0.13405679051469407,5.19432511944541
4.483333333333333,0.0021769700929186566,0.13406561474967105,5.194337786356526
4.5,0.0021768291376086137,0.13407426618149243,5.194350204891387
4.516666666666667,0.0021766909615699003,0.13408274825386285,5.19436238001199
4.533333333333333,0.002176555508691588,0.13409106434028922,5.1943743165787115
4.55,0.002176422724034496,0.1340992177455542,5.194386019352465
4.566666666666666,0.002176292553805494,0.13410721170715906,5.1943974929968055
4.583333333333333,0.0021761649453324095,0.13411504939673527,5.194408742079984
4.6,0.00217603984703951,0.13412273392142274,5.194419771076966
4.616666666666666,0.002175917208423587,0.13413026832522057,5.194430584371389
4.633333333333334,0.0021757969800305695,0.1341376555903066,5.1944411862574995
4.65,0.0021756791134327122,0.13414489863832926,5.194451580942029
4.666666666666667,0.0021755635612062873,0.1341520003316728,5.194461772546029
4.683333333333334,0.002175450276909801,0.13415896347469222,5.194471765106684
4.7,0.002175339215062725,0.13416579081492286,5.194481562579067
4.716666666666667,0.0021752303311247073,0.1341724850442636,5.194491168837856
4.733333333333333,0.0021751235814752717,0.13417904880013604,5.194500587679025
4.75,0.0021750189233939706,0.13418548466661598,5.194509822821492
4.766666666666667,0.0021749163150410066,0.13419179517554317,5.194518877908729
4.783333333333333,0.002174815715438292,0.13419798280760364,5.194527756510336
4.8,0.00217471708445094,0.13420404999339375,5.19453646212359
4.816666666666666,0.00217462038276918,0.13420999911445652,5.19454499817495
4.833333333333333,0.002174525571890688,0.13421583250429886,5.19455336802153
4.85,0.002174432614103311,0.13422155244938522,5.1945615749525516
4.866666666666666,0.002174341472468184,0.13422716119011174,5.194569622190751
4.883333333333334,0.0021742521108032375,0.13423266092175712,5.19457751289376
4.9,0.0021741644936670683,0.1342380537954151,5.194585250155462
4.916666666666667,0.0021740785863431826,0.13424334191890783,5.194592837007314
4.933333333333334,0.002173994354824569,0.13424852735767562,5.194600276419643
4.95,0.002173911765798665,0.13425361213565212,5.194607571302909
4.966666666666667,0.0021738307866326157,0.13425859823612024,5.1946147245089485
4.983333333333333,0.0021737513853588766,0.1342634876025462,5.194621738832187
5.0,0.0021736735306611536,0.13426828213940065,5.194628617010824
5.016666666666667,0.002173597191860632,0.13427298371295932,5.1946353617279915
5.033333333333333,0.0021735223389025326,0.13427759415208781,5.194641975612903
5.05,0.0021734489423429464,0.1342821152490096,5.19464846124195
5.066666666666666,0.0021733769733359816,0.13428654876005708,5.194654821139804
5.083333333333333,0.002173306403621185,0.1342908964064078,5.194661057780474
5.1,0.0021732372055112414,0.13429515987480484,5.194667173588351
5.116666666666666,0.0021731693518799414,0.1342993408182613,5.194673170939225
5.133333333333334,0.002173102816150429,0.1343034408567506,5.194679052161295
5.15,0.0021730375722836853,0.13430746157788218,5.194684819536134
5.166666666666667,0.0021729735947672905,0.1343114045375633,5.194690475299651
5.183333333333334,0.0021729108586044025,0.13431527126064524,5.19469602164303
5.2,0.0021728493393030073,0.13431906324155757,5.194701460713641
5.216666666666667,0.0021727890128653902,0.13432278194492986,5.194706794615941
5.233333333333333,0.0021727298557778275,0.134326428806197,5.194712025412351
5.25,0.0021726718450005237,0.1343300052321952,5.194717155124117
5.266666666666667,0.0021726149579577537,0.13433351260174514,5.194722185732149
5.283333333333333,0.002172559172528215,0.1343369522662192,5.19472711917785
5.3,0.0021725044670356103,0.13434032555010292,5.194731957363917
5.316666666666666,0.002172450820239411,0.1343436337515392,5.1947367021551285
5.333333333333333,0.0021723982113258287,0.134346878142864,5.194741355379126
5.35,0.002172346619898995,0.1343500599711304,5.194745918827164
5.366666666666666,0.00217229602597231,0.13435318045862082,5.194750394254852
5.383333333333334,0.002172246409959995,0.1343562408033511,5.194754783382885
5.4,0.00217219775266881,0.13435924217955997,5.194759087897741
5.416666666666667,0.0021721500352899666,0.13436218573819214,5.19476330945239
5.433333333333334,0.0021721032393912064,0.13436507260736893,5.194767449666966
5.45,0.0021720573469090477,0.1343679038928517,5.194771510129437
5.466666666666667,0.002172012340141199,0.13437068067849126,5.194775492396253
5.483333333333333,0.0021719682017391404,0.13437340402667322,5.194779397992993
5.5,0.0021719249147008563,0.13437607497875034,5.194783228414985
5.516666666666667,0.0021718824623637237,0.13437869455546714,5.194786985127915
5.533333333333333,0.0021718408283975623,0.13438126375737638,5.194790669568435
5.55,0.0021717999967978165,0.13438378356524547,5.194794283144745
5.566666666666666,0.00217175995187889,0.13438625494045608,5.1947978272371715
5.583333333333333,0.0021717206782676315,0.13438867882539363,5.194801303198727
5.6,0.002171682160896945,0.1343910561438305,5.1948047123556575
5.616666666666666,0.0021716443849995365,0.13439338780130214,5.1948080560079966
5.633333333333334,0.0021716073361017943,0.13439567468547037,5.194811335430084
5.65,0.0021715710000178128,0.13439791766648537,5.1948145518710795
5.666666666666667,0.002171535362843521,0.13440011759733772,5.19481770655548
5.683333333333334,0.0021715004109509437,0.13440227531420176,5.194820800683614
5.7,0.0021714661309825923,0.1344043916367729,5.194823835432119
5.716666666666667,0.0021714325098459637,0.1344064673686008,5.194826811954427
5.733333333333333,0.002171399534708146,0.13440850329740978,5.194829731381236
5.75,0.0021713671929905636,0.13441050019541917,5.194832594820951
5.766666666666667,0.0021713354723638073,0.13441245881965297,5.194835403360143
5.783333333333333,0.002171304360742582,0.1344143799122425,5.194838158063986
5.8,0.00217127384628077,0.13441626420072683,5.194840859976685
5.816666666666666,0.0021712439173665822,0.13441811239834334,5.194843510121892
5.833333333333333,0.002171214562617821,0.13441992520431495,5.1948461095031275
5.85,0.002171185770877229,0.13442170330412892,5.194848659104176
5.866666666666666,0.0021711575312079578,0.13442344736981238,5.194851159889485
5.883333333333334,0.0021711298328891027,0.134425158060201,5.194853612804548
5.9,0.0021711026654113556,0.134426836021202,5.194856018776288
5.916666666666667,0.002171076018472734,0.13442848188605167,5.194858378713429
5.933333333333334,0.002171049881974402,0.13443009627556957,5.194860693506854
5.95,0.002171024246016579,0.1344316797984056,5.194862964029968
5.966666666666667,0.00217099910089453,0.13443323305128127,5.194865191139043
5.983333333333333,0.0021709744370946417,0.13443475661922918,5.194867375673564
6.0,0.0021709502452905874,0.13443625107582421,5.194869518456552
6.016666666666667,0.002170926516339556,0.13443771698341248,5.19487162029491
6.033333333333333,0.002170903241278569,0.13443915489333444,5.194873681979734
6.05,0.002170880411320872,0.13444056534614351,5.194875704286626
6.066666666666666,0.002170858017852399,0.13444194887182206,5.194877687976007
6.083333333333333,0.0021708360524283093,0.13444330598998896,5.194879633793418
6.1,0.0021708145067695955,0.13444463721010722,5.194881542469819
6.116666666666666,0.0021707933727597687,0.1344459430316843,5.194883414721868
6.133333333333334,0.0021707726424416035,0.13444722394447248,5.194885251252222
6.15,0.002170752308013943,0.13444848042865853,5.194887052749799
6.166666666666667,0.002170752308013943,0.13444848042865853,5.194887052749799
6.183333333333334,0.002170752308013943,0.13444848042865853,5.194887052749799
6.2,0.002170752308013943,0.13444848042865853,5.194887052749799
6.216666666666667,0.002170752308013943,0.13444848042865853,5.194887052749799
6.233333333333333,0.002170752308013943,0.13444848042865853,5.194887052749799
6.25,0.002170752308013943,0.13444848042865853,5.194887052749799
6.266666666666667,0.002170752308013943,0.13444848042865853,5.194887052749799
6.283333333333333,0.002170752308013943,0.13444848042865853,5.194887052749799
6.3,0.002170752308013943,0.13444848042865853,5.194887052749799
6.316666666666666,0.002170752308013943,0.13444848042865853,5.194887052749799
6.333333333333333,0.002170752308013943,0.13444848042865853,5.194887052749799
6.35,0.002170752308013943,0.13444848042865853,5.194887052749799
6.366666666666666,0.002170752308013943,0.13444848042865853,5.194887052749799
6.383333333333334,0.002170752308013943,0.13444848042865853,5.194887052749799
6.4,0.002170752308013943,0.13444848042865853,5.194887052749799
6.416666666666667,0.002170752308013943,0.13444848042865853,5.194887052749799
6.433333333333334,0.002170752308013943,0.13444848042865853,5.194887052749799
6.45,0.002170752308013943,0.13444848042865853,5.194887052749799
6.466666666666667,0.002170752308013943,0.13444848042865853,5.194887052749799
6.483333333333333,0.002170752308013943,0.13444848042865853,5.194887052749799
6.5,0.002170752308013943,0.13444848042865853,5.194887052749799
6.516666666666667,0.002170752308013943,0.13444848042865853,5.194887052749799
6.533333333333333,0.002170752308013943,0.13444848042865853,5.194887052749799
6.55,0.002170752308013943,0.13444848042865853,5.194887052749799
6.566666666666666,0.002170752308013943,0.13444848042865853,5.194887052749799
6.583333333333333,0.002170752308013943,0.13444848042865853,5.194887052749799
6.6,0.002170752308013943,0.13444848042865853,5.194887052749799
6.616666666666666,0.002170752308013943,0.13444848042865853,5.194887052749799
6.633333333333334,0.002170752308013943,0.13444848042865853,5.194887052749799
6.65,0.002170752308013943,0.13444848042865853,5.194887052749799
6.666666666666667,0.002170752308013943,0.13444848042865853,5.194887052749799
6.683333333333334,0.002170752308013943,0.13444848042865853,5.194887052749799
6.7,0.002170752308013943,0.13444848042865853,5.194887052749799
6.716666666666667,0.002170752308013943,0.13444848042865853,5.194887052749799
6.733333333333333,0.002170752308013943,0.13444848042865853,5.194887052749799
6.75,0.002170752308013943,0.13444848042865853,5.194887052749799
6.766666666666667,0.002170752308013943,0.13444848042865853,5.194887052749799
6.783333333333333,0.002170752308013943,0.13444848042865853,5.194887052749799
6.8,0.002170752308013943,0.13444848042865853,5.194887052749799
6.816666666666666,0.002170752308013943,0.13444848042865853,5.194887052749799
6.833333333333333,0.002170752308013943,0.13444848042865853,5.194887052749799
6.85,0.002170752308013943,0.13444848042865853,5.194887052749799
6.866666666666666,0.002170752308013943,0.13444848042865853,5.194887052749799
6.883333333333334,0.002170752308013943,0.13444848042865853,5.194887052749799
6.9,0.002170752308013943,0.13444848042865853,5.194887052749799
6.916666666666667,0.002170752308013943,0.13444848042865853,5.194887052749799
6.933333333333334,0.002170752308013943,0.13444848042865853,5.194887052749799
6.95,0.002170752308013943,0.13444848042865853,5.194887052749799
6.966666666666667,0.002170752308013943,0.13444848042865853,5.194887052749799
6.983333333333333,0.002170752308013943,0.13444848042865853,5.194887052749799
7.0,0.002170752308013943,0.13444848042865853,5.194887052749799
7.016666666666667,0.002170752308013943,0.13444848042865853,5.194887052749799
7.033333333333333,0.002170752308013943,0.13444848042865853,5.194887052749799
7.05,0.002170752308013943,0.13444848042865853,5.194887052749799
7.066666666666666,0.002170752308013943,0.13444848042865853,5.194887052749799
7.083333333333333,0.002170752308013943,0.13444848042865853,5.194887052749799
7.1,0.002170752308013943,0.13444848042865853,5.194887052749799
7.116666666666666,0.002170752308013943,0.13444848042865853,5.194887052749799
7.133333333333334,0.002170752308013943,0.13444848042865853,5.194887052749799
7.15,0.002170752308013943,0.13444848042865853,5.194887052749799
7.166666666666667,0.002170752308013943,0.13444848042865853,5.194887052749799
7.183333333333334,0.002170752308013943,0.13444848042865853,5.194887052749799
7.2,0.002170752308013943,0.13444848042865853,5.194887052749799
7.216666666666667,0.002170752308013943,0.13444848042865853,5.194887052749799
7.233333333333333,0.002170752308013943,0.13444848042865853,5.194887052749799
7.25,0.002170752308013943,0.13444848042865853,5.194887052749799
7.266666666666667,0.002170752308013943,0.13444848042865853,5.194887052749799
7.283333333333333,0.002170752308013943,0.13444848042865853,5.194887052749799
7.3,0.002170752308013943,0.13444848042865853,5.194887052749799
7.316666666666666,0.002170752308013943,0.13444848042865853,5.194887052749799
7.333333333333333,0.002170752308013943,0.13444848042865853,5.194887052749799
7.35,0.002170752308013943,0.13444848042865853,5.194887052749799
7.366666666666666,0.002170752308013943,0.13444848042865853,5.194887052749799
7.383333333333334,0.002170752308013943,0.13444848042865853,5.194887052749799
7.4,0.002170752308013943,0.13444848042865853,5.194887052749799
7.416666666666667,0.002170752308013943,0.13444848042865853,5.194887052749799
7.433333333333334,0.002170752308013943,0.13444848042865853,5.194887052749799
7.45,0.002170752308013943,0.13444848042865853,5.194887052749799
7.466666666666667,0.002170752308013943,0.13444848042865853,5.194887052749799
7.483333333333333,0.002170752308013943,0.13444848042865853,5.194887052749799
7.5,0.002170752308013943,0.13444848042865853,5.194887052749799
7.516666666666667,0.002170752308013943,0.13444848042865853,5.194887052749799
7.533333333333333,0.002170752308013943,0.13444848042865853,5.194887052749799
7.55,0.002170752308013943,0.13444848042865853,5.194887052749799
7.566666666666666,0.002170752308013943,0.13444848042865853,5.194887052749799
7.583333333333333,0.002170752308013943,0.13444848042865853,5.194887052749799
7.6,0.002170752308013943,0.13444848042865853,5.194887052749799
7.616666666666666,0.002170752308013943,0.13444848042865853,5.194887052749799
7.633333333333334,0.002170752308013943,0.13444848042865853,5.194887052749799
7.65,0.002170752308013943,0.13444848042865853,5.194887052749799
7.666666666666667,0.002170752308013943,0.13444848042865853,5.194887052749799
7.683333333333334,0.002170752308013943,0.13444848042865853,5.194887052749799
7.7,0.002170752308013943,0.13444848042865853,5.194887052749799
7.716666666666667,0.002170752308013943,0.13444848042865853,5.194887052749799
7.733333333333333,0.002170752308013943,0.13444848042865853,5.194887052749799
7.75,0.002170752308013943,0.13444848042865853,5.194887052749799
7.766666666666667,0.002170752308013943,0.13444848042865853,5.194887052749799
7.783333333333333,0.002170752308013943,0.13444848042865853,5.194887052749799
7.8,0.002170752308013943,0.13444848042865853,5.194887052749799
7.816666666666666,0.002170752308013943,0.13444848042865853,5.194887052749799
7.833333333333333,0.002170752308013943,0.13444848042865853,5.194887052749799
7.85,0.002170752308013943,0.13444848042865853,5.194887052749799
7.866666666666666,0.002170752308013943,0.13444848042865853,5.194887052749799
7.883333333333334,0.002170752308013943,0.13444848042865853,5.194887052749799
7.9,0.002170752308013943,0.13444848042865853,5.194887052749799
7.916666666666667,0.002170752308013943,0.13444848042865853,5.194887052749799
