time_hours,I2_center_nM,S2_free_center_nM,S2_total_center_nM,I2_avg_nM,S2_free_avg_nM,S2_total_avg_nM
0.0,100.0,0.0,0.0,100.00000000000001,0.0,0.0
0.016666666666666666,100.00000000000001,2.8804571009987707e-09,2.8804571009987707e-09,100.00000000000001,3.1783943538187506e-06,3.1783943538187506e-06
0.03333333333333333,99.99999999827176,2.085343412547144e-08,8.714088413555603e-07,99.99999809296357,2.2943405280095183e-05,0.0009614751761621348
0.05,99.99999998579024,8.159535068050588e-08,7.0748150994677115e-06,99.99998436064932,8.95415767310542e-05,0.007786313406906182
0.06666666666666667,99.9999998490387,2.2977953353465025e-07,7.49479324743829e-05,99.99983463879825,0.00025157908458901514,0.08209615718678168
0.08333333333333333,99.99999954028358,5.230881936680813e-07,0.00022836878371034757,99.99949729899123,0.0005715379877583087,0.24970488763327672
0.1,99.99999893905755,1.02486132586657e-06,0.0005274186761810246,99.99884164557228,0.0011177015953503094,0.5757364333423876
0.11666666666666667,99.99999789098798,1.7964257785356655e-06,0.0010491750295647186,99.9977006853187,0.001955791788673017,1.1433866304162463
0.13333333333333333,99.99999621320603,2.891216440890233e-06,0.0018850275926628724,99.99587722239836,0.003142583322459349,2.0507485270752945
0.15,99.99999370160681,4.3514846168511655e-06,0.003137056372662864,99.99315197446116,0.004722321045538157,3.4065246561603573
0.16666666666666666,99.999990138513,6.2073891637910346e-06,0.004914197347388388,99.98929215719237,0.006725699792372728,5.325399184818273
0.18333333333333332,99.99998529970965,8.477809851752207e-06,0.007328715800725293,99.98405943418773,0.00917068917896345,7.923633549522267
0.2,99.99997896026235,1.1172162135645713e-05,0.010493284597889434,99.9772166035354,0.012064430068704326,11.315223033221448
0.21666666666666667,99.99997089888981,1.4292629052274295e-05,0.014518784906035635,99.96853277168715,0.015405579624610016,15.608767862189538
0.23333333333333334,99.99996090090131,1.7836414801246313e-05,0.019512825418218565,99.95778701991645,0.01918668406860739,20.90508585282171
0.25,99.99994875984775,2.1797792493042417e-05,0.02557890662362201,99.9447707146122,0.02339633621973821,27.295517833893854
0.26666666666666666,99.99993427809686,2.6169841632021965e-05,0.03281612534650845,99.92928867945766,0.028021004580547845,34.860838654672946
0.2833333333333333,99.99991726655455,3.094585014207573e-05,0.04131930813487377,99.91115946347459,0.03304650404848587,43.67067270256303
0.3,99.99989754374056,3.61204009985407e-05,0.05117946955874394,99.89021492571958,0.03845912600449349,53.783313580956644
0.31666666666666665,99.99987477312912,4.1739099314665556e-05,0.06259111286255055,99.8661903784908,0.04428417508469854,65.31284810626079
0.3333333333333333,99.99984888579549,4.771638340842672e-05,0.07556397793886249,99.83900656264542,0.05044496799121431,78.24755164903982
0.35,99.99981970240817,5.4091846741889e-05,0.09018783161631867,99.80852075632109,0.0569625362263851,92.61620793714982
0.36666666666666664,99.99978704211836,6.0873019769043205e-05,0.10655315498984529,99.77459740099144,0.06383201639884009,108.43817961568995
0.38333333333333336,99.99975072113574,6.807021414000284e-05,0.1247518927939419,99.73710696488021,0.07105078223777606,125.72389763038652
0.4,99.99971055052295,7.569758296912144e-05,0.14487855896928428,99.69592445345623,0.07861888001942312,144.47554140886228
0.4166666666666667,99.99966633393154,8.377328153879817e-05,0.1670313702103876,99.6509279540822,0.08653903403607038,164.68774384991366
0.43333333333333335,99.99961786531537,9.231957324583025e-05,0.19131339062431954,99.6019972612386,0.09481657866015859,186.34829371434955
0.45,99.99956492662697,0.00010136292686231808,0.2178336847861977,99.54901260377686,0.10345935536825553,209.43882058224995
0.4666666666666667,99.99950728549292,0.00011093412005127138,0.24670848093979503,99.49185348672745,0.11247758890286977,233.93545280130695
0.48333333333333334,99.99944469286032,0.00012106835781441898,0.27806234859907253,99.43039765517067,0.12188375041697316,259.80944230517343
0.5,99.99937688060223,0.00013180541145976535,0.3120293963578853,99.36452018461604,0.13169241220063052,287.0277527000218
0.5166666666666667,99.99930355906912,0.00014318978163328137,0.34875449663980385,99.29409270053506,0.14192009644713077,315.55360888694116
0.5333333333333333,99.99922441457136,0.00015527088748811525,0.388394544597838,99.21898272874724,0.15258511901583718,345.34700786344104
0.55,99.9991391067784,0.00016810328298388577,0.43111975852714435,99.13905317797834,0.16370742811550568,376.3651913387199
0.5666666666666667,99.99904726601996,0.00018174690051689737,0.4771150290728504,99.05416195585958,0.17530843716845126,408.56308148849905
0.5833333333333334,99.99894849047497,0.0001962673215128844,0.5265813242689769,98.96416171972966,0.18741085075761565,441.89368163219484
0.6,99.99884234323513,0.00021173607322129133,0.579737157087524,98.86889976368458,0.20003848245733752,476.30844389031483
0.6166666666666667,99.99872834923015,0.00022823095070325505,0.6368201217535131,98.76821804326664,0.21321606346683392,511.75760601465936
0.6333333333333333,99.99860599200332,0.0002458363628845286,0.6980885046299923,98.66195333889162,0.22696904127138567,548.190499611108
0.65,99.99847471032625,0.00026464370153736336,0.7638229750303728,98.54993755850954,0.2413233680200507,585.5558319207877
0.6666666666666666,99.99833389464315,0.0002847517321546798,0.8343283609048552,98.43199817902308,0.25630527889979066,623.801943211572
0.6833333333333333,99.99818288333493,0.0003062670058798689,0.9099355140018635,98.3079588246292,0.271941061469361,662.8770416757617
0.7,99.99802095879438,0.00032930429195013143,0.9910032688506183,98.17763997850444,0.2882568176529748,702.7294175463467
0.7166666666666667,99.99784734330379,0.00035398703049050075,1.077920499770223,98.0408598221615,0.30527822083808587,743.3076379463969
0.7333333333333333,99.99766119470637,0.0003804478059449722,1.171108280102077,97.89743519442744,0.3230302712240536,784.5607237852411
0.75,99.99746160186255,0.00040882884192967926,1.2710221479977482,97.7471826594319,0.3415370531765859,826.4383098213508
0.7666666666666667,99.99724757988143,0.0004392825188137799,1.3781544833771269,97.58991967036624,0.36082149880560366,868.8907888340333
0.7833333333333333,99.99701806511699,0.00047197191584443947,1.4930370010956124,97.42546581322831,0.38090516225587184,911.8694406916336
0.8,99.99677190991754,0.0005070713800977887,1.6162433659078232,97.253644112448,0.4018080092453166,955.3265469786709
0.8166666666666667,99.99650787711519,0.0005447671249226977,1.7483919354622919,97.07428237835339,0.42354822618532123,999.2154917519938
0.8333333333333334,99.99622463424113,0.0005852578608168255,1.890148638271372,96.88721457501862,0.4461420527690913,1043.4908489382801
0.85,99.99592074745034,0.0006287554618107699,2.04222999433108,96.69228218624177,0.4696036412379047,1088.1084568612698
0.8666666666666667,99.99559467513859,0.0006754856704223188,2.205406286771608,96.48933555731081,0.49394494466995054,1133.0254803940456
0.8833333333333333,99.9952447612326,0.0007256888440787147,2.38050489355611,96.27823519085017,0.5191756356395112,1178.2004612644414
0.9,99.99486922813328,0.0007796207456036779,2.5684137887730953,96.05885297638281,0.5453030555342244,1223.5933570935913
0.9166666666666666,99.99446616929113,0.0008375533799542197,2.7700852234548097,95.83107333522209,0.5723321937693282,1269.1655698110815
0.9333333333333333,99.99403354139221,0.0008997758789065817,2.98653959608005,95.59479426481644,0.600265695171581,1314.879964157189
0.95,99.99356915613278,0.0009665954348749943,3.2188695229777466,95.34992826956825,0.6291038929846582,1360.7008770456125
0.9666666666666667,99.99307067156063,0.0010383382845471458,3.468244118743595,95.09640316827746,0.6588448643187712,1406.5941186123566
0.9833333333333333,99.99253558296175,0.001115350742580002,3.735913496535054,94.83416277156043,0.6894845044578289,1452.5269658129735
1.0,99.99196121327095,0.0011980002852580043,4.02321349774973,94.56316742571084,0.7210166162559718,1498.4681494478168
1.0166666666666666,99.99134470298607,0.0012866766838011722,4.331570660156036,94.28339442236906,0.7534330108897421,1544.3878354919786
1.0333333333333334,99.99068299956562,0.0013817931869436221,4.662507433075777,93.99483827594527,0.7867236164563867,1590.2576015835214
1.05,99.98997284629102,0.0014837877524917647,5.017647647759369,93.69751087292596,0.8208765912843687,1636.0504094823161
1.0666666666666667,99.98921109104027,0.0015977835579743201,5.398986349041298,93.3914688427806,0.8569835704124146,1681.63242009606
1.0833333333333333,99.98839366228736,0.00171556545354721,5.808159060960584,93.07670487144165,0.8929321940669843,1727.089682277704
1.1,99.98751668518571,0.0018416053206725565,6.247100771228448,92.75329808287034,0.929662982922231,1772.3972768809067
1.1166666666666667,99.98657596947632,0.001976577762786367,6.717900419616389,92.4213312310344,0.9671890303551514,1817.5328515122762
1.1333333333333333,99.98556705006912,0.0021210780521785846,7.222782960901835,92.0809012795314,1.0054959866801725,1862.4756454170995
1.15,99.98448517611385,0.0022757278885554,7.764114690780649,91.73212045784376,1.0445652745454461,1907.206197931561
1.1666666666666667,99.983325296323,0.0024411825910684156,8.344410342323531,91.37511613464395,1.0843765117038981,1951.7062354442426
1.1833333333333333,99.98208204301035,0.002618133784370846,8.966340787919092,91.0100303733255,1.1249081192048762,1995.9586039452788
1.2,99.98074430973774,0.0028072479949805833,9.635401081558864,90.63629774955774,1.1661320603772631,2040.0819309063215
1.2166666666666666,99.97931076995413,0.0030099949533093843,10.352275408133153,90.25477267257064,1.2081233128216953,2083.9239070445565
1.2333333333333334,99.97777492386535,0.0032266527660125065,11.12019137706421,89.86563678950255,1.250772088909643,2127.4706856485745
1.25,99.97612988786793,0.003458071365175418,11.942565356559298,89.46908545277958,1.2940505506527098,2170.7091651598894
1.2666666666666666,99.97436836470251,0.0037051610721906022,12.82301633196759,89.06532553610987,1.3379329705836105,2213.627099151466
1.2833333333333334,99.97248262126186,0.003968882488146668,13.765376377802227,88.65457439901567,1.3823936569276067,2256.213089176337
1.3,99.97046446592076,0.004250248051436978,14.773701300182687,88.23705896572373,1.4274067678619213,2298.456558878527
1.3166666666666667,99.96830522496471,0.004550324290727598,15.852281639951213,87.81301482498803,1.4729463266165577,2340.347723288856
1.3333333333333333,99.96599571800851,0.004870234291538854,17.005654079636255,87.38268533436484,1.5189862796459954,2381.8775567361577
1.35,99.96352623234402,0.005211160300745342,18.23861327234592,86.94632072744159,1.5655005660338246,2423.0377605463827
1.3666666666666667,99.96088649617012,0.005574346448711036,19.556224102539893,86.50417722670552,1.6124631885838199,2463.8207310305243
1.3833333333333333,99.95806565066366,0.005961101581612314,20.96383438431078,86.05651616611183,1.6598482827938703,2504.2195280160486
1.4,99.95505222085353,0.00637280220009287,22.467087999447553,85.60360312783453,1.707630181820972,2544.2278440712034
1.4166666666666667,99.95183408526314,0.006810895501439146,24.071938474359797,85.14570709770054,1.7557834763470186,2583.839974520374
1.4333333333333333,99.9483984442885,0.007276902522752206,25.784662991665215,84.6830996436158,1.804283068682515,2623.0507883204446
1.45,99.94473178728272,0.007772421382687989,27.611876828810928,84.21605412096955,1.8531042207267974,2661.8556998501995
1.4666666666666666,99.9408198583195,0.008299130619468794,29.560548212503964,83.74484490859462,1.902222595620082,2700.250641651868
1.4833333333333334,99.93664762061074,0.008858792623130463,31.638013573989515,83.26974667839497,1.9516142931031386,2738.232038153264
1.5,99.93219921955586,0.009453257160423665,33.85199318637448,82.79103370124079,2.0012558787575627,2775.796780389595
1.5166666666666666,99.92745794440167,0.010084464991457575,36.21060716129087,82.30897919120085,2.051124407437304,2812.942201735275
1.5333333333333334,99.92240618849364,0.010754451578074031,38.722391778272666,81.82385468963703,2.1011974413233596,2849.6660546478292
1.55,99.91702540809943,0.011465350885039017,41.39631611631397,81.33592949014455,2.151453063136484,2885.966488418136
1.5666666666666667,99.91129607978618,0.01221939927639132,44.24179895320441,80.8454701047936,2.201869885126239,2921.8420279138554
1.5833333333333333,99.90519765633215,0.0130189395106096,47.2687258943865,80.35273977162711,2.2524270545157545,2957.291553296075
1.6,99.89870852115217,0.013866424839542958,50.48746668921156,79.85799800290616,2.3031042561156365,2992.3142806829565
1.6166666666666667,99.89180594121487,0.014764423217175856,53.90889268850386,79.36150017318084,2.353881712825149,3026.909743728775
1.6333333333333333,99.8844660184266,0.0157156216251519,57.54439439316754,78.86349714591125,2.404740184712555,3061.0777760821966
1.65,99.87666363945654,0.0167228305224541,61.40589903904544,78.36423493707706,2.455660967308127,3094.8184946841616
1.6666666666666667,99.86837242397361,0.017788988426674663,65.5058881582077,77.86395441400289,2.5066258896583107,3128.132283863311
1.6833333333333333,99.8596026216972,0.01891752443001686,69.83896065485023,77.36387667801715,2.5576052002214453,3160.8859797653768
1.7,99.8502916877398,0.020106156809996428,74.43505109282796,76.86328314724857,2.6084218500364673,3193.219548594116
1.7166666666666666,99.8404095041334,0.02136273044401787,79.30822910636624,76.36239524847727,2.659228143708768,3225.133598618558
1.7333333333333334,99.8299244225519,0.022690847470374326,84.47320595121587,75.86142619007155,2.7100162626718745,3256.6291066781987
1.75,99.81879085090695,0.024014133650866194,89.94569381521477,75.36057709635256,2.7582063472353133,3287.8498284427415
1.7666666666666666,99.80699069259592,0.025489141618574154,95.73900690330534,74.86020258688691,2.8086764727510047,3318.638230865173
1.7833333333333334,99.79448346173001,0.02704792015862809,101.87168902495995,74.36038970830765,2.859177376121806,3349.0078640210922
1.8,99.78123092588736,0.028693365788278642,108.36109810402279,73.86131680547011,2.909620764138455,3378.961761568746
1.8166666666666667,99.7671932081939,0.030429606959006348,115.22521401681195,73.36316269603878,2.9599793961640755,3408.5024328124
1.8333333333333333,99.75232862317043,0.03226102138080578,122.48269689449242,72.86610179585215,3.0102354589123657,3437.6323421282514
1.85,99.73659359123447,0.03419218760771462,130.1529059177778,72.37030295331988,3.0603742161039507,3466.354012737783
1.8666666666666667,99.71994256296225,0.03622787955543671,138.25591113174383,71.8759290063989,3.1103824773531734,3494.67005764577
1.8833333333333333,99.70232794487175,0.038373069034056746,146.81250208806406,71.38313657657547,3.1602480843626317,3522.5831880704645
1.9,99.68370002474578,0.04063293061674129,155.844194080031,70.89207596766535,3.209959694752563,3550.096213318766
1.9166666666666667,99.66400689588122,0.043012847399829864,165.37323205958785,70.40289112245982,3.259506673433503,3577.2120370337916
1.9333333333333333,99.64319438005323,0.04551841719744307,175.42259211737988,69.91571961698519,3.308879029289384,3603.9336518465057
1.95,99.62120594912714,0.048155459002978095,186.01598032407387,69.43069268217576,3.3580673733189803,3630.264133362968
1.9666666666666666,99.59798264531305,0.050930019649258106,197.17782868914676,68.94793524707025,3.40706288790023,3656.2066339462735
1.9833333333333334,99.57346300008872,0.053848380637743144,208.93328796653776,68.46756599970564,3.455857302249947,3681.7643765296943
2.0,99.5475829518337,0.05691706512376382,221.30821701620113,67.9896974629592,3.5044428715568836,3706.9406485851982
2.0166666666666666,99.52027576223117,0.060142845052238346,234.32916841333562,67.51443608319322,3.5528123584361384,3731.738796311637
2.033333333333333,99.49147193150414,0.06353274844177002,248.02336998153405,67.04188232991665,3.6009590159662666,3756.162219073776
2.05,99.46109911256315,0.06709406681634801,262.41870191175883,66.5721308049051,3.6488765719083704,3780.2143641043635
2.066666666666667,99.42908202415202,0.07083436278405768,277.54366911574436,66.10527035937329,3.696559213902323,3803.8987214703675
2.0833333333333335,99.39534236309078,0.07476147776168764,293.42736845019465,65.64138421790508,3.744001575550015,3827.218819297922
2.1,99.35979871572579,0.07888353984314803,310.09945043716897,65.18055010793127,3.791198723363388,3850.178219246588
2.1166666666666667,99.32236646871146,0.08320897180835335,327.59007509657766,64.72284039361884,3.83814614459379,3872.7805122211985
2.1333333333333333,99.2829577192628,0.08774649926774877,345.92986149909666,64.2683222131014,3.8848397359795266,3895.029314308224
2.15,99.24148118503393,0.09250515893607171,365.1498306424339,63.81705761804402,3.9312757934565474,3916.9282629228924
2.1666666666666665,99.19784211379744,0.09749430702720864,385.2813412512244,63.36910371459939,3.977451002875887,3938.4810131530867
2.183333333333333,99.15194219311692,0.10272362776026307,406.35601810137206,62.924512804878816,4.02336243176517,3959.6912342860355
2.2,99.10367946022886,0.10820314196512865,428.4056724739877,62.48333252812768,4.0690075221601765,3980.5626065041915
2.216666666666667,99.05294821237135,0.11394321577403362,451.46221435278426,62.04560600086828,4.11438408451843,4001.0988177370823
2.2333333333333334,98.99963891782303,0.11995456938371443,475.55755599255787,61.61137195534397,4.159490292711226,4021.3035606565804
2.25,98.94363812794124,0.12624828587110803,500.72350650590556,61.18066487567521,4.204324680074451,4041.1805298037702
2.2666666666666666,98.88482839051669,0.13283582004377525,526.9916571413672,60.75351513121406,4.248886136482939,4060.733418836361
2.283333333333333,98.82308816479136,0.13972900730470555,554.3932569595179,60.329949106658894,4.293173906398829,4079.965917886521
2.3,98.75829173851672,0.14694007250980837,582.9590786549926,59.90998932856679,4.33718758783317,4098.881711019878
2.316666666666667,98.6903091474611,0.15448163879520674,612.7192743228301,59.49365458797192,4.380927132150368,4117.484473787392
2.3333333333333335,98.61900609780803,0.16236673635055876,643.7032210277189,59.080960058886156,4.424392844640316,4135.777870862671
2.35,98.54424389192081,0.17060881111397244,675.9393561055098,58.67191741252081,4.4675853857805,4153.765553758243
2.3666666666666667,98.46587935798235,0.17922173336369118,709.4550022084927,58.2665349271239,4.510505773112472,4171.451158615038
2.3833333333333333,98.38376478405398,0.18821980618153786,744.2761822001239,57.86481759337759,4.553155383661565,4188.8383040601375
2.4,98.29774785713194,0.19761777376306866,780.4274241116773,57.46676721534139,4.595535956836504,4205.930589128501
2.4166666666666665,98.20767160781412,0.20743082954940592,817.9315564931395,57.072382506962164,4.63764959775617,4222.731591244923
2.433333333333333,98.11337436122564,0.21767462415554462,856.8094946238214,56.68165918419858,4.679498780961723,4239.244864262922
2.45,98.0146896948864,0.22836527306949297,897.0800181946183,56.29459005282874,4.721086354485504,4255.473936557686
2.466666666666667,97.91144640423953,0.2395193640955215,938.7595412334331,55.91116509202354,4.762415544261219,4271.422309170364
2.4833333333333334,97.80346847659588,0.25115396451276395,981.8618752173746,55.53137153377823,4.803489958871461,4287.093454001241
2.5,97.69057507428802,0.2632866279171035,1026.3979864991481,55.15519393829903,4.844313594640506,4302.490812049356
2.5166666666666666,97.57258052786706,0.2759354007091675,1072.3757493692349,54.7826142654444,4.884890841089906,4317.617791696137
2.533333333333333,97.44929434021842,0.289118828183773,1119.7996962784066,54.41361194232035,4.925226486780803,4332.477767030655
2.55,97.32052120252153,0.3028559601658175,1168.6707669546447,54.04816392712929,4.9653257255720975,4347.074076213854
2.566666666666667,97.18606102303158,0.3171663561235184,1218.9860583621396,53.68624476937224,5.005194163324473,4361.410019879191
2.5833333333333335,97.0457089697242,0.3320700896714071,1270.738577664606,53.327826666507036,5.044837825078417,4375.4888595668335
2.6,96.89925552791686,0.34758775235154,1323.917000567178,52.972879517170014,5.08426316272846,4389.313816188582
2.6166666666666667,96.74648657406634,0.36374045655104326,1378.505437616642,52.62137097107976,5.123477063206171,4402.888068520504
2.6333333333333333,96.58718346704488,0.38054983737622033,1434.4832112342751,52.27326647575553,5.16248685717036,4416.2147517203175
2.65,96.42112315832009,0.3980380532566574,1491.824646434265,51.928529320205996,5.201300328184732,4429.296955866544
2.6666666666666665,96.24807832261048,0.41622778499578933,1550.4988783384006,51.587120675772816,5.239925722339083,4442.137724516589
2.683333333333333,96.06781751076471,0.43514223291570164,1610.4696797290326,51.24899963435196,5.278371758242722,4454.740053281116
2.7,95.88010532682162,0.45480511166196275,1671.6953119815746,50.91412324426354,5.316647637283695,4467.106888412445
2.716666666666667,95.68470263145666,0.47524064213729994,1734.1284027794468,50.58244654410006,5.354763054007497,4479.241125405165
2.7333333333333334,95.48136677431337,0.49647353991942805,1797.7158540327641,50.2539225949534,5.392728206421641,4491.145607607785
2.75,95.26985185806183,0.5185289993866901,1862.3987833919864,49.92850251150498,5.4305538059792,4502.8231248451675
2.7666666666666666,95.04990903742427,0.5414326726237084,1928.1125026642542,49.606135492561435,5.468251086930696,4514.276412052371
2.783333333333333,94.82128685686922,0.5652106420070976,1994.7865362989942,49.28676885173181,5.505831814664361,4525.508147922009
2.8,94.58373163119938,0.5898893851776023,2062.3446829070317,48.97034804907195,5.543308292573806,4536.520953568609
2.816666666666667,94.33698787385327,0.6154957308895467,2130.7051225114624,48.65681672466893,5.580693366903168,4547.317391215411
2.8333333333333335,94.08079877840423,0.6420568039922706,2199.780571897435,48.34611673530378,5.61800042891795,4557.899962911169
2.85,93.814906759472,0.6695999575434279,2269.478490031768,48.03818819551462,5.655243413641607,4568.271109287076
2.8666666666666667,93.53905406005813,0.6981526897840745,2339.701335063268,47.73296952458514,5.69243679427398,4578.4332083668405
2.8833333333333333,93.25298343316503,0.7277425434267242,2410.3468738937054,47.430397501203565,5.729595571279033,4588.388574446311
2.9,92.95643890644436,0.7583969844286376,2481.308544731937,47.130407327775394,5.766735254989185,4598.139457062824
2.9166666666666665,92.64916663952064,0.7901432571552033,2552.475872415778,46.83293270662403,5.803871840428955,4607.688040078713
2.933333333333333,92.33091588451416,0.8230082125989243,2623.7349356153422,46.53790593057529,5.841021772911869,4617.036440908154
2.95,92.00144006110253,0.857018106128933,2694.9688843264234,46.24525799068836,5.878201902821501,4626.1867099216715
2.966666666666667,91.66049795815036,0.8921983611297406,2766.0585053330688,45.95491870415707,5.91542942784915,4635.140830068263
2.9833333333333334,91.3078550744307,0.928573294878995,2836.882832575418,45.66681686565433,5.952721820846051,4643.900716761062
3.0,90.94328511117018,0.9661658031488151,2907.3197986132764,45.38088042561101,5.990096741357936,4652.468218078591
3.0166666666666666,90.56657162896335,1.0049970003389193,2977.2469226389994,45.09703669909532,6.027571928868289,4660.845115340069
3.033333333333333,90.17750988089921,1.0450858125093654,3046.54202977584,44.81521260906481,6.065165075793474,4669.033124119285
3.05,89.77590883238322,1.0864485215281328,3115.083995710105,44.535334967777835,6.102893678370872,4677.033895767446
3.066666666666667,89.36159337597165,1.129098259735428,3182.753510056288,44.25733080004469,6.1407748637822035,4684.84901952029
3.0833333333333335,88.93440674640753,1.1730444560996722,3249.4338512515974,43.981127711738125,6.178825192182,4692.480025268701
3.1,88.49421313680803,1.21829223683601,3315.0116652265515,43.706654306533856,6.217060432775531,4699.928387074002
3.1166666666666667,88.04090051147007,1.26484178589777,3379.377739607191,43.43384065317989,6.255495313742472,4707.195527508986
3.1333333333333333,87.57438360393897,1.3126876736251294,3442.427764777057,43.1626188046629,6.294143246635152,4714.282822902438
3.15,87.09460708078512,1.3618181651031642,3504.0630727688645,42.8929233694256,6.333016026921087,4721.191609557983
3.1666666666666665,86.60154884199356,1.4122145233503687,3564.1913446739095,42.62469213326727,6.3721235135709176,4727.923191006864
3.183333333333333,86.09522341814109,1.4638503261862144,3622.7272770612767,42.35786672872863,6.41147329200858,4734.47884633788
3.2,85.57568541288296,1.516690819305601,3679.593197803125,42.09239334663193,6.451070326299055,4740.85983962597
3.216666666666667,85.04303292712078,1.5706923314525212,3734.719621725855,41.828223482056096,6.490916608093407,4747.06743045331
3.2333333333333334,84.49741088914737,1.6258017803135638,3788.0457366756214,41.56531470443981,6.531010811495115,4753.102885483498
3.25,83.93901420379143,1.6819562994844255,3839.5198109318576,41.30363143881882,6.57134796454749,4758.967491010662
3.2666666666666666,83.36809062396802,1.7390830172304466,3889.0995134609234,41.04314574254617,6.611919149342857,4764.662566362342
3.283333333333333,82.78494324102078,1.7970990164215193,3936.7521393122865,40.78383805937268,6.65271124367309,4770.189477988746
3.3,82.18993248677087,1.8559115017043377,3982.454733558694,40.52569793065954,6.693706717537875,4775.549654023959
3.316666666666667,81.58347754115283,1.9154181945331417,4026.1941085987755,40.26872464194742,6.734883497563992,4780.744599058882
3.3333333333333335,80.96605704543097,1.9755079691392727,4067.9667513904274,40.01292778230269,6.776214911370494,4785.775908824199
3.35,80.33820903268689,2.036061733106522,4107.778619260256,39.7583276939708,6.817669722077862,4790.645284447507
3.3666666666666667,79.70053000461975,2.0969535453836827,4145.644825305054,39.50495579101067,6.859212260518928,4795.354545924884
3.3833333333333333,79.05367310633011,2.1580519529601627,4181.5892170016805,39.252854727831696,6.900802659339686,4799.905644436366
3.4,78.39834537783123,2.21922151587454,4215.643854375808,39.002078401894984,6.942397189240836,4804.300673139154
3.4166666666666665,77.73530409127142,2.28032447962091,4247.848396823162,38.75269177918404,6.983948693323767,4808.541876093201
3.433333333333333,77.06535221461301,2.3412225452635846,4278.249410283965,38.504770536220974,7.025407111151914,4812.631655011223
3.45,76.3893330739309,2.4017786814455024,4306.899608787683,38.258400518155064,7.066720080015209,4816.572573578315
3.466666666666667,75.70812431562413,2.461858919552001,4333.857046261898,38.01367701847678,7.107833597295522,4820.3673591528395
3.4833333333333334,75.02263129485982,2.5213340738497854,4359.184275807505,37.7707038918742,7.148692725037619,4824.018901737181
3.5,74.33378003596158,2.5800813324181027,4382.947494289173,37.52959251731519,7.189242316027439,4827.530250190058
3.5166666666666666,73.64250992312094,2.6379856717636216,4405.215690026577,37.29046063329345,7.229427739988744,4830.9046057370415
3.533333333333333,72.94976628518502,2.694941057528436,4426.059810601901,37.053431071066115,7.269195588946154,4834.145312918189
3.55,72.25649303634546,2.7508514048391524,4445.551966376417,36.8186304144493,7.308494342292288,4837.255848186863
3.566666666666667,71.56362552583748,2.805631283697056,4463.764683333342,36.58618761623033,7.347274974493917,4840.2398064384615
3.5833333333333335,70.87208373520889,2.859206366479519,4480.770216469212,36.356232601489495,7.385491491455119,4843.1008857989
3.6,70.18276594260266,2.911513625331683,4496.639932296463,36.128894887171775,7.4231013850883505,4845.8428710386825
3.6166666666666667,69.49654295126237,2.9625012963600934,4511.4437662559085,35.90430224524846,7.460065999362578,4848.469615998546
3.6333333333333333,68.81425295559191,3.0121286347059844,4525.2497581214,35.682579433947474,7.49635080477635,4850.985025417282
3.65,68.1366970939734,3.0603654895892274,4538.1236659422775,35.463847018028034,7.531925581628567,4853.3930365424985
3.6666666666666665,67.46463571437656,3.107191731293076,4550.128656816786,35.24822029515709,7.566764515477671,4855.6976008829715
3.683333333333333,66.798785357544,3.152596562983032,4561.325070893334,35.03580834133346,7.600846210686971,4857.90266642874
3.7,66.13981644390299,3.1965777495037675,4571.770253496418,34.82671318420009,7.634153629887308,4860.012160625193
3.716666666666667,65.48835163475893,3.239140793231164,4581.518449179401,34.62102910915612,7.666673968544399,4862.029974342439
3.7333333333333334,64.84496482594695,3.2802980840387943,4590.620750801766,34.41884209956163,7.698398474617046,4863.959947033798
3.75,64.21018072292539,3.320068046826355,4599.125096378541,34.22022940911797,7.729322223593412,4865.805853229562
3.7666666666666666,63.58447494010136,3.3584743061635294,4607.076306406158,34.025259261765115,7.759443859063866,4867.571390466055
3.783333333333333,62.96827456367946,3.3955448836871227,4614.5161545768,33.83399067219435,7.788765308515258,4869.260168707053
3.8,62.36195911615061,3.431311440149224,4621.483465194744,33.64647337833111,7.817291483295985,4870.875701275779
3.816666666666667,61.76586186128657,3.4658085705901227,4628.0142311483105,33.462747875878954,7.845029970782012,4872.42139728186
3.8333333333333335,61.18027139077478,3.499073158087767,4634.141746919434,33.282845544193435,7.871990725748079,4873.900555499032
3.85,60.60543343703888,3.53114378895798,4639.89675178643,33.10678885232815,7.898185766872785,4875.316359626172
3.8666666666666667,60.04155286099817,3.5620602301537816,4645.307579058593,32.93459163400888,7.923628883238096,4876.671874846306
3.8833333333333333,59.48879576822602,3.5918629679184857,4650.400307846042,32.76625942048942,7.94833535465694,4877.970045585165
3.9,58.94729171192578,3.620592805452472,4655.198914494688,32.60178982066901,7.972321688711662,4879.213694362261
3.9166666666666665,58.42398695523656,3.6470810323929967,4659.276207390223,32.443748776114575,7.994248890413836,4880.263671276398
3.933333333333333,57.91251042296577,3.671265333917648,4663.1332251944805,32.289755274901374,8.01493950811701,4881.278276075584
3.95,57.41278965590773,3.69450096718759,4666.794198551682,32.13973039609055,8.03498637305145,4882.260576877048
3.966666666666667,56.9247316380337,3.717020940730596,4670.275597113755,31.993593968817965,8.054534905373618,4883.211765756162
3.9833333333333334,56.44822789936204,3.738890032366594,4673.591350313528,31.851266360307328,8.07362600392843,4884.132746471411
4.0,55.98315696744652,3.760140226051377,4676.753751360819,31.712668928080333,8.092274890652297,4885.024413582594
4.016666666666667,55.52938595605015,3.7807951221014084,4679.773765858431,31.577723993578008,8.110490269328027,4885.887684691922
4.033333333333333,55.08677184587235,3.800875397116369,4682.661222118582,31.446354700707655,8.128279387213196,4886.723491001376
4.05,54.65516262247445,3.82040029010785,4685.424960570049,31.318484879755317,8.145649450510076,4887.532764467189
4.066666666666666,54.23439832296649,3.8393880918357395,4688.072959226272,31.19403894812002,8.162607999356839,4888.316427752773
4.083333333333333,53.81819467889807,3.8433221181039223,4690.986406001615,31.07190146399309,8.16938423662318,4889.189338459327
4.1,53.41748966136285,3.8600821829928273,4693.472734362521,30.955030733769956,8.183782374961943,4889.930826301342
4.116666666666666,53.027689465745965,3.8748926806948574,4695.887515710345,30.841650779256927,8.196998846902734,4890.672842716583
4.133333333333334,52.64903257165682,3.8895818345440305,4698.199105506821,30.731828469463544,8.210214206618167,4891.397217030494
4.15,52.28117138638635,3.9039209939044084,4700.421405711628,30.625395731145034,8.223233411490877,4892.106268248179
4.166666666666667,51.923838409711685,3.917954911883123,4702.560938094132,30.522228516594982,8.236065366342878,4892.799601138702
4.183333333333334,51.57675858322024,3.931689204935883,4704.624091994614,30.422206030261055,8.248696224190697,4893.477321860367
4.2,51.23966192815962,3.945133688679584,4706.616305007616,30.325215040977447,8.261119373115397,4894.139558951762
4.216666666666667,50.91228232560411,3.958296528891005,4708.542325111831,30.231148275385184,8.27333013070511,4894.786504175801
4.233333333333333,50.59435811058991,3.9711852495318225,4710.406299986209,30.139903857245372,8.285325760317447,4895.418387424451
4.25,50.28563231813359,3.9838067468271827,4712.211871603705,30.051384753737874,8.297104943055105,4896.0354663324515
4.266666666666667,49.985852898816894,3.996167416357858,4713.962253814222,29.96549833498456,8.30866746270968,4896.638017704989
4.283333333333333,49.69477287318345,4.008273240721679,4715.660298339739,29.88215600497309,8.320013956232097,4897.226331400392
4.3,49.412150440889114,4.020129863073108,4717.30855041531,29.801272890379426,8.331145724237269,4897.80070576736
4.316666666666666,49.137749052019366,4.031742646297342,4718.909295647748,29.722767574808145,8.342064584221522,4898.361444214594
4.333333333333333,48.87133744749971,4.043116720713102,4720.464599390983,29.646561869347973,8.352772756106546,4898.908852598494
4.35,48.61268967418173,4.0542570223049,4721.976339773828,29.57258061241431,8.363272772291266,4899.443237215357
4.366666666666666,48.3615850792069,4.065168323216071,4723.446235358736,29.500751493441008,8.373567406494503,4899.964903247318
4.383333333333334,48.117808287424275,4.075855255933968,4724.8758682724265,29.431004896167877,8.38365961712587,4900.474153554103
4.4,47.88114916496261,4.086322332353654,4726.266703527873,29.363273758170312,8.393552501976725,4900.971287731916
4.416666666666667,47.65140277150312,4.0965739586998176,4727.620105150954,29.297493443965834,8.40324926179469,4901.456601381118
4.433333333333334,47.4283693033457,4.106614447114552,4728.937349632675,29.233601629563864,8.412753170876272,4901.930385538766
4.45,47.211854028990416,4.116448024573654,4730.219637148058,29.171538196739412,8.422067553236538,4902.392926242461
4.466666666666667,47.00166721865325,4.126078839675495,4731.4681009139595,29.11124513563545,8.431195763237207,4902.844504199573
4.483333333333333,46.79762406888722,4.135510967745797,4732.6838149991045,29.05266645455507,8.440141169796211,4903.285394541538
4.5,46.59954462327847,4.144748414620901,4733.867800849346,28.995748096008096,8.448907143490795,4903.715866647207
4.516666666666667,46.40725369002156,4.153795119402711,4735.021032748259,28.940437858239022,8.457497046007767,4904.136184022446
4.533333333333333,46.220580757043585,4.16265495642306,4736.144442396928,28.886685321593664,8.465914221506928,4904.54660422577
4.55,46.039359905236765,4.171331736609259,4737.238922766066,28.834441779187536,8.474161989551487,4904.947378831641
4.566666666666666,45.863429720269,4.179829208403486,4738.305331347797,28.783660171424078,8.482243639325649,4905.338753424702
4.583333333333333,45.69263320336827,4.188151058359612,4739.344492912632,28.73429502398067,8.490162424916303,4905.720967619416
4.6,45.52681768141602,4.196300911512988,4740.357201859095,28.686302388937246,8.497921561474865,4906.094255100516
4.616666666666666,45.36583471663504,4.204282331600022,4741.344224228077,28.6396397887694,8.505524222112143,4906.458843680519
4.633333333333334,45.209540016116385,4.212098821186933,4742.306299441467,28.594266162966537,8.512973535405253,4906.814955371156
4.65,45.05779334139537,4.2197538217526365,4743.2441418139515,28.55014181706753,8.520272583416872,4907.162806466114
4.666666666666667,44.910458418259005,4.227250713760719,4744.158441878161,28.50722837393358,8.52742440014526,4907.502607632883
4.683333333333334,44.767402846942815,4.234592816745818,4745.049867556059,28.465488727099807,8.534431970337245,4907.834564011902
4.7,44.62849801285558,4.24178338943321,4745.919065203522,28.424886996066526,8.541298228608394,4908.158875321426
4.716666666666667,44.49361899795324,4.248825629904283,4746.766660550052,28.385388483406572,8.548026058823478,4908.47573596682
4.733333333333333,44.36264449286889,4.25572267581626,4747.5932595515715,28.346959633578635,8.554618293697425,4908.785335153187
4.75,44.23545670989321,4.262477604681344,4748.3994491708345,28.309567993348345,8.561077714585096,4909.08785700037
4.766666666666667,44.11194129688889,4.269093434207344,4749.185798097318,28.273182173728184,8.56740705143093,4909.383480659564
4.783333333333333,43.99198725221309,4.275573122700029,4749.952857416176,28.237771813355984,8.573608982855411,4909.672380430841
4.8,43.875486840713386,4.28191956952576,4750.701161234048,28.203307543239116,8.579686136358491,4909.954725881026
4.816666666666666,43.7623355108554,4.288135615632048,4751.431227268002,28.16976095279752,8.585641088622591,4910.230681961448
4.833333333333333,43.6524318130334,4.294224044122751,4752.143557402708,28.137104557144525,8.591476365900732,4910.500409125128
4.85,43.54567731910891,4.300187580883771,4752.838638219956,28.105311765548834,8.59719444447705,4910.764063443102
4.866666666666666,43.44197654321695,4.306028895255417,4753.516941503819,28.07435685102565,8.602797751188753,4911.021796719544
4.883333333333334,43.34123686387439,4.311750600746883,4754.178924724185,28.04421492100836,8.608288664000465,4911.273756605463
4.9,43.24336844741995,4.317355255788589,4754.825031500802,28.01486188905556,8.613669512622486,4911.520086710766
4.916666666666667,43.14828417281124,4.322845364517656,4755.455692049613,27.986274447551164,8.618942579165596,4911.760926714524
4.933333333333334,43.05589955780016,4.328223377592663,4756.0713236128395,27.958430041357985,8.62411009882674,4911.996412473292
4.95,42.966132686503784,4.333491693033331,4756.672330873942,27.931306842387425,8.629174260599848,4912.226676127369
4.966666666666667,42.8789041383849,4.33865265708136,4757.2591063585,27.90488372505007,8.634137208006898,4912.45184620492
4.983333333333333,42.79413691865262,4.343708565078461,4757.83203082175,27.87914024255396,8.639001039845063,4912.672047723883
5.0,42.711756390090706,4.348661662358455,4758.391473623526,27.85405660401898,8.643767810946363,4912.887402291594
5.016666666666667,42.63169020631808,4.353514145150182,4758.937793091109,27.82961365237741,8.648439532946908,4913.098028202127
5.033333333333333,42.55386824648349,4.358268161487858,4759.4713368705525,27.80579284303206,8.65301817506164,4913.304040531297
5.05,42.47822255139381,4.362925812126607,4759.992442266874,27.782576223245012,8.657505664863544,4913.505551229298
5.066666666666666,42.404687261073164,4.367489151460592,4760.501436573521,27.759946412230804,8.661903889064268,4913.702669211032
5.083333333333333,42.33319855374743,4.371960188441069,4760.998637391452,27.737886581929384,8.666214694294132,4913.895500444074
5.1,42.26369458624748,4.376340887492837,4761.484352938173,27.716380438435063,8.670439887880072,4914.084148034304
5.116666666666666,42.19611543582203,4.380633169426965,4761.9588823469985,27.695412204058698,8.674581238620176,4914.268712309248
5.133333333333334,42.13040304334929,4.384838912347948,4762.422515956849,27.67496660000117,8.678640477552847,4914.449290899121
5.15,42.06650115793555,4.3889599525542735,4762.875535592837,27.655028829617343,8.682619298720015,4914.625978815617
5.166666666666667,42.00435528288655,4.392998085430632,4763.318214837902,27.635584562250166,8.686519359923183,4914.7988685284845
5.183333333333334,41.943912623037114,4.396955066330798,4763.75081929576,27.616619917615566,8.690342283471303,4914.968050039904
5.2,41.88512203342246,4.400832611450211,4764.173606845374,27.598121450719372,8.694089656919907,4915.133610956724
5.216666666666667,41.82793396927415,4.4046323986872435,4764.586827887231,27.580076137288362,8.697763033800724,4915.2956365606
5.233333333333333,41.7723004373222,4.408356068492342,4764.99072558162,27.5624713596979,8.701363934340952,4915.454209876057
5.25,41.71817494838444,4.412005224704828,4765.38553607915,27.545294893379527,8.704893846172844,4915.609411736543
5.266666666666667,41.66551247122295,4.415581435375996,4765.77148874375,27.528534893692264,8.708354225031261,4915.761320848517
5.283333333333333,41.61426938764719,4.419086233578904,4766.1488063683355,27.512179883241973,8.711746495440872,4915.9100138536
5.3,41.56440344884248,4.422521118203776,4766.517705383399,27.49621873963376,8.715072051391266,4916.0555653888505
5.316666666666666,41.5158737329021,4.425887554739331,4766.878396058692,27.480640683642797,8.718332257000743,4916.1980481452265
5.333333333333333,41.46864060354103,4.42918697603912,4767.231082698261,27.465435267789424,8.721528447167769,4916.337532924237
5.35,41.422665669968474,4.43242078307358,4767.575963828984,27.45059236530504,8.72466192821109,4916.4740886928885
5.366666666666666,41.37791174789675,4.435590345666692,4767.913232382856,27.436102159475443,8.727733978497056,4916.607782636917
5.383333333333334,41.33434282166323,4.438697003217895,4768.243075873197,27.421955133348995,8.730745849055214,4916.738680212401
5.4,41.29192400744215,4.441742065409223,4768.565676564971,27.408142059797306,8.733698764181991,4916.866845195763
5.416666666666667,41.250621517522994,4.444726812896985,4768.881211639419,27.39465399191639,8.736593922031625,4916.992339732239
5.433333333333334,41.21040262563219,4.447652497989136,4769.189853353188,27.381482253756968,8.739432495195878,4917.115224382827
5.45,41.17123563327441,4.450520345307287,4769.491769192116,27.368618431372536,8.742215631271183,4917.235558169799
5.466666666666667,41.13308983707023,4.4533315524343555,4769.787122019879,27.35605436417459,8.74494445341395,4917.35339862077
5.483333333333333,41.09593549706709,4.456087290547675,4770.076070221635,27.34378213658458,8.747620060884659,4917.46880181142
5.5,41.05974380599986,4.4587887050373,4770.358767842872,27.331794069972297,8.750243529579443,4917.581822406876
5.516666666666667,41.024486859478465,4.461436916110728,4770.635364723577,27.320082714871113,8.752815912550954,4917.692513701797
5.533333333333333,40.99013762707922,4.464033019382986,4770.906006627919,27.308640843460662,8.755338240517501,4917.8009276592265
5.55,40.956669924317595,4.466578086453207,4771.170835369578,27.297461442307544,8.75781152236073,4917.907114948225
5.566666666666666,40.92405838547975,4.469073165467776,4771.429988932875,27.286537705355606,8.760236745613005,4918.011124980321
5.583333333333333,40.892278437290635,4.471519281669504,4771.683601589847,27.275863027156873,8.762614876933018,4918.1130059448515
5.6,40.86130627339691,4.473917437934467,4771.931804013402,27.265430996335144,8.764946862571561,4918.21280484319
5.616666666666666,40.831118829642904,4.476268615295288,4772.174723386696,27.255235389273988,8.767233628826217,4918.310567521899
5.633333333333334,40.801693760118326,4.478573773452159,4772.41248350885,27.245270164021743,8.769476082485921,4918.406338704878
5.65,40.7730094139569,4.480833851271276,4772.64520489715,27.235529454405647,8.77167511126544,4918.500162024508
5.666666666666667,40.745044812865096,4.483049767271319,4772.873004885832,27.226007564348205,8.773831584229915,4918.592080051813
5.683333333333334,40.71777962936079,4.485222420097931,4773.095997721597,27.216698962378533,8.775946352209687,4918.68213432572
5.7,40.69119416570189,4.487352688986488,4773.314294655945,27.20759827633214,8.778020248205308,4918.770365381397
5.716666666666667,40.665269333485426,4.489441434213938,4773.528004034447,27.19870028823246,8.780054087783881,4918.856812777722
5.733333333333333,40.639986633897834,4.491489497538713,4773.737231383078,27.189999929347834,8.782048669465151,4918.9415151239145
5.75,40.61532813859777,4.493497702630816,4773.942079491679,27.181492275417952,8.784004775100003,4919.024510105345
5.766666666666667,40.59127647121295,4.495466855490392,4774.142648494685,27.173172542043638,8.785923170238885,4919.1058345085585
5.783333333333333,40.56781478943309,4.497397744856593,4774.339035949191,27.165036080234586,8.787804604492681,4919.185524245528
5.8,40.54492676768123,4.499291142605806,4774.5313369104715,27.15707837210916,8.789649811884393,4919.263614377182
5.816666666666666,40.5225965803463,4.501147804140576,4774.719644004997,27.149295026741303,8.79145951119335,4919.340139136212
5.833333333333333,40.50080888556007,4.502968468768419,4774.9040475011,27.14168177614915,8.793234406290843,4919.415131949177
5.85,40.47954880950208,4.504753860071594,4775.084635377325,27.134234471420474,8.794975186468259,4919.488625457966
5.866666666666666,40.45880193121644,4.506504686267488,4775.2614933885525,27.12694907897022,8.796682526757309,4919.560651540591
5.883333333333334,40.43855426792489,4.508221640560229,4775.434705129992,27.11982167692543,8.79835708824315,4919.631241331375
5.9,40.41879226082089,4.509905401483474,4775.604352099098,27.11284845163304,8.79999951836965,4919.700425240514
5.916666666666667,40.39950276132981,4.511556633234988,4775.77051375549,27.10602569428642,8.801610451238384,4919.768232973079
5.933333333333334,40.38067301782075,4.513175986002513,4775.9332675789565,27.099349797666168,8.803190507899505,4919.834693547432
5.95,40.362290662755825,4.514764096282121,4776.0926891255895,27.092817252991555,8.804740296637164,4919.899835313108
5.966666666666667,40.344343700263245,4.516321587188181,4776.248852082133,27.086424646878278,8.80626041324698,4919.963685968174
5.983333333333333,40.326820494120824,4.517849068756281,4776.4018283185915,27.080168658399167,8.807751441308296,4920.026272576053
6.0,40.309709756136705,4.519347138237977,4776.551687939175,27.074046056243972,8.809213952448772,4920.087621581879
6.016666666666667,40.29300053491497,4.520816380389067,4776.698499331625,27.068053695974857,8.810648506604233,4920.14775882836
6.033333333333333,40.276682204993506,4.522257367750317,4776.842329214984,27.06218851737416,8.812055652271482,4920.20670957118
6.05,40.260744456342394,4.5236706609213,4776.9832426858675,27.056447541881237,8.813435926755444,4920.264498493961
6.066666666666666,40.2451772842111,4.525056808827957,4777.121303263273,27.050827870115246,8.814789856411181,4920.321149722774
6.083333333333333,40.2299709793132,4.526416348983017,4777.256572932002,27.04532667948069,8.816117956879255,4920.376686840257
6.1,40.2151161183376,4.5277498077406495,4777.389112184715,27.039941221853116,8.817420733316713,4920.431132899296
6.116666666666666,40.200603554775824,4.529057700544623,4777.518980062679,27.034668821341786,8.818698680622148,4920.484510436344
6.133333333333334,40.186424410054784,4.5303405321703965,4777.646234195273,27.02950687212688,8.819952283655637,4920.536841484338
6.15,40.17257006496518,4.53159879696174,4777.770930838246,27.02445283636849,8.82118201745393,4920.588147585256
6.166666666666667,40.15903215137572,4.532832979060922,4777.893124910827,27.01950424218485,8.82238834744011,4920.638449802321
6.183333333333334,40.145802544223834,4.534043552634175,4778.012870031665,27.014658681697497,8.823571729629117,4920.687768731857
6.2,40.132873353773604,4.535230982091121,4778.130218553707,27.009913809140844,8.824732610828145,4920.7361245148095
6.216666666666667,40.12023691813219,4.5363957222992255,4778.245221597977,27.005267339034006,8.825871428832626,4920.783536847942
6.233333333333333,40.107885796016014,4.53753821879299,4778.3579290863645,27.000717044412696,8.826988612617553,4920.830024994733
6.25,40.095812759758495,4.538658907978293,4778.468389773392,26.996260755119028,8.828084582524832,4920.875607795945
6.266666666666667,40.08401078855128,4.539758217331635,4778.576651277054,26.99189635614721,8.829159750445923,4920.920303679927
6.283333333333333,40.07247306191103,4.540836565594802,4778.682760108702,26.987621786043178,8.830214520000583,4920.964130672612
6.3,40.06119295336437,4.541894362964881,4778.786761702047,26.983435035356354,8.831249286711492,4921.007106407251
6.316666666666666,40.05016402434351,4.5429320112798415,4778.888700441317,26.979334145141518,8.832264438175288,4921.049248133873
6.333333333333333,40.03938001828557,4.543949904199529,4778.988619688542,26.97531720550924,8.833260354228909,4921.090572728494
6.35,40.028834854928704,4.544948427382554,4779.086561810054,26.971382354223056,8.83423740711301,4921.131096702071
6.366666666666666,40.01852262479839,4.545927958659127,4779.182568202206,26.967527775341825,8.8351959616314,4921.170836209206
6.383333333333334,40.0084375838774,4.5468888681995265,4779.27667931633,26.96375169790564,8.83613637530683,4921.209807056634
6.4,39.99857414845331,4.547831518678774,4779.368934682956,26.960052394663773,8.837058998533116,4921.248024711458
6.416666666666667,39.98892689013747,4.5487562654377465,4779.459372935346,26.956428180843314,8.837964174724606,4921.2855043091895
6.433333333333334,39.97949053104977,4.549663456640017,4779.548031832326,26.95287741295689,8.838852240461383,4921.322260661547
6.45,39.97025993916321,4.550553433425453,4779.634948280461,26.9493984876483,8.839723525631838,4921.3583082640735
6.466666666666667,39.96123012380332,4.551426530060077,4779.720158355593,26.945989840574594,8.840578353571823,4921.393661303531
6.483333333333333,39.9523962312967,4.552283074082533,4779.803697323765,26.942649945323492,8.841417041200893,4921.428333665113
6.5,39.943753540764035,4.553123386447099,4779.885599661533,26.939377312364837,8.84223989915521,4921.4623389394565
6.516666666666667,39.93529746005219,4.5539477816634415,4779.965899075709,26.936170488034815,8.843047231917817,4921.495690429482
6.533333333333333,39.927023521801075,4.554756567933331,4780.044628522537,26.933028053552125,8.84383933794624,4921.528401157047
6.55,39.9189273796404,4.55555004728387,4780.121820226337,26.92994862406454,8.844616509796404,4921.560483869423
6.566666666666666,39.911004804511975,4.5563285156979525,4780.197505697604,26.926930847725306,8.845379034244814,4921.59195104562
6.583333333333333,39.903251681113275,4.55709226324177,4780.271715750617,26.923973404797987,8.846127192407549,4921.622814902528
6.6,39.8956640044581,4.557841574189245,4780.344480520541,26.921075006789003,8.846861259856762,4921.653087400915
6.616666666666666,39.88823787655029,4.558576727143596,4780.415829480072,26.91823439560676,8.847581506734333,4921.682780251265
6.633333333333334,39.88096950316679,4.559297995156595,4780.485791455587,26.915450342746666,8.848288197863884,4921.711904919467
6.65,39.87385519074599,4.560005645844489,4780.554394642881,26.912721648500888,8.84898159285921,4921.740472632361
6.666666666666667,39.86689134337818,4.560699941501882,4780.621666622446,26.91004714119232,8.849661946231315,4921.768494383144
6.683333333333334,39.860074459894165,4.56138113921266,4780.687634374345,26.907425676431664,8.850329507492575,4921.795980936628
6.7,39.85340113104912,4.562049490958606,4780.752324292672,26.904856136397033,8.85098452125882,4921.8229428343975
6.716666666666667,39.846868036798014,4.56270524372564,4780.81576219961,26.90233742913522,8.851627227349189,4921.849390399789
6.733333333333333,39.84047194365982,4.563348639607539,4780.87797335913,26.899868487883985,8.852257860884029,4921.87533374279
6.75,39.83420970216717,4.563979915907426,4780.938982490295,26.897448270414543,8.85287665238018,4921.900782764793
6.766666666666667,39.82807824439884,4.564599305236991,4780.998813780217,26.895075758393713,8.853483827844778,4921.925747163235
6.783333333333333,39.82207458159188,4.565207035613563,4781.057490896666,26.892749956764973,8.854079608866693,4921.950236436131
6.8,39.816195801831036,4.565803330554912,4781.115037000337,26.89046989314782,8.854664212706139,4921.97425988648
6.816666666666666,39.81043906781254,4.566388409172056,4781.171474756793,26.88823461725486,8.855237852382118,4921.997826626574
6.833333333333333,39.804801614679825,4.566962486260141,4781.226826348092,26.886043200326018,8.855800736758775,4922.020945582204
6.85,39.799280747928755,4.567525772386822,4781.281113484102,26.88389473457927,8.856353070628545,4922.043625496753
6.866666666666666,39.79387384137996,4.568078473979511,4781.334357413519,26.881788332677438,8.85689505479506,4922.065874935192
6.883333333333334,39.79387384137996,4.568078473979511,4781.334357413519,26.881788332677438,8.85689505479506,4922.065874935192
6.9,39.79387384137996,4.568078473979511,4781.334357413519,26.881788332677438,8.85689505479506,4922.065874935192
6.916666666666667,39.79387384137996,4.568078473979511,4781.334357413519,26.881788332677438,8.85689505479506,4922.065874935192
6.933333333333334,39.79387384137996,4.568078473979511,4781.334357413519,26.881788332677438,8.85689505479506,4922.065874935192
6.95,39.79387384137996,4.568078473979511,4781.334357413519,26.881788332677438,8.85689505479506,4922.065874935192
6.966666666666667,39.79387384137996,4.568078473979511,4781.334357413519,26.881788332677438,8.85689505479506,4922.065874935192
6.983333333333333,39.79387384137996,4.568078473979511,4781.334357413519,26.881788332677438,8.85689505479506,4922.065874935192
7.0,39.79387384137996,4.568078473979511,4781.334357413519,26.881788332677438,8.85689505479506,4922.065874935192
7.016666666666667,39.79387384137996,4.568078473979511,4781.334357413519,26.881788332677438,8.85689505479506,4922.065874935192
7.033333333333333,39.79387384137996,4.568078473979511,4781.334357413519,26.881788332677438,8.85689505479506,4922.065874935192
7.05,39.79387384137996,4.568078473979511,4781.334357413519,26.881788332677438,8.85689505479506,4922.065874935192
7.066666666666666,39.79387384137996,4.568078473979511,4781.334357413519,26.881788332677438,8.85689505479506,4922.065874935192
7.083333333333333,39.79387384137996,4.568078473979511,4781.334357413519,26.881788332677438,8.85689505479506,4922.065874935192
7.1,39.79387384137996,4.568078473979511,4781.334357413519,26.881788332677438,8.85689505479506,4922.065874935192
7.116666666666666,39.79387384137996,4.568078473979511,4781.334357413519,26.881788332677438,8.85689505479506,4922.065874935192
7.133333333333334,39.79387384137996,4.568078473979511,4781.334357413519,26.881788332677438,8.85689505479506,4922.065874935192
7.15,39.79387384137996,4.568078473979511,4781.334357413519,26.881788332677438,8.85689505479506,4922.065874935192
7.166666666666667,39.79387384137996,4.568078473979511,4781.334357413519,26.881788332677438,8.85689505479506,4922.065874935192
7.183333333333334,39.79387384137996,4.568078473979511,4781.334357413519,26.881788332677438,8.85689505479506,4922.065874935192
7.2,39.79387384137996,4.568078473979511,4781.334357413519,26.881788332677438,8.85689505479506,4922.065874935192
7.216666666666667,39.79387384137996,4.568078473979511,4781.334357413519,26.881788332677438,8.85689505479506,4922.065874935192
7.233333333333333,39.79387384137996,4.568078473979511,4781.334357413519,26.881788332677438,8.85689505479506,4922.065874935192
7.25,39.79387384137996,4.568078473979511,4781.334357413519,26.881788332677438,8.85689505479506,4922.065874935192
7.266666666666667,39.79387384137996,4.568078473979511,4781.334357413519,26.881788332677438,8.85689505479506,4922.065874935192
7.283333333333333,39.79387384137996,4.568078473979511,4781.334357413519,26.881788332677438,8.85689505479506,4922.065874935192
7.3,39.79387384137996,4.568078473979511,4781.334357413519,26.881788332677438,8.85689505479506,4922.065874935192
7.316666666666666,39.79387384137996,4.568078473979511,4781.334357413519,26.881788332677438,8.85689505479506,4922.065874935192
7.333333333333333,39.79387384137996,4.568078473979511,4781.334357413519,26.881788332677438,8.85689505479506,4922.065874935192
7.35,39.79387384137996,4.568078473979511,4781.334357413519,26.881788332677438,8.85689505479506,4922.065874935192
7.366666666666666,39.79387384137996,4.568078473979511,4781.334357413519,26.881788332677438,8.85689505479506,4922.065874935192
7.383333333333334,39.79387384137996,4.568078473979511,4781.334357413519,26.881788332677438,8.85689505479506,4922.065874935192
7.4,39.79387384137996,4.568078473979511,4781.334357413519,26.881788332677438,8.85689505479506,4922.065874935192
7.416666666666667,39.79387384137996,4.568078473979511,4781.334357413519,26.881788332677438,8.85689505479506,4922.065874935192
7.433333333333334,39.79387384137996,4.568078473979511,4781.334357413519,26.881788332677438,8.85689505479506,4922.065874935192
7.45,39.79387384137996,4.568078473979511,4781.334357413519,26.881788332677438,8.85689505479506,4922.065874935192
7.466666666666667,39.79387384137996,4.568078473979511,4781.334357413519,26.881788332677438,8.85689505479506,4922.065874935192
7.483333333333333,39.79387384137996,4.568078473979511,4781.334357413519,26.881788332677438,8.85689505479506,4922.065874935192
7.5,39.79387384137996,4.568078473979511,4781.334357413519,26.881788332677438,8.85689505479506,4922.065874935192
7.516666666666667,39.79387384137996,4.568078473979511,4781.334357413519,26.881788332677438,8.85689505479506,4922.065874935192
7.533333333333333,39.79387384137996,4.568078473979511,4781.334357413519,26.881788332677438,8.85689505479506,4922.065874935192
7.55,39.79387384137996,4.568078473979511,4781.334357413519,26.881788332677438,8.85689505479506,4922.065874935192
7.566666666666666,39.79387384137996,4.568078473979511,4781.334357413519,26.881788332677438,8.85689505479506,4922.065874935192
7.583333333333333,39.79387384137996,4.568078473979511,4781.334357413519,26.881788332677438,8.85689505479506,4922.065874935192
7.6,39.79387384137996,4.568078473979511,4781.334357413519,26.881788332677438,8.85689505479506,4922.065874935192
7.616666666666666,39.79387384137996,4.568078473979511,4781.334357413519,26.881788332677438,8.85689505479506,4922.065874935192
7.633333333333334,39.79387384137996,4.568078473979511,4781.334357413519,26.881788332677438,8.85689505479506,4922.065874935192
7.65,39.79387384137996,4.568078473979511,4781.334357413519,26.881788332677438,8.85689505479506,4922.065874935192
7.666666666666667,39.79387384137996,4.568078473979511,4781.334357413519,26.881788332677438,8.85689505479506,4922.065874935192
7.683333333333334,39.79387384137996,4.568078473979511,4781.334357413519,26.881788332677438,8.85689505479506,4922.065874935192
7.7,39.79387384137996,4.568078473979511,4781.334357413519,26.881788332677438,8.85689505479506,4922.065874935192
7.716666666666667,39.79387384137996,4.568078473979511,4781.334357413519,26.881788332677438,8.85689505479506,4922.065874935192
7.733333333333333,39.79387384137996,4.568078473979511,4781.334357413519,26.881788332677438,8.85689505479506,4922.065874935192
7.75,39.79387384137996,4.568078473979511,4781.334357413519,26.881788332677438,8.85689505479506,4922.065874935192
7.766666666666667,39.79387384137996,4.568078473979511,4781.334357413519,26.881788332677438,8.85689505479506,4922.065874935192
7.783333333333333,39.79387384137996,4.568078473979511,4781.334357413519,26.881788332677438,8.85689505479506,4922.065874935192
7.8,39.79387384137996,4.568078473979511,4781.334357413519,26.881788332677438,8.85689505479506,4922.065874935192
7.816666666666666,39.79387384137996,4.568078473979511,4781.334357413519,26.881788332677438,8.85689505479506,4922.065874935192
7.833333333333333,39.79387384137996,4.568078473979511,4781.334357413519,26.881788332677438,8.85689505479506,4922.065874935192
7.85,39.79387384137996,4.568078473979511,4781.334357413519,26.881788332677438,8.85689505479506,4922.065874935192
7.866666666666666,39.79387384137996,4.568078473979511,4781.334357413519,26.881788332677438,8.85689505479506,4922.065874935192
7.883333333333334,39.79387384137996,4.568078473979511,4781.334357413519,26.881788332677438,8.85689505479506,4922.065874935192
7.9,39.79387384137996,4.568078473979511,4781.334357413519,26.881788332677438,8.85689505479506,4922.065874935192
7.916666666666667,39.79387384137996,4.568078473979511,4781.334357413519,26.881788332677438,8.85689505479506,4922.065874935192
7.933333333333334,39.79387384137996,4.568078473979511,4781.334357413519,26.881788332677438,8.85689505479506,4922.065874935192
7.95,39.79387384137996,4.568078473979511,4781.334357413519,26.881788332677438,8.85689505479506,4922.065874935192
7.966666666666667,39.79387384137996,4.568078473979511,4781.334357413519,26.881788332677438,8.85689505479506,4922.065874935192
7.983333333333333,39.79387384137996,4.568078473979511,4781.334357413519,26.881788332677438,8.85689505479506,4922.065874935192
8.0,39.79387384137996,4.568078473979511,4781.334357413519,26.881788332677438,8.85689505479506,4922.065874935192
