time_s,S2_M,I2_M,S2_tot_M
60.0,9.965188275623823e-12,4.999701062225558e-09,2.945199961350802e-09
120.0,1.0004247261721463e-11,4.999400970764727e-09,5.838310973076637e-09
180.0,1.001036138809084e-11,4.999100713936155e-09,8.680265681389651e-09
240.0,1.0016373266336865e-11,4.998800294838333e-09,1.1471968655583993e-08
300.0,1.0022392002587234e-11,4.998499713297024e-09,1.4214308432052583e-08
360.0,1.0028417972451074e-11,4.998198969126793e-09,1.6908157836198316e-08
420.0,1.0034451190183747e-11,4.997898062141845e-09,1.9554374260359238e-08
480.0,1.004049166887018e-11,4.99759699215606e-09,2.215379993669221e-08
540.0,1.0046539421622777e-11,4.9972957589829945e-09,2.470726220523113e-08
600.0,1.0052594461585524e-11,4.99699436243588e-09,2.7215573777205424e-08
660.0,1.0058656801934083e-11,4.996692802327621e-09,2.9679532993702557e-08
720.0,1.0064726455875892e-11,4.996391078470793e-09,3.209992407975701e-08
780.0,1.007080343665027e-11,4.996089190677645e-09,3.447751739394651e-08
840.0,1.007688775752849e-11,4.995787138760098e-09,3.68130696735749e-08
900.0,1.0082979431813898e-11,4.995484922529744e-09,3.910732427551985e-08
960.0,1.0089078472842007e-11,4.995182541797842e-09,4.136101141282192e-08
1020.0,1.0095184893980573e-11,4.994879996375323e-09,4.357484838709029e-08
1080.0,1.0101298708629724e-11,4.9945772860727835e-09,4.57495398167992e-08
1140.0,1.0107419930222032e-11,4.994274410700489e-09,4.788577786154771e-08
1200.0,1.0113548572222631e-11,4.993971370068373e-09,4.998424244235412e-08
1260.0,1.0119684648129299e-11,4.993668163986031e-09,5.204560145805526e-08
1320.0,1.0125828171472567e-11,4.993364792262727e-09,5.4070510997879395e-08
1380.0,1.0131979155815813e-11,4.993061254707389e-09,5.605961555026056e-08
1440.0,1.0138137614755371e-11,4.992757551128607e-09,5.801354820796065e-08
1500.0,1.0144303561920622e-11,4.992453681334633e-09,5.993293086956458e-08
1560.0,1.0150477010974091e-11,4.992149645133384e-09,6.181837443741264e-08
1620.0,1.0156657975611557e-11,4.991845442332435e-09,6.367047901203326e-08
1680.0,1.0162846469562164e-11,4.991541072739023e-09,6.548983408313745e-08
1740.0,1.0169042506588486e-11,4.991236536160043e-09,6.727701871723672e-08
1800.0,1.0175246100486671e-11,4.9909318324020505e-09,6.903260174194295e-08
1860.0,1.0181457265086518e-11,4.990626961271257e-09,7.075714192701003e-08
1920.0,1.0187676014251584e-11,4.9903219225735335e-09,7.245118816217412e-08
1980.0,1.0193902361879302e-11,4.990016716114405e-09,7.41152796318494e-08
2040.0,1.0200136321901056e-11,4.989711341699051e-09,7.574994598673496e-08
2100.0,1.020637790828231e-11,4.9894057991323086e-09,7.735570751238739e-08
2160.0,1.0212627135022708e-11,4.989100088218667e-09,7.893307529481268e-08
2220.0,1.0218884016156154e-11,4.988794208762268e-09,8.04825513831301e-08
2280.0,1.0225148565750964e-11,4.988488160566907e-09,8.200462894936009e-08
2340.0,1.0231420797909919e-11,4.988181943436028e-09,8.349979244538656e-08
2400.0,1.0237700726770418e-11,4.987875557172728e-09,8.496851775714419e-08
2460.0,1.024398836650454e-11,4.9875690015797525e-09,8.641127235607895e-08
2520.0,1.0250283731319186e-11,4.9872622764594956e-09,8.782851544793102e-08
2580.0,1.0256586835456175e-11,4.986955381613999e-09,8.922069811888666e-08
2640.0,1.026289769319234e-11,4.986648316844952e-09,9.058826347914595e-08
2700.0,1.0269216318839646e-11,4.986341081953692e-09,9.193164680395205e-08
2760.0,1.0275542726745303e-11,4.986033676741199e-09,9.325127567212673e-08
2820.0,1.028187693129186e-11,4.985726101008097e-09,9.45475701021564e-08
2880.0,1.0288218946897323e-11,4.985418354554655e-09,9.5820942685872e-08
2940.0,1.0294568788015272e-11,4.985110437180786e-09,9.707179871976496e-08
3000.0,1.030092646913495e-11,4.984802348686045e-09,9.83005363339815e-08
3060.0,1.0307292004781395e-11,4.984494088869625e-09,9.9507546619036e-08
3120.0,1.0313665409515533e-11,4.984185657530361e-09,1.006932137502838e-07
3180.0,1.03200466979343e-11,4.983877054466728e-09,1.0185791511019324e-07
3240.0,1.032643588467075e-11,4.983568279476838e-09,1.0300202140845548e-07
3300.0,1.0332832984394162e-11,4.9832593323584434e-09,1.0412589679997096e-07
3360.0,1.0339238011810168e-11,4.98295021290893e-09,1.0522989900074927e-07
3420.0,1.0345650981660842e-11,4.982640920925321e-09,1.0631437940175988e-07
3480.0,1.0352071908724837e-11,4.982331456204275e-09,1.0737968318076982e-07
3540.0,1.0358500807817473e-11,4.982021818542082e-09,1.0842614941220382e-07
3600.0,1.036493769379088e-11,4.98171200773467e-09,1.0945411117506194e-07
3660.0,1.0371382581534077e-11,4.981402023577596e-09,1.1046389565892902e-07
3720.0,1.0377835485973136e-11,4.981091865866049e-09,1.1145582426810979e-07
3780.0,1.0384296422071241e-11,4.98078153439485e-09,1.124302127239225e-07
3840.0,1.0390765404828836e-11,4.980471028958445e-09,1.1338737116518405e-07
3900.0,1.039724244928375e-11,4.9801603493509134e-09,1.143276042469182e-07
3960.0,1.0403727570511283e-11,4.979849495365962e-09,1.152512112373185e-07
4020.0,1.0410220783624343e-11,4.979538466796922e-09,1.1615848611299685e-07
4080.0,1.041672210377356e-11,4.979227263436753e-09,1.1704971765254764e-07
4140.0,1.0423231546147409e-11,4.97891588507804e-09,1.1792518952845781e-07
4200.0,1.0429749125972305e-11,4.978604331512988e-09,1.187851803973916e-07
4260.0,1.0436274858512763e-11,4.978292602533431e-09,1.19629963988879e-07
4320.0,1.0442808759071468e-11,4.977980697930821e-09,1.204598091924359e-07
4380.0,1.0449350842989436e-11,4.977668617496235e-09,1.2127498014314413e-07
4440.0,1.0455901125646107e-11,4.977356361020368e-09,1.2207573630571768e-07
4500.0,1.0462459622459479e-11,4.977043928293534e-09,1.2286233255708324e-07
4560.0,1.0469026348886233e-11,4.976731319105668e-09,1.2363501926750002e-07
4620.0,1.0475601320421835e-11,4.976418533246321e-09,1.2439404238024544e-07
4680.0,1.0482184552600673e-11,4.976105570504661e-09,1.2513964348989188e-07
4740.0,1.0488776060996179e-11,4.975792430669473e-09,1.258720599191992e-07
4800.0,1.0495375861220946e-11,4.975479113529156e-09,1.2659152479464787e-07
4860.0,1.0501983968926851e-11,4.975165618871724e-09,1.2729826712063628e-07
4920.0,1.0508600399805192e-11,4.974851946484802e-09,1.2799251185236645e-07
4980.0,1.0515225169586787e-11,4.974538096155628e-09,1.286744799674407e-07
5040.0,1.0521858294042118e-11,4.974224067671051e-09,1.2934438853619256e-07
5100.0,1.052849978898146e-11,4.973909860817531e-09,1.300024507907739e-07
5160.0,1.0535149670254984e-11,4.973595475381137e-09,1.3064887619302083e-07
5220.0,1.0541807953752909e-11,4.9732809111475445e-09,1.3128387050111917e-07
5280.0,1.0548474655405598e-11,4.97296616790204e-09,1.3190763583509142e-07
5340.0,1.0555149791183722e-11,4.972651245429511e-09,1.32520370741126e-07
5400.0,1.0561833377098361e-11,4.972336143514454e-09,1.3312227025476847e-07
5460.0,1.0568525429201139e-11,4.972020861940971e-09,1.33713525962996e-07
5520.0,1.0575225963584347e-11,4.971705400492764e-09,1.3429432606519392e-07
5580.0,1.0581934996381088e-11,4.971389758953138e-09,1.3486485543305424e-07
5640.0,1.0588652543765383e-11,4.971073937105002e-09,1.354252956694149e-07
5700.0,1.059537862195233e-11,4.970757934730862e-09,1.3597582516605896e-07
5760.0,1.06021132471982e-11,4.970441751612827e-09,1.3651661916049133e-07
5820.0,1.0608856435800608e-11,4.970125387532602e-09,1.3704784979171215e-07
5880.0,1.0615608204098598e-11,4.969808842271488e-09,1.3756968615500338e-07
5940.0,1.0622368568472817e-11,4.969492115610388e-09,1.380822943557473e-07
6000.0,1.0629137545345624e-11,4.969175207329795e-09,1.3858583756229296e-07
6060.0,1.0635915151181216e-11,4.968858117209797e-09,1.3908047605788788e-07
6120.0,1.06427014024858e-11,4.968540845030079e-09,1.395663672916918e-07
6180.0,1.0649496315807682e-11,4.9682233905699155e-09,1.400436659288883e-07
6240.0,1.0656299907737418e-11,4.967905753608173e-09,1.4051252389990998e-07
6300.0,1.0663112194907964e-11,4.967587933923308e-09,1.4097309044879398e-07
6360.0,1.0669933193994787e-11,4.967269931293367e-09,1.4142551218068186e-07
6420.0,1.0676762921716016e-11,4.9669517454959844e-09,1.4186993310847976e-07
6480.0,1.0683601394832579e-11,4.966633376308383e-09,1.4230649469869373e-07
6540.0,1.0690448630148329e-11,4.966314823507372e-09,1.4273533591645461e-07
6600.0,1.0697304644510197e-11,4.965996086869343e-09,1.431565932697464e-07
6660.0,1.0704169454808311e-11,4.965677166170276e-09,1.435704008528529e-07
6720.0,1.0711043077976152e-11,4.965358061185731e-09,1.4397689038903616e-07
6780.0,1.071792553099068e-11,4.96503877169085e-09,1.4437619127246038e-07
6840.0,1.072481683087249e-11,4.9647192974603595e-09,1.4476843060937407e-07
6900.0,1.0731716994685939e-11,4.964399638268561e-09,1.4515373325856458e-07
6960.0,1.0738626039539272e-11,4.964079793889339e-09,1.45532221871097e-07
7020.0,1.074554398258481e-11,4.9637597640961545e-09,1.4590401692935053e-07
7080.0,1.075247084101904e-11,4.963439548662045e-09,1.4626923678536456e-07
7140.0,1.0759406632082793e-11,4.963119147359626e-09,1.466279976985068e-07
7200.0,1.0766351373061367e-11,4.962798559961084e-09,1.4698041387247528e-07
7260.0,1.077330508128468e-11,4.962477786238182e-09,1.4732659749164606e-07
7320.0,1.0780267774127414e-11,4.962156825962256e-09,1.4766665875677857e-07
7380.0,1.078723946900915e-11,4.96183567890421e-09,1.480007059200891e-07
7440.0,1.0794220183394526e-11,4.961514344834523e-09,1.4832884531970462e-07
7500.0,1.0801209934793384e-11,4.961192823523241e-09,1.48651181413507e-07
7560.0,1.0808208740760893e-11,4.9608711147399755e-09,1.489678168123791e-07
7620.0,1.0815216618897726e-11,4.960549218253911e-09,1.4927885231286283e-07
7680.0,1.0822233586850179e-11,4.960227133833794e-09,1.4958438692923998e-07
7740.0,1.0829259662310351e-11,4.959904861247937e-09,1.4988451792504536e-07
7800.0,1.083629486301626e-11,4.959582400264217e-09,1.5017934084402339e-07
7860.0,1.0843339206752022e-11,4.959259750650073e-09,1.504689495405366e-07
7920.0,1.0850392711347975e-11,4.958936912172505e-09,1.5075343620943712e-07
7980.0,1.0857455394680846e-11,4.958613884598076e-09,1.5103289141540947e-07
8040.0,1.0864527274673881e-11,4.9582906676929066e-09,1.5130740412179482e-07
8100.0,1.0871608369297041e-11,4.957967261222676e-09,1.5157706171890552e-07
8160.0,1.0878698696567096e-11,4.9576436649526215e-09,1.5184195005183897e-07
8220.0,1.0885798274547824e-11,4.957319878647533e-09,1.5210215344779955e-07
8280.0,1.0892907121350143e-11,4.95699590207176e-09,1.5235775474293776e-07
8340.0,1.090002525513226e-11,4.956671734989204e-09,1.526088353087145e-07
8400.0,1.0907152694099847e-11,4.956347377163318e-09,1.5285547507779937e-07
8460.0,1.0914289456506169e-11,4.956022828357108e-09,1.53097752569511e-07
8520.0,1.0921435560652265e-11,4.95569808833313e-09,1.5333574491480746e-07
8580.0,1.0928591024887101e-11,4.9553731568534885e-09,1.5356952788083483e-07
8640.0,1.0935755867607695e-11,4.955048033679837e-09,1.5379917589504194e-07
8700.0,1.0942930107259317e-11,4.954722718573376e-09,1.540247620688683e-07
8760.0,1.0950113762335621e-11,4.954397211294851e-09,1.5424635822101352e-07
8820.0,1.0957306851378818e-11,4.954071511604554e-09,1.5446403490029522e-07
8880.0,1.0964509392979819e-11,4.953745619262317e-09,1.5467786140810265e-07
8940.0,1.0971721405778418e-11,4.9534195340275166e-09,1.548879058204534e-07
9000.0,1.0978942908463424e-11,4.9530932556590715e-09,1.5509423500966e-07
9060.0,1.0986173919772848e-11,4.952766783915439e-09,1.5529691466561373e-07
9120.0,1.0993414458494057e-11,4.952440118554614e-09,1.5549600931669163e-07
9180.0,1.100066454346393e-11,4.952113259334131e-09,1.5569158235029414e-07
9240.0,1.1007924193569021e-11,4.9517862060110594e-09,1.5588369603301955e-07
9300.0,1.1015193427745745e-11,4.951458958342006e-09,1.560724115304817e-07
9360.0,1.10224722649805e-11,4.951131516083108e-09,1.5625778892677733e-07
9420.0,1.1029760724309874e-11,4.9508038789900396e-09,1.564398872436091e-07
9480.0,1.1037058824820787e-11,4.9504760468180025e-09,1.5661876445907044e-07
9540.0,1.1044366585650677e-11,4.950148019321731e-09,1.5679447752609868e-07
9600.0,1.105168402598763e-11,4.949819796255488e-09,1.5696708239060126e-07
9660.0,1.1059011165070594e-11,4.949491377373066e-09,1.5713663400926184e-07
9720.0,1.1066348022189523e-11,4.9491627624277815e-09,1.5730318636703155e-07
9780.0,1.1073694616685537e-11,4.9488339511724774e-09,1.5746679249431083e-07
9840.0,1.1081050967951118e-11,4.948504943359522e-09,1.576275044838275e-07
9900.0,1.1088417095430257e-11,4.948175738740806e-09,1.5778537350721655e-07
9960.0,1.1095793018618637e-11,4.947846337067741e-09,1.5794044983130652e-07
10020.0,1.1103178757063806e-11,4.9475167380912616e-09,1.58092782834118e-07
10080.0,1.1110574330365336e-11,4.947186941561819e-09,1.5824242102057947e-07
10140.0,1.1117979758175018e-11,4.946856947229384e-09,1.5838941203796488e-07
10200.0,1.1125395060197016e-11,4.946526754843442e-09,1.585338026910585e-07
10260.0,1.1132820256188055e-11,4.946196364152999e-09,1.586756389570517e-07
10320.0,1.1140255365957578e-11,4.945865774906569e-09,1.5881496600017604e-07
10380.0,1.1147700409367957e-11,4.945534986852184e-09,1.5895182818607794e-07
10440.0,1.1155155406334627e-11,4.945203999737385e-09,1.59086269095939e-07
10500.0,1.1162620376826297e-11,4.944872813309226e-09,1.5921833154034662e-07
10560.0,1.1170095340865107e-11,4.944541427314266e-09,1.593480575729194e-07
10620.0,1.1177580318526816e-11,4.944209841498576e-09,1.5947548850369186e-07
10680.0,1.1185075329940994e-11,4.943878055607732e-09,1.5960066491226205e-07
10740.0,1.1192580395291168e-11,4.943546069386816e-09,1.5972362666070706e-07
10800.0,1.1200095534815033e-11,4.943213882580413e-09,1.5984441290626996e-07
10860.0,1.1207620768804629e-11,4.942881494932611e-09,1.5996306211382246e-07
10920.0,1.1215156117606515e-11,4.942548906187e-09,1.6007961206810728e-07
10980.0,1.1222701601621959e-11,4.942216116086671e-09,1.6019409988576398e-07
11040.0,1.1230257241307116e-11,4.941883124374212e-09,1.6030656202714212e-07
11100.0,1.1237823057173212e-11,4.941549930791709e-09,1.6041703430790565e-07
11160.0,1.1245399069786743e-11,4.941216535080746e-09,1.605255519104321e-07
11220.0,1.125298529976965e-11,4.9408829369824e-09,1.6063214939500997e-07
11280.0,1.1260581767799502e-11,4.940549136237241e-09,1.6073686071083853e-07
11340.0,1.126818849460969e-11,4.940215132585334e-09,1.6083971920683286e-07
11400.0,1.127580550098962e-11,4.939880925766233e-09,1.6094075764223796e-07
11460.0,1.1283432807784894e-11,4.9395465155189796e-09,1.6104000819705498e-07
11520.0,1.1291070435897494e-11,4.939211901582109e-09,1.6113750248228337e-07
11580.0,1.1298718406286003e-11,4.9388770836936365e-09,1.6123327154998175e-07
11640.0,1.1306376739965758e-11,4.938542061591069e-09,1.61327345903151e-07
11700.0,1.1314045458009065e-11,4.938206835011395e-09,1.614197555054424e-07
11760.0,1.1321724581545382e-11,4.9378714036910855e-09,1.615105297906945e-07
11820.0,1.1329414131761528e-11,4.937535767366091e-09,1.6159969767230075e-07
11880.0,1.1337114129901856e-11,4.9371999257718474e-09,1.6168728755241225e-07
11940.0,1.1344824597268465e-11,4.936863878643264e-09,1.617733273309772e-07
12000.0,1.1352545555221391e-11,4.9365276257147306e-09,1.6185784441462063e-07
12060.0,1.1360277025178809e-11,4.936191166720112e-09,1.6194086572536733e-07
12120.0,1.1368019028617215e-11,4.935854501392746e-09,1.6202241770921033e-07
12180.0,1.1375771587071641e-11,4.935517629465445e-09,1.6210252634452804e-07
12240.0,1.1383534722135854e-11,4.935180550670493e-09,1.6218121715035235e-07
12300.0,1.1391308455462547e-11,4.934843264739646e-09,1.6225851519449085e-07
12360.0,1.1399092808763541e-11,4.934505771404124e-09,1.62334445101505e-07
12420.0,1.1406887803809991e-11,4.93416807039462e-09,1.6240903106054765e-07
12480.0,1.14146934624326e-11,4.933830161441289e-09,1.6248229683306175e-07
12540.0,1.1422509806521796e-11,4.933492044273752e-09,1.6255426576034307e-07
12600.0,1.1430336858027958e-11,4.933153718621095e-09,1.6262496077096894e-07
12660.0,1.1438174638961618e-11,4.932815184211863e-09,1.6269440438809601e-07
12720.0,1.1446023171393658e-11,4.932476440774062e-09,1.627626187366287e-07
12780.0,1.1453882477455529e-11,4.932137488035159e-09,1.6282962555026084e-07
12840.0,1.1461752579339446e-11,4.9317983257220755e-09,1.6289544617839317e-07
12900.0,1.1469633499298601e-11,4.93145895356119e-09,1.629601015929282e-07
12960.0,1.147752525964739e-11,4.931119371278337e-09,1.63023612394945e-07
13020.0,1.148542788276159e-11,4.930779578598802e-09,1.63085998821256e-07
13080.0,1.1493341391078596e-11,4.9304395752473246e-09,1.6314728075084779e-07
13140.0,1.1501265807097636e-11,4.930099360948091e-09,1.6320747771120825e-07
13200.0,1.1509201153379954e-11,4.929758935424739e-09,1.6326660888454145e-07
13260.0,1.1517147452549063e-11,4.929418298400352e-09,1.6332469311387298e-07
13320.0,1.1525104727290925e-11,4.929077449597459e-09,1.6338174890904715e-07
13380.0,1.1533073000354193e-11,4.928736388738033e-09,1.6343779445261823e-07
13440.0,1.1541052294550414e-11,4.9283951155434936e-09,1.6349284760563745e-07
13500.0,1.1549042632754244e-11,4.928053629734696e-09,1.6354692591333775e-07
13560.0,1.1557044037903677e-11,4.9277119310319374e-09,1.6360004661071805e-07
13620.0,1.1565056533000259e-11,4.927370019154955e-09,1.636522266280285e-07
13680.0,1.1573080141109302e-11,4.927027893822919e-09,1.637034825961592e-07
13740.0,1.1581114885360129e-11,4.926685554754437e-09,1.637538308519332e-07
13800.0,1.1589160788946255e-11,4.92634300166755e-09,1.6380328744330632e-07
13860.0,1.1597217875125646e-11,4.926000234279731e-09,1.6385186813447453e-07
13920.0,1.1605286167220928e-11,4.925657252307882e-09,1.6389958841089152e-07
13980.0,1.1613365688619615e-11,4.9253140554683375e-09,1.6394646348419727e-07
14040.0,1.1621456462774334e-11,4.924970643476855e-09,1.6399250829705953e-07
14100.0,1.1629558513203053e-11,4.924627016048622e-09,1.6403773752792972e-07
14160.0,1.1637671863489304e-11,4.924283172898249e-09,1.640821655957147e-07
14220.0,1.1645796537282415e-11,4.923939113739765e-09,1.6412580666436585e-07
14280.0,1.1653932558297738e-11,4.923594838286627e-09,1.6416867464738744e-07
14340.0,1.166207995031689e-11,4.923250346251707e-09,1.6421078321226454e-07
14400.0,1.1670238737187958e-11,4.922905637347297e-09,1.6425214578481338e-07
14460.0,1.1678408942825775e-11,4.9225607112851046e-09,1.6429277555345424e-07
14520.0,1.16865905912121e-11,4.9222155677762506e-09,1.6433268547340922e-07
14580.0,1.1694783706395894e-11,4.921870206531272e-09,1.6437188827082531e-07
14640.0,1.1702988312493542e-11,4.921524627260117e-09,1.6441039644682508e-07
14700.0,1.171120443368909e-11,4.921178829672143e-09,1.6444822228148536e-07
14760.0,1.1719432094234476e-11,4.920832813476115e-09,1.6448537783774568e-07
14820.0,1.1727671318449767e-11,4.920486578380207e-09,1.645218749652477e-07
14880.0,1.1735922130723413e-11,4.920140124091995e-09,1.6455772530410663e-07
14940.0,1.1744184555512488e-11,4.919793450318461e-09,1.6459294028861593e-07
15000.0,1.1752458617342905e-11,4.919446556765991e-09,1.6462753115088677e-07
15060.0,1.1760744340809694e-11,4.9190994431403636e-09,1.646615089244228e-07
15120.0,1.1769041750577208e-11,4.918752109146764e-09,1.6469488444763188e-07
15180.0,1.1777350871379405e-11,4.918404554489771e-09,1.6472766836727574e-07
15240.0,1.1785671728020066e-11,4.918056778873357e-09,1.647598711418586e-07
15300.0,1.179400434537305e-11,4.917708782000892e-09,1.6479150304495583e-07
15360.0,1.1802348748382553e-11,4.917360563575135e-09,1.648225741684839e-07
15420.0,1.1810704962063333e-11,4.917012123298236e-09,1.6485309442591222e-07
15480.0,1.181907301150098e-11,4.916663460871734e-09,1.6488307355541862e-07
15540.0,1.1827452921852169e-11,4.916314575996555e-09,1.6491252112298865e-07
15600.0,1.1835844718344889e-11,4.915965468373009e-09,1.649414465254602e-07
15660.0,1.1844248426278715e-11,4.91561613770079e-09,1.649698589935144e-07
15720.0,1.185266407102506e-11,4.915266583678975e-09,1.6499776759461348e-07
15780.0,1.186109167802742e-11,4.914916806006019e-09,1.6502518123588685e-07
15840.0,1.186953127280165e-11,4.914566804379759e-09,1.650521086669659e-07
15900.0,1.187798288093619e-11,4.9142165784974025e-09,1.6507855848276892e-07
15960.0,1.1886446528092358e-11,4.913866128055538e-09,1.6510453912623667e-07
16020.0,1.189492224000459e-11,4.913515452750126e-09,1.6513005889101963e-07
16080.0,1.1903410042480692e-11,4.9131645522764956e-09,1.651551259241176e-07
16140.0,1.191190996140213e-11,4.912813426329346e-09,1.6517974822847275e-07
16200.0,1.1920422022724272e-11,4.9124620746027466e-09,1.6520393366551693e-07
16260.0,1.1928946252476644e-11,4.912110496790132e-09,1.652276899576736e-07
16320.0,1.1937482676763227e-11,4.911758692584301e-09,1.6525102469081583e-07
16380.0,1.1946031321762687e-11,4.911406661677416e-09,1.652739453166808e-07
16440.0,1.1954592213728668e-11,4.9110544037609976e-09,1.6529645915524136e-07
16500.0,1.196316537899005e-11,4.9107019185259285e-09,1.653185733970361e-07
16560.0,1.1971750843951217e-11,4.910349205662446e-09,1.6534029510545765e-07
16620.0,1.1980348635092337e-11,4.909996264860146e-09,1.65361631219001e-07
16680.0,1.1988958778969626e-11,4.909643095807976e-09,1.6538258855347198e-07
16740.0,1.1997581302215618e-11,4.909289698194235e-09,1.6540317380415644e-07
16800.0,1.2006216231539452e-11,4.908936071706572e-09,1.6542339354795126e-07
16860.0,1.2014863593727133e-11,4.908582216031987e-09,1.6544325424545766e-07
16920.0,1.2023523415641825e-11,4.908228130856824e-09,1.6546276224303767e-07
16980.0,1.2032195724224107e-11,4.90787381586677e-09,1.6548192377483383e-07
17040.0,1.2040880546492273e-11,4.907519270746858e-09,1.6550074496475347e-07
17100.0,1.204957790954261e-11,4.90716449518146e-09,1.6551923182841795e-07
17160.0,1.2058287840549662e-11,4.906809488854288e-09,1.6553739027507723e-07
17220.0,1.2067010366766527e-11,4.90645425144839e-09,1.6555522610949066e-07
17280.0,1.2075745515525146e-11,4.9060987826461506e-09,1.655727450337747e-07
17340.0,1.2084493314236566e-11,4.905743082129286e-09,1.655899526492176e-07
17400.0,1.2093253790391261e-11,4.905387149578846e-09,1.6560685445806235e-07
17460.0,1.2102026971559381e-11,4.9050309846752085e-09,1.6562345586525796e-07
17520.0,1.211081288539107e-11,4.90467458709808e-09,1.6563976218017963e-07
17580.0,1.2119611559616742e-11,4.904317956526493e-09,1.6565577861831878e-07
17640.0,1.2128423022047385e-11,4.903961092638802e-09,1.6567151030294308e-07
17700.0,1.213724730057483e-11,4.903603995112685e-09,1.65686962266727e-07
17760.0,1.2146084423172067e-11,4.903246663625142e-09,1.657021394533537e-07
17820.0,1.2154934417893542e-11,4.9028890978524864e-09,1.6571704671908852e-07
17880.0,1.2163797312875431e-11,4.9025312974703514e-09,1.6573168883432475e-07
17940.0,1.2172673136335962e-11,4.902173262153683e-09,1.657460704851018e-07
18000.0,1.2181561916575698e-11,4.9018149915767425e-09,1.657601962745969e-07
18060.0,1.2190463681977854e-11,4.901456485413097e-09,1.6577407072459013e-07
18120.0,1.2199378461008574e-11,4.901097743335625e-09,1.6578769827690356e-07
18180.0,1.2208306282217259e-11,4.900738765016511e-09,1.6580108329481535e-07
18240.0,1.2217247174236857e-11,4.900379550127241e-09,1.6581423006444816e-07
18300.0,1.2226201165784169e-11,4.90002009833861e-09,1.6582714279613355e-07
18360.0,1.2235168285660165e-11,4.899660409320705e-09,1.6583982562575206e-07
18420.0,1.2244148562750296e-11,4.89930048274292e-09,1.6585228261604967e-07
18480.0,1.225314202602478e-11,4.898940318273939e-09,1.6586451775793088e-07
18540.0,1.2262148704538933e-11,4.898579915581743e-09,1.6587653497172888e-07
18600.0,1.2271168627433481e-11,4.898219274333606e-09,1.6588833810845361e-07
18660.0,1.2280201823934872e-11,4.897858394196091e-09,1.6589993095101723e-07
18720.0,1.2289248323355583e-11,4.897497274835051e-09,1.659113172154384e-07
18780.0,1.229830815509445e-11,4.897135915915624e-09,1.6592250055202488e-07
18840.0,1.2307381348636969e-11,4.8967743171022304e-09,1.6593348454653548e-07
18900.0,1.2316467933555649e-11,4.896412478058578e-09,1.6594427272132148e-07
18960.0,1.2325567939510274e-11,4.89605039844765e-09,1.659548685364476e-07
19020.0,1.2334681396248294e-11,4.89568807793171e-09,1.659652753907934e-07
19080.0,1.23438083336051e-11,4.895325516172296e-09,1.6597549662313517e-07
19140.0,1.2352948781504373e-11,4.894962712830222e-09,1.6598553551320852e-07
19200.0,1.2362102769958397e-11,4.894599667565573e-09,1.6599539528275244e-07
19260.0,1.2371270329068398e-11,4.894236380037702e-09,1.6600507909653463e-07
19320.0,1.2380451489024863e-11,4.893872849905232e-09,1.6601459006335898e-07
19380.0,1.238964628010789e-11,4.893509076826051e-09,1.6602393123705492e-07
19440.0,1.2398854732687493e-11,4.893145060457308e-09,1.660331056174497e-07
19500.0,1.2408076877223957e-11,4.892780800455415e-09,1.660421161513229e-07
19560.0,1.241731274426817e-11,4.892416296476045e-09,1.6605096573334473e-07
19620.0,1.2426562364461956e-11,4.892051548174124e-09,1.660596572069971e-07
19680.0,1.2435825768538414e-11,4.891686555203835e-09,1.6606819336547885e-07
19740.0,1.2445102987322252e-11,4.8913213172186136e-09,1.6607657695259486e-07
19800.0,1.2454394051730151e-11,4.890955833871146e-09,1.6608481066362932e-07
19860.0,1.246369899277108e-11,4.8905901048133654e-09,1.660928971462036e-07
19920.0,1.2473017841546657e-11,4.890224129696451e-09,1.661008390011192e-07
19980.0,1.2482350629251493e-11,4.8898579081708285e-09,1.661086387831854e-07
20040.0,1.2491697387173535e-11,4.889491439886163e-09,1.6611629900203248e-07
20100.0,1.2501058146694417e-11,4.889124724491359e-09,1.6612382212291065e-07
20160.0,1.2510432939289824e-11,4.888757761634559e-09,1.661312105674747e-07
20220.0,1.2519821796529824e-11,4.8883905509631386e-09,1.6613846671455472e-07
20280.0,1.2529224750079224e-11,4.88802309212371e-09,1.661455929009135e-07
20340.0,1.2538641831697948e-11,4.887655384762112e-09,1.661525914219901e-07
20400.0,1.2548073073241364e-11,4.8872874285234134e-09,1.6615946453263082e-07
20460.0,1.2557518506660674e-11,4.886919223051909e-09,1.6616621444780664e-07
20520.0,1.2566978164003239e-11,4.886550767991117e-09,1.6617284334331834e-07
20580.0,1.2576452077412973e-11,4.886182062983778e-09,1.6617935335648923e-07
20640.0,1.2585940279130691e-11,4.8858131076718486e-09,1.6618574658684527e-07
20700.0,1.2595442801494478e-11,4.8854439016965065e-09,1.661920250967835e-07
20760.0,1.2604959676940049e-11,4.8850744446981405e-09,1.6619819091222854e-07
20820.0,1.2614490938001136e-11,4.8847047363163545e-09,1.6620424602327738e-07
20880.0,1.2624036617309832e-11,4.884334776189959e-09,1.6621019238483297e-07
20940.0,1.263359674759699e-11,4.883964563956977e-09,1.6621603191722635e-07
21000.0,1.2643171361692579e-11,4.883594099254631e-09,1.6622176650682806e-07
21060.0,1.2652760492526058e-11,4.883223381719348e-09,1.6622739800664853e-07
21120.0,1.2662364173126774e-11,4.882852410986759e-09,1.6623292823692793e-07
21180.0,1.267198243662431e-11,4.8824811866916895e-09,1.6623835898571565e-07
21240.0,1.2681615316248899e-11,4.882109708468164e-09,1.6624369200943937e-07
21300.0,1.2691262845331778e-11,4.881737975949396e-09,1.662489290334642e-07
21360.0,1.2700925057305586e-11,4.881365988767792e-09,1.66254071752642e-07
21420.0,1.2710601985704748e-11,4.8809937465549496e-09,1.662591218318508e-07
21480.0,1.2720293664165861e-11,4.88062124894165e-09,1.662640809065247e-07
21540.0,1.2730000126428084e-11,4.880248495557857e-09,1.6626895058317464e-07
21600.0,1.2739721406333536e-11,4.879875486032718e-09,1.6627373243989968e-07
21660.0,1.274945753782767e-11,4.879502219994561e-09,1.6627842802688937e-07
21720.0,1.275920855495969e-11,4.879128697070887e-09,1.6628303886691727e-07
21780.0,1.2768974491882931e-11,4.878754916888372e-09,1.6628756645582554e-07
21840.0,1.277875538285527e-11,4.878380879072864e-09,1.6629201226300138e-07
21900.0,1.2788551262239514e-11,4.8780065832493795e-09,1.6629637773184455e-07
21960.0,1.2798362164503816e-11,4.877632029042103e-09,1.6630066428022698e-07
22020.0,1.2808188124222065e-11,4.8772572160743805e-09,1.6630487330094403e-07
22080.0,1.2818029176074294e-11,4.876882143968723e-09,1.663090061621579e-07
22140.0,1.2827885354847099e-11,4.876506812346798e-09,1.6631306420783333e-07
22200.0,1.283775669543404e-11,4.876131220829429e-09,1.6631704875816514e-07
22260.0,1.2847643232836049e-11,4.875755369036597e-09,1.6632096110999876e-07
22320.0,1.2857545002161847e-11,4.875379256587432e-09,1.6632480253724285e-07
22380.0,1.2867462038628364e-11,4.875002883100214e-09,1.6632857429127507e-07
22440.0,1.2877394377561152e-11,4.874626248192367e-09,1.6633227760134036e-07
22500.0,1.2887342054394795e-11,4.874249351480462e-09,1.6633591367494207e-07
22560.0,1.2897305104673346e-11,4.873872192580209e-09,1.6633948369822673e-07
22620.0,1.2907283564050748e-11,4.873494771106458e-09,1.6634298883636137e-07
22680.0,1.2917277468291237e-11,4.873117086673193e-09,1.663464302339046e-07
22740.0,1.2927286853269806e-11,4.872739138893535e-09,1.6634980901517086e-07
22800.0,1.2937311754972595e-11,4.872360927379733e-09,1.6635312628458853e-07
22860.0,1.2947352209497351e-11,4.8719824517431664e-09,1.6635638312705137e-07
22920.0,1.2957408253053842e-11,4.8716037115943375e-09,1.66359580608264e-07
22980.0,1.2967479921964305e-11,4.871224706542873e-09,1.6636271977508105e-07
23040.0,1.2977567252663883e-11,4.870845436197519e-09,1.6636580165584063e-07
23100.0,1.2987670281701039e-11,4.870465900166141e-09,1.6636882726069163e-07
23160.0,1.2997789045738036e-11,4.870086098055719e-09,1.663717975819152e-07
23220.0,1.3007923581551356e-11,4.869706029472343e-09,1.6637471359424086e-07
23280.0,1.3018073926032138e-11,4.869325694021215e-09,1.6637757625515666e-07
23340.0,1.3028240116186659e-11,4.868945091306643e-09,1.6638038650521416e-07
23400.0,1.3038422189136737e-11,4.868564220932038e-09,1.6638314526832774e-07
23460.0,1.3048620182120227e-11,4.868183082499915e-09,1.6638585345206888e-07
23520.0,1.3058834132491433e-11,4.8678016756118856e-09,1.6638851194795499e-07
23580.0,1.3069064077721607e-11,4.8674199998686575e-09,1.6639112163173333e-07
23640.0,1.307931005539936e-11,4.867038054870031e-09,1.6639368336365985e-07
23700.0,1.3089572103231167e-11,4.8666558402148985e-09,1.6639619798877293e-07
23760.0,1.3099850259041794e-11,4.866273355501239e-09,1.6639866633716272e-07
23820.0,1.3110144560774793e-11,4.865890600326115e-09,1.6640108922423513e-07
23880.0,1.3120455046492935e-11,4.865507574285674e-09,1.6640346745097163e-07
23940.0,1.3130781754378705e-11,4.865124276975141e-09,1.664058018041842e-07
24000.0,1.3141124722734758e-11,4.864740707988816e-09,1.6640809305676596e-07
24060.0,1.3151483989984402e-11,4.864356866920075e-09,1.6641034196793704e-07
24120.0,1.3161859594672062e-11,4.863972753361363e-09,1.6641254928348655e-07
24180.0,1.3172251575463775e-11,4.863588366904193e-09,1.6641471573600995e-07
24240.0,1.3182659971147653e-11,4.8632037071391434e-09,1.6641684204514229e-07
24300.0,1.3193084820634373e-11,4.862818773655855e-09,1.6641892891778734e-07
24360.0,1.3203526162957657e-11,4.862433566043025e-09,1.664209770483428e-07
24420.0,1.3213984037274763e-11,4.8620480838884105e-09,1.6642298711892122e-07
24480.0,1.322445848286697e-11,4.8616623267788216e-09,1.6642495979956738e-07
24540.0,1.323494953914008e-11,4.861276294300116e-09,1.6642689574847156e-07
24600.0,1.324545724562489e-11,4.860889986037202e-09,1.6642879561217912e-07
24660.0,1.3255981641977718e-11,4.86050340157403e-09,1.6643066002579636e-07
24720.0,1.326652276798087e-11,4.860116540493593e-09,1.6643248961319287e-07
24780.0,1.327708066354316e-11,4.859729402377923e-09,1.664342849872001e-07
24840.0,1.3287655368700412e-11,4.859341986808088e-09,1.6643604674980649e-07
24900.0,1.329824692361596e-11,4.858954293364185e-09,1.6643777549234918e-07
24960.0,1.3308855368581154e-11,4.8585663216253465e-09,1.6643947179570247e-07
25020.0,1.3319480744015883e-11,4.8581780711697274e-09,1.6643949691770816e-07
25080.0,1.333012309046907e-11,4.857789541574507e-09,1.6643952207456332e-07
25140.0,1.3340782448619206e-11,4.857400732415887e-09,1.6643954726640877e-07
25200.0,1.3351458859274853e-11,4.857011643269082e-09,1.6643957249338476e-07
25260.0,1.3362152363375163e-11,4.856622273708327e-09,1.6643959775563078e-07
25320.0,1.337286300199042e-11,4.856232623306863e-09,1.6643962305328574e-07
25380.0,1.3383590816322548e-11,4.855842691636943e-09,1.6643964838648787e-07
25440.0,1.3394335847705639e-11,4.855452478269823e-09,1.6643967375537488e-07
25500.0,1.3405098137606495e-11,4.855061982775764e-09,1.6643969916008377e-07
25560.0,1.3415877727625146e-11,4.8546712047240216e-09,1.664397246007511e-07
25620.0,1.3426674659495394e-11,4.8542801436828506e-09,1.6643975007751277e-07
25680.0,1.3437488975085356e-11,4.8538887992194965e-09,1.6643977559050415e-07
25740.0,1.3448320716397994e-11,4.853497170900193e-09,1.6643980113986017e-07
25800.0,1.3459169925571665e-11,4.853105258290165e-09,1.6643982672571515e-07
25860.0,1.3470036644880657e-11,4.852713060953616e-09,1.6643985234820293e-07
25920.0,1.3480920916735757e-11,4.8523205784537316e-09,1.6643987800745694e-07
25980.0,1.3491822783684784e-11,4.851927810352673e-09,1.6643990370361004e-07
26040.0,1.3502742288413151e-11,4.851534756211574e-09,1.6643992943679473e-07
26100.0,1.3513679473744416e-11,4.851141415590541e-09,1.6643995520714304e-07
26160.0,1.3524634382640848e-11,4.850747788048647e-09,1.6643998101478653e-07
26220.0,1.353560705820399e-11,4.850353873143926e-09,1.6644000685985644e-07
26280.0,1.3546597543675212e-11,4.849959670433376e-09,1.6644003274248352e-07
26340.0,1.3557605882436284e-11,4.849565179472949e-09,1.664400586627982e-07
26400.0,1.356863211800996e-11,4.849170399817553e-09,1.6644008462093054e-07
26460.0,1.3579676294060529e-11,4.848775331021045e-09,1.6644011061701017e-07
26520.0,1.3590738454394405e-11,4.848379972636232e-09,1.664401366511665e-07
26580.0,1.3601818642960703e-11,4.847984324214861e-09,1.6644016272352846e-07
26640.0,1.3612916903851813e-11,4.847588385307621e-09,1.664401888342248e-07
26700.0,1.3624033281303993e-11,4.8471921554641404e-09,1.6644021498338387e-07
26760.0,1.3635167819697957e-11,4.846795634232978e-09,1.6644024117113374e-07
26820.0,1.3646320563559458e-11,4.846398821161623e-09,1.6644026739760226e-07
26880.0,1.3657491557559885e-11,4.846001715796495e-09,1.664402936629169e-07
26940.0,1.3668680846516855e-11,4.845604317682933e-09,1.6644031996720495e-07
27000.0,1.367988847539482e-11,4.845206626365199e-09,1.6644034631059341e-07
27060.0,1.3691114489305659e-11,4.8448086413864714e-09,1.6644037269320906e-07
27120.0,1.3702358933509285e-11,4.84441036228884e-09,1.6644039911517847e-07
27180.0,1.3713621853414261e-11,4.844011788613305e-09,1.6644042557662796e-07
27240.0,1.37249032945784e-11,4.843612919899774e-09,1.6644045207768364e-07
27300.0,1.3736203302709385e-11,4.843213755687053e-09,1.6644047861847142e-07
27360.0,1.3747521923665376e-11,4.842814295512855e-09,1.6644050519911707e-07
27420.0,1.3758859203455647e-11,4.842414538913781e-09,1.6644053181974615e-07
27480.0,1.37702151882412e-11,4.8420144854253275e-09,1.6644055848048406e-07
27540.0,1.3781589924335379e-11,4.841614134581879e-09,1.66440585181456e-07
27600.0,1.3792983458204515e-11,4.841213485916706e-09,1.664406119227871e-07
27660.0,1.3804395836468556e-11,4.840812538961958e-09,1.664406387046023e-07
27720.0,1.381582710590169e-11,4.8404112932486646e-09,1.6644066552702644e-07
27780.0,1.3827277313433004e-11,4.840009748306728e-09,1.6644069239018421e-07
27840.0,1.3838746506147105e-11,4.839607903664921e-09,1.6644071929420023e-07
27900.0,1.3850234731284778e-11,4.839205758850883e-09,1.6644074623919896e-07
27960.0,1.3861742036243623e-11,4.8388033133911174e-09,1.6644077322530483e-07
28020.0,1.3873268468578718e-11,4.838400566810986e-09,1.6644080025264215e-07
28080.0,1.3884814076003263e-11,4.837997518634708e-09,1.6644082732133517e-07
28140.0,1.3896378906389248e-11,4.837594168385353e-09,1.6644085443150807e-07
28200.0,1.390796300776811e-11,4.83719051558484e-09,1.6644088158328496e-07
28260.0,1.3919566428331387e-11,4.8367865597539305e-09,1.664409087767899e-07
28320.0,1.3931189216431402e-11,4.836382300412231e-09,1.6644093601214694e-07
28380.0,1.394283142058192e-11,4.8359777370781805e-09,1.6644096328948005e-07
28440.0,1.395449308945883e-11,4.835572869269054e-09,1.6644099060891318e-07
28500.0,1.3966174271900823e-11,4.8351676965009545e-09,1.6644101797057036e-07
28560.0,1.3977875016910069e-11,4.834762218288811e-09,1.6644104537457542e-07
28620.0,1.3989595373652914e-11,4.834356434146377e-09,1.6644107282105235e-07
28680.0,1.4001335391460533e-11,4.83395034358622e-09,1.664411003101251e-07
28740.0,1.4013095119829671e-11,4.833543946119723e-09,1.664411278419176e-07
28800.0,1.4024874608423297e-11,4.833137241257079e-09,1.664411554165538e-07
